2023-10-04 23:25:58.945619: I tensorflow/core/util/port.cc:110] oneDNN custom operations are on. You may see slightly different numerical results due to floating-point round-off errors from different computation orders. To turn them off, set the environment variable `TF_ENABLE_ONEDNN_OPTS=0`.
2023-10-04 23:25:59.265248: I tensorflow/core/platform/cpu_feature_guard.cc:182] This TensorFlow binary is optimized to use available CPU instructions in performance-critical operations.
To enable the following instructions: AVX2 AVX_VNNI FMA, in other operations, rebuild TensorFlow with the appropriate compiler flags.
2023-10-04 23:26:00.760492: W tensorflow/compiler/tf2tensorrt/utils/py_utils.cc:38] TF-TRT Warning: Could not find TensorRT
2023-10-04 23:26:05.006919: I tensorflow/compiler/xla/stream_executor/cuda/cuda_gpu_executor.cc:996] successful NUMA node read from SysFS had negative value (-1), but there must be at least one NUMA node, so returning NUMA node zero. See more at https://github.com/torvalds/linux/blob/v6.0/Documentation/ABI/testing/sysfs-bus-pci#L344-L355
2023-10-04 23:26:05.024363: I tensorflow/compiler/xla/stream_executor/cuda/cuda_gpu_executor.cc:996] successful NUMA node read from SysFS had negative value (-1), but there must be at least one NUMA node, so returning NUMA node zero. See more at https://github.com/torvalds/linux/blob/v6.0/Documentation/ABI/testing/sysfs-bus-pci#L344-L355
2023-10-04 23:26:05.024480: I tensorflow/compiler/xla/stream_executor/cuda/cuda_gpu_executor.cc:996] successful NUMA node read from SysFS had negative value (-1), but there must be at least one NUMA node, so returning NUMA node zero. See more at https://github.com/torvalds/linux/blob/v6.0/Documentation/ABI/testing/sysfs-bus-pci#L344-L355
WARNING:tensorflow:From /home/b218/Disk_b218/Code_ds/Temp7/AdvAttackandDefense/Certification_scripts/run_certification_under_attack.py:24: experimental_run_functions_eagerly (from tensorflow.python.eager.polymorphic_function.quarantine) is deprecated and will be removed in a future version.
Instructions for updating:
Use `tf.config.run_functions_eagerly` instead of the experimental version.
2023-10-04 23:26:17.813862: I tensorflow/compiler/xla/stream_executor/cuda/cuda_gpu_executor.cc:996] successful NUMA node read from SysFS had negative value (-1), but there must be at least one NUMA node, so returning NUMA node zero. See more at https://github.com/torvalds/linux/blob/v6.0/Documentation/ABI/testing/sysfs-bus-pci#L344-L355
2023-10-04 23:26:17.814083: I tensorflow/compiler/xla/stream_executor/cuda/cuda_gpu_executor.cc:996] successful NUMA node read from SysFS had negative value (-1), but there must be at least one NUMA node, so returning NUMA node zero. See more at https://github.com/torvalds/linux/blob/v6.0/Documentation/ABI/testing/sysfs-bus-pci#L344-L355
2023-10-04 23:26:17.814141: I tensorflow/compiler/xla/stream_executor/cuda/cuda_gpu_executor.cc:996] successful NUMA node read from SysFS had negative value (-1), but there must be at least one NUMA node, so returning NUMA node zero. See more at https://github.com/torvalds/linux/blob/v6.0/Documentation/ABI/testing/sysfs-bus-pci#L344-L355
2023-10-04 23:26:19.948932: I tensorflow/compiler/xla/stream_executor/cuda/cuda_gpu_executor.cc:996] successful NUMA node read from SysFS had negative value (-1), but there must be at least one NUMA node, so returning NUMA node zero. See more at https://github.com/torvalds/linux/blob/v6.0/Documentation/ABI/testing/sysfs-bus-pci#L344-L355
2023-10-04 23:26:19.962590: I tensorflow/compiler/xla/stream_executor/cuda/cuda_gpu_executor.cc:996] successful NUMA node read from SysFS had negative value (-1), but there must be at least one NUMA node, so returning NUMA node zero. See more at https://github.com/torvalds/linux/blob/v6.0/Documentation/ABI/testing/sysfs-bus-pci#L344-L355
2023-10-04 23:26:19.962706: I tensorflow/compiler/xla/stream_executor/cuda/cuda_gpu_executor.cc:996] successful NUMA node read from SysFS had negative value (-1), but there must be at least one NUMA node, so returning NUMA node zero. See more at https://github.com/torvalds/linux/blob/v6.0/Documentation/ABI/testing/sysfs-bus-pci#L344-L355
2023-10-04 23:26:19.962771: I tensorflow/core/common_runtime/gpu/gpu_device.cc:1635] Created device /job:localhost/replica:0/task:0/device:GPU:0 with 9991 MB memory:  -> device: 0, name: NVIDIA GeForce RTX 3060, pci bus id: 0000:01:00.0, compute capability: 8.6
2023-10-04 23:26:21.214549: I tensorflow/core/common_runtime/executor.cc:1197] [/device:CPU:0] (DEBUG INFO) Executor start aborting (this does not indicate an error and you can ignore this message): INVALID_ARGUMENT: You must feed a value for placeholder tensor 'Placeholder/_1' with dtype float and shape [442,276]
	 [[{{node Placeholder/_1}}]]
2023-10-04 23:26:21.847684: E tensorflow/compiler/xla/stream_executor/cuda/cuda_dnn.cc:417] Loaded runtime CuDNN library: 8.5.0 but source was compiled with: 8.6.0.  CuDNN library needs to have matching major version and equal or higher minor version. If using a binary install, upgrade your CuDNN library.  If building from sources, make sure the library loaded at runtime is compatible with the version specified during compile configuration.
2023-10-04 23:26:21.848953: W tensorflow/core/framework/op_kernel.cc:1830] OP_REQUIRES failed at conv_ops.cc:1068 : UNIMPLEMENTED: DNN library is not found.
Loading data................
Testing model:  SavedModel/Adversarial_robust_model/random_smooth/robust_adv_training_noise_psr_0.5_std_1_defult_lab_276.h5
Traceback (most recent call last):
  File "/home/b218/Disk_b218/Code_ds/Temp7/AdvAttackandDefense/Certification_scripts/run_certification_under_attack.py", line 75, in <module>
    delta = atk_fgsm(data,label,model,attack_psr)
  File "/home/b218/Disk_b218/Code_ds/Temp7/AdvAttackandDefense/core_fn/attacks.py", line 54, in atk_fgsm
    grad = compute_gradient(model_fn=model, loss_fn=loss_object, x=x, y=y, targeted=targeted)
  File "/home/b218/Disk_b218/anaconda3/lib/python3.9/site-packages/tensorflow/python/util/traceback_utils.py", line 153, in error_handler
    raise e.with_traceback(filtered_tb) from None
  File "/home/b218/Disk_b218/Code_ds/Temp7/AdvAttackandDefense/core_fn/attacks.py", line 28, in compute_gradient
    loss = loss_fn(y, model_fn(x))
  File "/home/b218/Disk_b218/anaconda3/lib/python3.9/site-packages/keras/utils/traceback_utils.py", line 70, in error_handler
    raise e.with_traceback(filtered_tb) from None
tensorflow.python.framework.errors_impl.UnimplementedError: Exception encountered when calling layer 'Conv_1' (type Conv2D).

{{function_node __wrapped__Conv2D_device_/job:localhost/replica:0/task:0/device:GPU:0}} DNN library is not found. [Op:Conv2D]

Call arguments received by layer 'Conv_1' (type Conv2D):
  • inputs=tf.Tensor(shape=(1, 200, 60, 3), dtype=float32)
2023-10-04 23:26:59.324313: I tensorflow/core/platform/cpu_feature_guard.cc:193] This TensorFlow binary is optimized with oneAPI Deep Neural Network Library (oneDNN) to use the following CPU instructions in performance-critical operations:  AVX2 AVX_VNNI FMA
To enable them in other operations, rebuild TensorFlow with the appropriate compiler flags.
2023-10-04 23:26:59.385932: I tensorflow/core/util/util.cc:169] oneDNN custom operations are on. You may see slightly different numerical results due to floating-point round-off errors from different computation orders. To turn them off, set the environment variable `TF_ENABLE_ONEDNN_OPTS=0`.
2023-10-04 23:26:59.417874: E tensorflow/stream_executor/cuda/cuda_blas.cc:2981] Unable to register cuBLAS factory: Attempting to register factory for plugin cuBLAS when one has already been registered
2023-10-04 23:26:59.730219: W tensorflow/stream_executor/platform/default/dso_loader.cc:64] Could not load dynamic library 'libnvinfer.so.7'; dlerror: libnvinfer.so.7: cannot open shared object file: No such file or directory; LD_LIBRARY_PATH: /usr/lib/cuda/lib64:/usr/lib/cuda/lib64::/usr/local/cuda/lib64:/usr/local/cuda/extras/CUPTI/lib64
2023-10-04 23:26:59.730271: W tensorflow/stream_executor/platform/default/dso_loader.cc:64] Could not load dynamic library 'libnvinfer_plugin.so.7'; dlerror: libnvinfer_plugin.so.7: cannot open shared object file: No such file or directory; LD_LIBRARY_PATH: /usr/lib/cuda/lib64:/usr/lib/cuda/lib64::/usr/local/cuda/lib64:/usr/local/cuda/extras/CUPTI/lib64
2023-10-04 23:26:59.730281: W tensorflow/compiler/tf2tensorrt/utils/py_utils.cc:38] TF-TRT Warning: Cannot dlopen some TensorRT libraries. If you would like to use Nvidia GPU with TensorRT, please make sure the missing libraries mentioned above are installed properly.
2023-10-04 23:27:00.362617: I tensorflow/stream_executor/cuda/cuda_gpu_executor.cc:980] successful NUMA node read from SysFS had negative value (-1), but there must be at least one NUMA node, so returning NUMA node zero
2023-10-04 23:27:00.380324: I tensorflow/stream_executor/cuda/cuda_gpu_executor.cc:980] successful NUMA node read from SysFS had negative value (-1), but there must be at least one NUMA node, so returning NUMA node zero
2023-10-04 23:27:00.380456: I tensorflow/stream_executor/cuda/cuda_gpu_executor.cc:980] successful NUMA node read from SysFS had negative value (-1), but there must be at least one NUMA node, so returning NUMA node zero
WARNING:tensorflow:From /home/b218/Disk_b218/Code_ds/Temp7/AdvAttackandDefense/Certification_scripts/run_certification_under_attack.py:24: experimental_run_functions_eagerly (from tensorflow.python.eager.def_function) is deprecated and will be removed in a future version.
Instructions for updating:
Use `tf.config.run_functions_eagerly` instead of the experimental version.
2023-10-04 23:27:12.970504: I tensorflow/core/platform/cpu_feature_guard.cc:193] This TensorFlow binary is optimized with oneAPI Deep Neural Network Library (oneDNN) to use the following CPU instructions in performance-critical operations:  AVX2 AVX_VNNI FMA
To enable them in other operations, rebuild TensorFlow with the appropriate compiler flags.
2023-10-04 23:27:12.972200: I tensorflow/stream_executor/cuda/cuda_gpu_executor.cc:980] successful NUMA node read from SysFS had negative value (-1), but there must be at least one NUMA node, so returning NUMA node zero
2023-10-04 23:27:12.972401: I tensorflow/stream_executor/cuda/cuda_gpu_executor.cc:980] successful NUMA node read from SysFS had negative value (-1), but there must be at least one NUMA node, so returning NUMA node zero
2023-10-04 23:27:12.972465: I tensorflow/stream_executor/cuda/cuda_gpu_executor.cc:980] successful NUMA node read from SysFS had negative value (-1), but there must be at least one NUMA node, so returning NUMA node zero
2023-10-04 23:27:13.242207: I tensorflow/stream_executor/cuda/cuda_gpu_executor.cc:980] successful NUMA node read from SysFS had negative value (-1), but there must be at least one NUMA node, so returning NUMA node zero
2023-10-04 23:27:13.242401: I tensorflow/stream_executor/cuda/cuda_gpu_executor.cc:980] successful NUMA node read from SysFS had negative value (-1), but there must be at least one NUMA node, so returning NUMA node zero
2023-10-04 23:27:13.242464: I tensorflow/stream_executor/cuda/cuda_gpu_executor.cc:980] successful NUMA node read from SysFS had negative value (-1), but there must be at least one NUMA node, so returning NUMA node zero
2023-10-04 23:27:13.242522: I tensorflow/core/common_runtime/gpu/gpu_device.cc:1616] Created device /job:localhost/replica:0/task:0/device:GPU:0 with 10027 MB memory:  -> device: 0, name: NVIDIA GeForce RTX 3060, pci bus id: 0000:01:00.0, compute capability: 8.6
2023-10-04 23:27:14.354480: I tensorflow/stream_executor/cuda/cuda_dnn.cc:384] Loaded cuDNN version 8500
2023-10-04 23:27:14.643972: I tensorflow/stream_executor/cuda/cuda_blas.cc:1614] TensorFloat-32 will be used for the matrix multiplication. This will only be logged once.
Loading data................
Testing model:  SavedModel/Adversarial_robust_model/random_smooth/robust_adv_training_noise_psr_0.5_std_1_defult_lab_276.h5
[91mprediction: -1, radius: 0.0000, PSR: 0.0 y: 90[0m
prediction: 174, radius: 0.4092, PSR: 5.872438721235811e-05 y: 174
prediction: 5, radius: 0.5531, PSR: 7.873594866013054e-05 y: 5
prediction: 27, radius: 0.6397, PSR: 0.00010883821719928245 y: 27
prediction: 89, radius: 0.0233, PSR: 2.0702669327528144e-07 y: 89
prediction: 20, radius: 0.6397, PSR: 0.00010430326375776644 y: 39
prediction: 131, radius: 0.4348, PSR: 6.31008499203601e-05 y: 131
prediction: 73, radius: 0.3727, PSR: 4.833830541221561e-05 y: 73
prediction: 119, radius: 0.3635, PSR: 5.504743565469032e-05 y: 119
prediction: 227, radius: 0.3404, PSR: 5.006340379480322e-05 y: 227
prediction: 33, radius: 0.0335, PSR: 3.090795681834396e-07 y: 15
prediction: 87, radius: 0.3915, PSR: 5.252394104599821e-05 y: 87
prediction: 223, radius: 0.2809, PSR: 2.873953640028282e-05 y: 223
prediction: 59, radius: 0.5138, PSR: 0.00010417945480679622 y: 59
prediction: 255, radius: 0.4917, PSR: 0.0001245578094629514 y: 255
prediction: 20, radius: 0.6397, PSR: 9.835388239184388e-05 y: 39
prediction: 91, radius: 0.6397, PSR: 0.00023295688926584375 y: 91
prediction: 36, radius: 0.2849, PSR: 1.9558045174292195e-05 y: 36
prediction: 72, radius: 0.2538, PSR: 2.838684463679802e-05 y: 72
prediction: 47, radius: 0.2950, PSR: 3.8898540589762244e-05 y: 47
prediction: 117, radius: 0.5678, PSR: 8.807924918197739e-05 y: 117
prediction: 164, radius: 0.6397, PSR: 0.00013736202235401548 y: 164
prediction: 163, radius: 0.5388, PSR: 9.049430162389107e-05 y: 163
prediction: 102, radius: 0.3772, PSR: 6.404060428965808e-05 y: 102
prediction: 166, radius: 0.3379, PSR: 3.3375518317168595e-05 y: 166
prediction: 252, radius: 0.4262, PSR: 5.405486773164907e-05 y: 252
prediction: 34, radius: 0.4672, PSR: 4.971526282460453e-05 y: 34
prediction: 201, radius: 0.3406, PSR: 2.8681964133401068e-05 y: 201
prediction: 132, radius: 0.4307, PSR: 5.345564007171453e-05 y: 132
prediction: 251, radius: 0.4719, PSR: 6.700612358148238e-05 y: 251
prediction: 68, radius: 0.4509, PSR: 7.4379282198857e-05 y: 68
prediction: 155, radius: 0.5315, PSR: 8.813328028666277e-05 y: 155
prediction: 238, radius: 0.3965, PSR: 6.383604592878296e-05 y: 238
prediction: 230, radius: 0.6020, PSR: 0.00012405644720437885 y: 230
prediction: 92, radius: 0.2964, PSR: 3.904169476557868e-05 y: 92
prediction: 179, radius: 0.6397, PSR: 0.00018584718061689142 y: 179
prediction: 131, radius: 0.0643, PSR: 2.1340156699811007e-06 y: 131
prediction: 253, radius: 0.6397, PSR: 0.00011496474457603035 y: 253
prediction: 182, radius: 0.4373, PSR: 7.5653235062102e-05 y: 182
prediction: 167, radius: 0.6397, PSR: 0.00015373989140093192 y: 167
[91mprediction: -1, radius: 0.0000, PSR: 0.0 y: 32[0m
prediction: 217, radius: 0.2767, PSR: 2.0550977326186514e-05 y: 217
prediction: 222, radius: 0.3953, PSR: 6.914029018560389e-05 y: 222
prediction: 91, radius: 0.6397, PSR: 0.0001759119535155944 y: 91
prediction: 62, radius: 0.4555, PSR: 7.477689097995083e-05 y: 62
prediction: 171, radius: 0.4719, PSR: 5.5490896965609953e-05 y: 171
prediction: 69, radius: 0.4710, PSR: 5.511793411507206e-05 y: 69
prediction: 251, radius: 0.3730, PSR: 4.186846036804692e-05 y: 251
prediction: 196, radius: 0.2610, PSR: 2.2564695812380213e-05 y: 196
prediction: 232, radius: 0.4620, PSR: 7.244248617871488e-05 y: 232
prediction: 150, radius: 0.5026, PSR: 9.419506138368315e-05 y: 150
prediction: 143, radius: 0.5230, PSR: 0.00011973756680770178 y: 143
[91mprediction: -1, radius: 0.0000, PSR: 0.0 y: 270[0m
prediction: 220, radius: 0.3953, PSR: 4.1853635252414705e-05 y: 220
prediction: 258, radius: 0.6228, PSR: 0.00016835430560852282 y: 258
prediction: 274, radius: 0.2265, PSR: 2.1198388199978117e-05 y: 274
prediction: 74, radius: 0.4892, PSR: 7.657379899261183e-05 y: 74
[91mprediction: -1, radius: 0.0000, PSR: 0.0 y: 263[0m
prediction: 167, radius: 0.6397, PSR: 0.00012654850747763777 y: 167
prediction: 155, radius: 0.5120, PSR: 9.124606236367827e-05 y: 155
prediction: 64, radius: 0.2622, PSR: 2.3248058619248753e-05 y: 64
prediction: 137, radius: 0.5120, PSR: 0.00011984267541645885 y: 137
prediction: 81, radius: 0.3835, PSR: 6.212916782107175e-05 y: 81
prediction: 177, radius: 0.5531, PSR: 0.00010121442581331162 y: 177
prediction: 202, radius: 0.5011, PSR: 7.206530604510378e-05 y: 202
prediction: 264, radius: 0.3475, PSR: 5.1100101920872955e-05 y: 264
prediction: 123, radius: 0.3033, PSR: 3.72675347725328e-05 y: 123
prediction: 100, radius: 0.5026, PSR: 7.745518374489463e-05 y: 100
prediction: 44, radius: 0.5769, PSR: 0.0001236687709348146 y: 44
prediction: 62, radius: 0.3688, PSR: 5.356047868664526e-05 y: 62
prediction: 196, radius: 0.4229, PSR: 5.649093622460202e-05 y: 196
prediction: 214, radius: 0.4655, PSR: 5.64166466525546e-05 y: 214
prediction: 4, radius: 0.5944, PSR: 8.244440508810862e-05 y: 4
prediction: 32, radius: 0.1574, PSR: 8.159143094468047e-06 y: 32
prediction: 12, radius: 0.5192, PSR: 6.476501339299348e-05 y: 12
prediction: 264, radius: 0.4459, PSR: 8.57047862542775e-05 y: 264
prediction: 189, radius: 0.4880, PSR: 9.785941072685732e-05 y: 189
prediction: 170, radius: 0.3284, PSR: 2.9896239575159478e-05 y: 170
prediction: 236, radius: 0.2346, PSR: 1.5238510909965209e-05 y: 236
prediction: 13, radius: 0.3911, PSR: 3.385789622668374e-05 y: 13
prediction: 195, radius: 0.5769, PSR: 0.00011093351304794685 y: 195
prediction: 139, radius: 0.1952, PSR: 1.7904793620118105e-05 y: 139
prediction: 132, radius: 0.3715, PSR: 4.2197048378619445e-05 y: 132
prediction: 211, radius: 0.1173, PSR: 5.161188383896198e-06 y: 211
prediction: 53, radius: 0.1711, PSR: 1.3488035623375577e-05 y: 53
prediction: 224, radius: 0.2579, PSR: 2.4085027581313e-05 y: 224
prediction: 56, radius: 0.3492, PSR: 5.9392055213918266e-05 y: 56
prediction: 72, radius: 0.3295, PSR: 4.243245553070344e-05 y: 72
prediction: 81, radius: 0.4043, PSR: 6.778032008015072e-05 y: 81
prediction: 170, radius: 0.3527, PSR: 3.951461840488476e-05 y: 170
prediction: 156, radius: 0.5469, PSR: 0.00010147778198042475 y: 156
prediction: 11, radius: 0.1951, PSR: 9.197052493531652e-06 y: 11
prediction: 197, radius: 0.3284, PSR: 4.177629893127371e-05 y: 197
prediction: 262, radius: 0.3224, PSR: 4.118320158548727e-05 y: 262
prediction: 135, radius: 0.6397, PSR: 0.00016406965882631908 y: 135
prediction: 231, radius: 0.3322, PSR: 3.853372693679109e-05 y: 231
prediction: 3, radius: 0.6397, PSR: 9.3760354081778e-05 y: 3
prediction: 89, radius: 0.1658, PSR: 1.088947095241385e-05 y: 89
prediction: 110, radius: 0.6397, PSR: 0.00010835351821789843 y: 110
prediction: 25, radius: 0.6020, PSR: 0.00010950679645784913 y: 25
prediction: 74, radius: 0.2446, PSR: 2.5528680886184657e-05 y: 74
prediction: 70, radius: 0.2701, PSR: 2.1536994654684936e-05 y: 70
prediction: 194, radius: 0.3953, PSR: 4.637522512693164e-05 y: 194
prediction: 167, radius: 0.6397, PSR: 0.00010830410819243389 y: 167
prediction: 79, radius: 0.4562, PSR: 8.251966659087225e-05 y: 79
[91mprediction: -1, radius: 0.0000, PSR: 0.0 y: 65[0m
prediction: 231, radius: 0.4438, PSR: 6.587958992082852e-05 y: 231
prediction: 230, radius: 0.4739, PSR: 5.6920614416836714e-05 y: 230
prediction: 208, radius: 0.4780, PSR: 8.403983832959666e-05 y: 208
prediction: 254, radius: 0.3139, PSR: 3.722933234584714e-05 y: 254
prediction: 206, radius: 0.4509, PSR: 7.145159697323413e-05 y: 206
prediction: 139, radius: 0.2907, PSR: 2.9923861701851636e-05 y: 139
prediction: 180, radius: 0.5531, PSR: 7.708429374760291e-05 y: 180
prediction: 58, radius: 0.2663, PSR: 3.537727785895873e-05 y: 58
prediction: 84, radius: 0.4620, PSR: 8.620813499241971e-05 y: 84
prediction: 113, radius: 0.4043, PSR: 5.631516260977462e-05 y: 113
prediction: 99, radius: 0.1151, PSR: 5.719730550361587e-06 y: 99
prediction: 89, radius: 0.1029, PSR: 4.469271526439796e-06 y: 89
prediction: 171, radius: 0.2606, PSR: 1.828388289024605e-05 y: 171
prediction: 74, radius: 0.2570, PSR: 2.635894542308606e-05 y: 74
prediction: 18, radius: 0.2472, PSR: 1.4656874870291614e-05 y: 18
prediction: 170, radius: 0.3874, PSR: 4.506972445386438e-05 y: 170
prediction: 115, radius: 0.6112, PSR: 0.00010552044451998948 y: 115
prediction: 117, radius: 0.4386, PSR: 8.048792879644869e-05 y: 117
prediction: 115, radius: 0.5821, PSR: 0.00014952413051292233 y: 115
prediction: 53, radius: 0.3915, PSR: 5.1014388347220995e-05 y: 53
prediction: 132, radius: 0.4868, PSR: 7.29030720550797e-05 y: 132
prediction: 67, radius: 0.3303, PSR: 4.186427311581493e-05 y: 67
prediction: 10, radius: 0.0618, PSR: 1.1196722816922656e-06 y: 10
prediction: 82, radius: 0.6397, PSR: 0.00010934610273275392 y: 82
prediction: 205, radius: 0.4438, PSR: 8.67282770759165e-05 y: 205
prediction: 229, radius: 0.4917, PSR: 9.031489032031605e-05 y: 229
prediction: 51, radius: 0.2405, PSR: 3.07259959323169e-05 y: 51
prediction: 139, radius: 0.2108, PSR: 2.099633900280424e-05 y: 139
prediction: 247, radius: 0.5104, PSR: 6.09216692342651e-05 y: 247
prediction: 209, radius: 0.1330, PSR: 6.366334321960739e-06 y: 209
prediction: 178, radius: 0.6397, PSR: 0.0001221111786380973 y: 178
prediction: 23, radius: 0.5531, PSR: 6.958311729364536e-05 y: 23
prediction: 179, radius: 0.3060, PSR: 3.333358005394786e-05 y: 179
prediction: 275, radius: 0.1106, PSR: 5.2660235985738186e-06 y: 275
prediction: 26, radius: 0.3034, PSR: 2.1355572306990967e-05 y: 26
prediction: 132, radius: 0.3260, PSR: 3.860256620433037e-05 y: 132
prediction: 233, radius: 0.6397, PSR: 0.00010440493370278914 y: 233
[91mprediction: -1, radius: 0.0000, PSR: 0.0 y: 15[0m
prediction: 32, radius: 0.0093, PSR: 2.6668203172950955e-08 y: 32
prediction: 64, radius: 0.2050, PSR: 1.46766556317553e-05 y: 64
prediction: 195, radius: 0.3618, PSR: 5.224653124677072e-05 y: 195
prediction: 110, radius: 0.5944, PSR: 0.00014513351353961565 y: 110
prediction: 165, radius: 0.6228, PSR: 0.00010173742584946415 y: 165
prediction: 42, radius: 0.5293, PSR: 8.612374051008495e-05 y: 42
prediction: 217, radius: 0.5388, PSR: 8.086572734176976e-05 y: 217
prediction: 252, radius: 0.4930, PSR: 8.007771027468507e-05 y: 252
prediction: 21, radius: 0.6112, PSR: 8.538232014735465e-05 y: 21
prediction: 268, radius: 0.6397, PSR: 0.00017636779418474176 y: 268
prediction: 123, radius: 0.0458, PSR: 1.093831289243208e-06 y: 123
prediction: 83, radius: 0.4074, PSR: 6.384932275611367e-05 y: 83
prediction: 55, radius: 0.4880, PSR: 0.00012451301338925862 y: 55
prediction: 239, radius: 0.2962, PSR: 2.628977858717036e-05 y: 239
prediction: 162, radius: 0.5138, PSR: 9.258797775235477e-05 y: 162
prediction: 230, radius: 0.2150, PSR: 1.4293965132138226e-05 y: 230
prediction: 186, radius: 0.6228, PSR: 0.0001244427208431527 y: 186
prediction: 169, radius: 0.5721, PSR: 8.235818031596069e-05 y: 169
prediction: 235, radius: 0.6397, PSR: 0.0001033103870484676 y: 235
prediction: 187, radius: 0.3038, PSR: 2.996574869626832e-05 y: 187
prediction: 160, radius: 0.6228, PSR: 0.0001485611019397222 y: 160
prediction: 92, radius: 0.4880, PSR: 8.4483012878371e-05 y: 92
prediction: 57, radius: 0.3167, PSR: 4.339286019091877e-05 y: 57
prediction: 6, radius: 0.0899, PSR: 1.816384583026314e-06 y: 6
prediction: 180, radius: 0.0797, PSR: 2.562449429037604e-06 y: 180
prediction: 176, radius: 0.5879, PSR: 0.00011858150287075389 y: 176
prediction: 254, radius: 0.2853, PSR: 3.303371353921533e-05 y: 254
prediction: 173, radius: 0.6397, PSR: 0.00012255432298313357 y: 173
prediction: 58, radius: 0.5155, PSR: 0.000100548200862152 y: 58
prediction: 19, radius: 0.1149, PSR: 3.185833208289045e-06 y: 19
prediction: 44, radius: 0.4319, PSR: 8.578047846548711e-05 y: 44
prediction: 58, radius: 0.2549, PSR: 2.9513695873434383e-05 y: 58
prediction: 65, radius: 0.1133, PSR: 5.883423774261928e-06 y: 65
prediction: 112, radius: 0.6397, PSR: 0.00014211904617767837 y: 112
prediction: 193, radius: 0.5388, PSR: 9.20370945958577e-05 y: 193
prediction: 200, radius: 0.6397, PSR: 0.0001275922883334724 y: 200
prediction: 194, radius: 0.2583, PSR: 2.5612355285832924e-05 y: 194
prediction: 74, radius: 0.1310, PSR: 7.803391956240017e-06 y: 74
prediction: 136, radius: 0.5315, PSR: 9.74323327539535e-05 y: 136
prediction: 117, radius: 0.3769, PSR: 6.365790058725511e-05 y: 117
prediction: 205, radius: 0.6020, PSR: 0.0001337037387071842 y: 205
prediction: 222, radius: 0.4361, PSR: 7.535515132857578e-05 y: 222
prediction: 46, radius: 0.4700, PSR: 8.533875987230608e-05 y: 46
prediction: 107, radius: 0.1464, PSR: 9.03498761647471e-06 y: 107
prediction: 243, radius: 0.3775, PSR: 4.2671680703150054e-05 y: 243
prediction: 230, radius: 0.4035, PSR: 3.906443583743903e-05 y: 230
prediction: 28, radius: 0.5192, PSR: 7.528825594072657e-05 y: 28
prediction: 104, radius: 0.6228, PSR: 9.051205863622041e-05 y: 104
[91mprediction: -1, radius: 0.0000, PSR: 0.0 y: 263[0m
prediction: 206, radius: 0.2687, PSR: 1.75346923992643e-05 y: 206
prediction: 260, radius: 0.1223, PSR: 4.815322448569747e-06 y: 263
prediction: 20, radius: 0.6397, PSR: 9.282957322578448e-05 y: 39
prediction: 36, radius: 0.4295, PSR: 4.741338311027079e-05 y: 36
prediction: 88, radius: 0.3915, PSR: 5.6456451502402736e-05 y: 88
prediction: 109, radius: 0.5414, PSR: 8.497299301998768e-05 y: 109
prediction: 259, radius: 0.1706, PSR: 8.46667682305125e-06 y: 259
prediction: 185, radius: 0.4595, PSR: 8.152222852973479e-05 y: 185
prediction: 153, radius: 0.6397, PSR: 0.00015088172503744166 y: 153
prediction: 193, radius: 0.5721, PSR: 8.362228955443302e-05 y: 193
prediction: 95, radius: 0.2602, PSR: 2.199467500837496e-05 y: 95
prediction: 150, radius: 0.5173, PSR: 0.00010388773084543448 y: 150
prediction: 146, radius: 0.6020, PSR: 8.625343801188878e-05 y: 146
prediction: 103, radius: 0.3240, PSR: 3.8121857613675385e-05 y: 103
prediction: 50, radius: 0.3402, PSR: 4.979475345888579e-05 y: 50
prediction: 268, radius: 0.6397, PSR: 0.00018578787632657855 y: 268
prediction: 18, radius: 0.1603, PSR: 6.991946393456656e-06 y: 18
prediction: 112, radius: 0.5678, PSR: 0.00013373592621586364 y: 112
prediction: 244, radius: 0.6228, PSR: 0.00010019952954012332 y: 244
prediction: 204, radius: 0.2484, PSR: 1.8908863798932386e-05 y: 204
prediction: 265, radius: 0.2162, PSR: 1.8814393894783496e-05 y: 265
prediction: 119, radius: 0.3638, PSR: 4.953301985212209e-05 y: 119
prediction: 217, radius: 0.6020, PSR: 0.00012731252463603612 y: 217
prediction: 121, radius: 0.5600, PSR: 8.037862141210754e-05 y: 121
prediction: 218, radius: 0.4769, PSR: 9.973267248438872e-05 y: 218
prediction: 241, radius: 0.4628, PSR: 5.6663990392396596e-05 y: 241
prediction: 271, radius: 0.4324, PSR: 7.877594669876332e-05 y: 271
prediction: 146, radius: 0.5879, PSR: 0.0001352754395798043 y: 146
prediction: 175, radius: 0.4997, PSR: 8.278514595115062e-05 y: 175
prediction: 21, radius: 0.2990, PSR: 1.9696757691192583e-05 y: 21
prediction: 273, radius: 0.5104, PSR: 9.006813339178943e-05 y: 273
prediction: 198, radius: 0.4074, PSR: 5.7454286182478054e-05 y: 198
prediction: 249, radius: 0.2980, PSR: 2.080516888766879e-05 y: 249
prediction: 33, radius: 0.1129, PSR: 2.9454476110731136e-06 y: 33
prediction: 59, radius: 0.5499, PSR: 0.00010792083106723108 y: 59
prediction: 249, radius: 0.5271, PSR: 9.59676055534334e-05 y: 249
prediction: 231, radius: 0.3759, PSR: 4.821412498277624e-05 y: 231
prediction: 241, radius: 0.3658, PSR: 5.091215715348927e-05 y: 241
prediction: 173, radius: 0.6397, PSR: 0.000159059638742794 y: 173
prediction: 67, radius: 0.3885, PSR: 5.990836925238856e-05 y: 67
prediction: 172, radius: 0.2898, PSR: 2.5249145532398576e-05 y: 172
prediction: 64, radius: 0.1331, PSR: 5.705768460263556e-06 y: 64
prediction: 173, radius: 0.6112, PSR: 0.00012972460889675906 y: 173
prediction: 133, radius: 0.2484, PSR: 2.3290247331248752e-05 y: 133
prediction: 62, radius: 0.2200, PSR: 2.2367539812061426e-05 y: 62
prediction: 177, radius: 0.4620, PSR: 6.490953028349024e-05 y: 177
prediction: 61, radius: 0.3203, PSR: 4.996304670004289e-05 y: 61
prediction: 228, radius: 0.5138, PSR: 9.741831980040493e-05 y: 228
prediction: 87, radius: 0.3775, PSR: 4.122445203288633e-05 y: 87
prediction: 141, radius: 0.4070, PSR: 5.733109776169483e-05 y: 141
prediction: 143, radius: 0.6397, PSR: 0.000122880301781656 y: 143
prediction: 173, radius: 0.6397, PSR: 0.00013469953640756353 y: 173
prediction: 165, radius: 0.5441, PSR: 0.00010222840197263474 y: 165
prediction: 24, radius: 0.5769, PSR: 8.516925835751053e-05 y: 24
prediction: 81, radius: 0.3864, PSR: 6.765584577413603e-05 y: 81
prediction: 151, radius: 0.6397, PSR: 0.00015020241994936326 y: 151
prediction: 4, radius: 0.5879, PSR: 8.03103151675585e-05 y: 4
prediction: 21, radius: 0.2948, PSR: 2.0001610873857745e-05 y: 21
prediction: 41, radius: 0.5363, PSR: 0.00010221341063526337 y: 41
prediction: 254, radius: 0.3126, PSR: 4.6644134298573885e-05 y: 254
prediction: 19, radius: 0.2783, PSR: 1.9507179132687682e-05 y: 19
prediction: 98, radius: 0.3191, PSR: 4.9362226501925234e-05 y: 98
prediction: 142, radius: 0.6020, PSR: 0.00012829594890913172 y: 142
prediction: 192, radius: 0.1974, PSR: 1.0664757107738422e-05 y: 192
[91mprediction: -1, radius: 0.0000, PSR: 0.0 y: 270[0m
prediction: 66, radius: 0.3132, PSR: 3.749467284140726e-05 y: 66
prediction: 183, radius: 0.5879, PSR: 0.00012723543395670668 y: 183
prediction: 127, radius: 0.3949, PSR: 4.4335502504328595e-05 y: 127
prediction: 0, radius: 0.6020, PSR: 0.0001038436562719242 y: 0
prediction: 48, radius: 0.4943, PSR: 0.00010705697212319965 y: 48
prediction: 18, radius: 0.2313, PSR: 1.2269990448138768e-05 y: 37
prediction: 186, radius: 0.6228, PSR: 9.887204267353728e-05 y: 186
prediction: 179, radius: 0.6397, PSR: 0.00013936788029894528 y: 179
[91mprediction: -1, radius: 0.0000, PSR: 0.0 y: 215[0m
prediction: 195, radius: 0.6397, PSR: 9.474862096340419e-05 y: 195
prediction: 154, radius: 0.6228, PSR: 9.681440571763664e-05 y: 154
prediction: 187, radius: 0.2414, PSR: 2.123695130534437e-05 y: 187
prediction: 141, radius: 0.3812, PSR: 5.239964938229222e-05 y: 141
prediction: 157, radius: 0.3856, PSR: 5.57873791877666e-05 y: 157
prediction: 8, radius: 0.5469, PSR: 7.171453462362453e-05 y: 8
prediction: 138, radius: 0.4969, PSR: 6.568895149710845e-05 y: 138
prediction: 209, radius: 0.2995, PSR: 2.451289948000879e-05 y: 209
prediction: 222, radius: 0.5944, PSR: 0.0001305596704777421 y: 222
prediction: 25, radius: 0.5138, PSR: 7.896371715745088e-05 y: 25
prediction: 125, radius: 0.2552, PSR: 2.6413733438585787e-05 y: 125
prediction: 115, radius: 0.5363, PSR: 8.897947294495658e-05 y: 115
prediction: 135, radius: 0.6397, PSR: 0.00015224430659074243 y: 135
prediction: 237, radius: 0.5072, PSR: 8.291625244680182e-05 y: 237
prediction: 187, radius: 0.2749, PSR: 1.922643794917927e-05 y: 187
prediction: 138, radius: 0.5339, PSR: 9.072150245273148e-05 y: 138
prediction: 206, radius: 0.5678, PSR: 0.00011235703261018543 y: 206
prediction: 164, radius: 0.6228, PSR: 0.0001037362072749373 y: 164
prediction: 214, radius: 0.3395, PSR: 3.274599588815878e-05 y: 214
prediction: 121, radius: 0.3791, PSR: 5.23227695810623e-05 y: 121
prediction: 16, radius: 0.4655, PSR: 4.9565881108600656e-05 y: 16
prediction: 56, radius: 0.3559, PSR: 4.694991330324125e-05 y: 56
prediction: 132, radius: 0.2615, PSR: 2.739442092335246e-05 y: 132
prediction: 260, radius: 0.3756, PSR: 6.84131043883814e-05 y: 260
prediction: 38, radius: 0.4823, PSR: 5.031965739328665e-05 y: 38
prediction: 122, radius: 0.6397, PSR: 0.00010808729037417147 y: 122
prediction: 184, radius: 0.6397, PSR: 0.00015406092901977655 y: 184
prediction: 157, radius: 0.6397, PSR: 0.00012599368420926831 y: 157
prediction: 41, radius: 0.5678, PSR: 0.00011174183423125157 y: 41
prediction: 89, radius: 0.2604, PSR: 2.6196228809166704e-05 y: 89
prediction: 226, radius: 0.6397, PSR: 0.00012830080721406052 y: 226
prediction: 179, radius: 0.6397, PSR: 0.00014027900743840725 y: 179
prediction: 254, radius: 0.2964, PSR: 2.6219666071357907e-05 y: 254
prediction: 2, radius: 0.6397, PSR: 0.00013514764099765015 y: 2
[91mprediction: -1, radius: 0.0000, PSR: 0.0 y: 215[0m
prediction: 201, radius: 0.6397, PSR: 0.0001109434744579185 y: 201
prediction: 230, radius: 0.5944, PSR: 0.00013010400752810645 y: 230
prediction: 272, radius: 0.1492, PSR: 1.0383660234624012e-05 y: 272
prediction: 65, radius: 0.0650, PSR: 1.9888359344599343e-06 y: 65
prediction: 76, radius: 0.6397, PSR: 0.00015868396070323817 y: 76
prediction: 222, radius: 0.4031, PSR: 4.786416081084671e-05 y: 222
prediction: 187, radius: 0.6020, PSR: 9.976082908941151e-05 y: 187
prediction: 261, radius: 0.4144, PSR: 8.043496714796836e-05 y: 261
prediction: 134, radius: 0.4983, PSR: 8.082746754556412e-05 y: 134
prediction: 117, radius: 0.5230, PSR: 7.974126919435151e-05 y: 117
prediction: 87, radius: 0.3724, PSR: 4.2422691321862666e-05 y: 87
prediction: 204, radius: 0.4110, PSR: 4.659978717532376e-05 y: 204
[91mprediction: -1, radius: 0.0000, PSR: 0.0 y: 17[0m
prediction: 154, radius: 0.6112, PSR: 0.00014836684842856483 y: 154
prediction: 58, radius: 0.3737, PSR: 4.75736957794506e-05 y: 58
prediction: 102, radius: 0.3594, PSR: 5.167509385779666e-05 y: 102
prediction: 228, radius: 0.6112, PSR: 0.00012464975435153922 y: 228
prediction: 117, radius: 0.5469, PSR: 8.181020957291353e-05 y: 117
prediction: 224, radius: 0.4418, PSR: 7.286321631889362e-05 y: 224
prediction: 94, radius: 0.4769, PSR: 7.361576982812267e-05 y: 94
prediction: 191, radius: 0.6397, PSR: 0.00014351861554232962 y: 191
prediction: 199, radius: 0.4386, PSR: 5.901497013462216e-05 y: 199
prediction: 172, radius: 0.4052, PSR: 6.732214351273787e-05 y: 172
prediction: 61, radius: 0.3588, PSR: 4.576007377082866e-05 y: 61
prediction: 129, radius: 0.4834, PSR: 8.413322995851061e-05 y: 129
prediction: 207, radius: 0.5441, PSR: 0.00010520210694143154 y: 207
prediction: 242, radius: 0.1743, PSR: 1.4256615603470471e-05 y: 242
prediction: 243, radius: 0.3248, PSR: 3.5049516548664386e-05 y: 243
prediction: 25, radius: 0.0975, PSR: 2.8798972066851908e-06 y: 32
prediction: 49, radius: 0.5363, PSR: 0.00010211516208364679 y: 49
prediction: 105, radius: 0.3997, PSR: 5.858886780119051e-05 y: 105
prediction: 63, radius: 0.5499, PSR: 9.956986955621823e-05 y: 63
prediction: 108, radius: 0.6228, PSR: 0.00014908708696258262 y: 108
prediction: 147, radius: 0.6397, PSR: 0.00015836583304418777 y: 147
prediction: 46, radius: 0.6228, PSR: 0.00011228932096013687 y: 46
prediction: 8, radius: 0.3652, PSR: 3.2097519553174755e-05 y: 8
prediction: 122, radius: 0.6397, PSR: 0.00013646034600993184 y: 122
prediction: 22, radius: 0.6397, PSR: 0.00011010302559500089 y: 22
prediction: 123, radius: 0.2865, PSR: 3.372865999386728e-05 y: 123
prediction: 204, radius: 0.2573, PSR: 1.6116449969366153e-05 y: 204
prediction: 167, radius: 0.6397, PSR: 0.0001189195733194985 y: 167
prediction: 36, radius: 0.3320, PSR: 2.7226553331334304e-05 y: 36
prediction: 240, radius: 0.3230, PSR: 2.823007058159681e-05 y: 240
[91mprediction: -1, radius: 0.0000, PSR: 0.0 y: 215[0m
prediction: 156, radius: 0.5821, PSR: 0.00010428123314793175 y: 156
prediction: 57, radius: 0.1820, PSR: 1.3534315660903708e-05 y: 57
prediction: 110, radius: 0.6397, PSR: 0.00010921761687420236 y: 110
prediction: 229, radius: 0.6397, PSR: 0.00010841086840010534 y: 229
prediction: 40, radius: 0.6397, PSR: 0.00011910108623005213 y: 40
prediction: 30, radius: 0.2115, PSR: 1.0163161236441108e-05 y: 30
prediction: 68, radius: 0.2245, PSR: 2.3856581570329638e-05 y: 68
prediction: 109, radius: 0.4547, PSR: 6.520836866257169e-05 y: 109
prediction: 42, radius: 0.4834, PSR: 7.721345644526338e-05 y: 42
prediction: 93, radius: 0.4178, PSR: 4.8104273265993024e-05 y: 93
prediction: 251, radius: 0.6112, PSR: 9.995492869166557e-05 y: 251
prediction: 271, radius: 0.4905, PSR: 9.677920220782122e-05 y: 271
prediction: 80, radius: 0.6397, PSR: 0.00014175086430580903 y: 80
prediction: 246, radius: 0.5315, PSR: 8.850215379516043e-05 y: 246
prediction: 133, radius: 0.1640, PSR: 1.0438310828981413e-05 y: 133
prediction: 226, radius: 0.6397, PSR: 0.00013506238963834197 y: 226
prediction: 266, radius: 0.6228, PSR: 0.0001449155212764001 y: 266
prediction: 115, radius: 0.5944, PSR: 0.00013054222908114193 y: 115
prediction: 219, radius: 0.4509, PSR: 5.717272076795124e-05 y: 219
prediction: 33, radius: 0.3900, PSR: 3.516225256277604e-05 y: 33
prediction: 147, radius: 0.4158, PSR: 6.31401577473983e-05 y: 147
prediction: 106, radius: 0.6020, PSR: 0.00020535958413237006 y: 106
prediction: 44, radius: 0.6020, PSR: 0.00011718589015962406 y: 44
prediction: 105, radius: 0.3798, PSR: 4.873295604799763e-05 y: 105
prediction: 145, radius: 0.5230, PSR: 9.455107121255716e-05 y: 145
prediction: 80, radius: 0.6397, PSR: 0.00011733622018193687 y: 80
prediction: 111, radius: 0.2062, PSR: 1.904288448941768e-05 y: 111
prediction: 252, radius: 0.5056, PSR: 8.308766248109143e-05 y: 252
prediction: 56, radius: 0.2767, PSR: 3.328703747746845e-05 y: 56
prediction: 269, radius: 0.2892, PSR: 2.9902162748266963e-05 y: 269
prediction: 218, radius: 0.4801, PSR: 8.505571344674087e-05 y: 218
prediction: 8, radius: 0.2823, PSR: 1.8623489579002916e-05 y: 8
[91mprediction: -1, radius: 0.0000, PSR: 0.0 y: 215[0m
prediction: 237, radius: 0.4539, PSR: 7.615127066097452e-05 y: 237
prediction: 257, radius: 0.2221, PSR: 2.0765862652540335e-05 y: 257
prediction: 214, radius: 0.3262, PSR: 3.603284281232032e-05 y: 214
prediction: 257, radius: 0.4188, PSR: 6.163326244677228e-05 y: 257
prediction: 105, radius: 0.4262, PSR: 6.602830113655157e-05 y: 105
prediction: 55, radius: 0.4134, PSR: 8.101847165238065e-05 y: 55
prediction: 231, radius: 0.3630, PSR: 4.356271903228155e-05 y: 231
prediction: 141, radius: 0.4801, PSR: 5.793039612105067e-05 y: 141
prediction: 78, radius: 0.3291, PSR: 5.133963571222084e-05 y: 78
prediction: 131, radius: 0.1247, PSR: 7.707763804356376e-06 y: 131
prediction: 89, radius: 0.0402, PSR: 6.597699218793858e-07 y: 89
prediction: 72, radius: 0.2122, PSR: 2.060045230759517e-05 y: 72
prediction: 156, radius: 0.3989, PSR: 6.389647715674074e-05 y: 156
prediction: 232, radius: 0.4983, PSR: 9.059366922840496e-05 y: 232
prediction: 100, radius: 0.1909, PSR: 1.634883630659145e-05 y: 100
prediction: 176, radius: 0.6112, PSR: 0.00011485458357714626 y: 176
prediction: 216, radius: 0.3808, PSR: 5.9391686024468015e-05 y: 216
prediction: 21, radius: 0.4494, PSR: 4.715059536919597e-05 y: 21
prediction: 64, radius: 0.3157, PSR: 3.116999639236392e-05 y: 64
prediction: 47, radius: 0.3299, PSR: 5.101667865072167e-05 y: 47
prediction: 204, radius: 0.2977, PSR: 3.067503390839809e-05 y: 204
prediction: 190, radius: 0.5531, PSR: 7.904401280552393e-05 y: 190
prediction: 56, radius: 0.2073, PSR: 2.0690047880957025e-05 y: 56
prediction: 111, radius: 0.1784, PSR: 1.2272855745963058e-05 y: 111
prediction: 165, radius: 0.5469, PSR: 0.0001046350570981516 y: 165
prediction: 29, radius: 0.2525, PSR: 1.4533135004533819e-05 y: 29
prediction: 48, radius: 0.5678, PSR: 0.00012134863554579942 y: 48
prediction: 257, radius: 0.6020, PSR: 9.232697803634925e-05 y: 257
[91mprediction: -1, radius: 0.0000, PSR: 0.0 y: 64[0m
prediction: 18, radius: 0.1135, PSR: 3.7287225274757213e-06 y: 15
prediction: 47, radius: 0.2673, PSR: 3.1920906239159066e-05 y: 47
prediction: 209, radius: 0.1934, PSR: 9.178205740718686e-06 y: 209
prediction: 214, radius: 0.0843, PSR: 3.5586593679695126e-06 y: 214
prediction: 271, radius: 0.4432, PSR: 8.546840653937881e-05 y: 271
prediction: 16, radius: 0.0432, PSR: 4.967571414273065e-07 y: 15
prediction: 73, radius: 0.3207, PSR: 3.4687457077674194e-05 y: 73
prediction: 103, radius: 0.1288, PSR: 5.835713348674429e-06 y: 103
prediction: 51, radius: 0.3329, PSR: 4.9121093274292586e-05 y: 51
prediction: 170, radius: 0.2928, PSR: 3.0120605466086437e-05 y: 170
prediction: 60, radius: 0.3031, PSR: 3.95638898557489e-05 y: 60
prediction: 235, radius: 0.5769, PSR: 9.1343851058206e-05 y: 235
prediction: 238, radius: 0.4502, PSR: 7.517925142697937e-05 y: 238
prediction: 136, radius: 0.6228, PSR: 0.0001369634767374863 y: 136
prediction: 92, radius: 0.3193, PSR: 4.478889989768165e-05 y: 92
prediction: 128, radius: 0.4301, PSR: 7.555999073440607e-05 y: 128
prediction: 238, radius: 0.3703, PSR: 4.537247611663788e-05 y: 238
prediction: 224, radius: 0.2944, PSR: 2.8527780707898784e-05 y: 224
prediction: 194, radius: 0.3647, PSR: 4.6482988110784844e-05 y: 194
prediction: 73, radius: 0.3087, PSR: 3.461527561453485e-05 y: 73
prediction: 169, radius: 0.5531, PSR: 8.818785493855338e-05 y: 169
[91mprediction: -1, radius: 0.0000, PSR: 0.0 y: 270[0m
prediction: 171, radius: 0.3580, PSR: 4.0284153183673444e-05 y: 171
prediction: 260, radius: 0.0727, PSR: 1.9376956157719722e-06 y: 263
prediction: 137, radius: 0.4480, PSR: 7.993190922775436e-05 y: 137
prediction: 193, radius: 0.3146, PSR: 3.474237352027169e-05 y: 193
prediction: 233, radius: 0.5363, PSR: 9.613142735654031e-05 y: 233
prediction: 201, radius: 0.5721, PSR: 7.82692856599727e-05 y: 201
prediction: 151, radius: 0.6397, PSR: 0.00014827317842302156 y: 151
prediction: 99, radius: 0.1303, PSR: 6.787213615897784e-06 y: 99
prediction: 189, radius: 0.4539, PSR: 5.313150857129167e-05 y: 189
prediction: 81, radius: 0.4646, PSR: 9.814175295924853e-05 y: 81
prediction: 168, radius: 0.5293, PSR: 7.341452498797663e-05 y: 168
prediction: 26, radius: 0.1841, PSR: 7.601587058555431e-06 y: 26
Average radius for psr_0.5_std_1: 0.4060919306120781
---------------------------------------------------------------------------------------------------------
[91mprediction: -1, radius: 0.0000, PSR: 0.0 y: 90[0m
prediction: 174, radius: 0.3756, PSR: 4.945954298106636e-05 y: 174
prediction: 5, radius: 0.5026, PSR: 6.499588043520517e-05 y: 5
prediction: 27, radius: 0.6397, PSR: 0.00010889679950944432 y: 27
[91mprediction: -1, radius: 0.0000, PSR: 0.0 y: 89[0m
prediction: 20, radius: 0.6397, PSR: 0.00010427276746907048 y: 39
prediction: 131, radius: 0.4273, PSR: 6.0924737897341294e-05 y: 131
prediction: 73, radius: 0.3236, PSR: 3.642120383449386e-05 y: 73
prediction: 119, radius: 0.3520, PSR: 5.159266163114703e-05 y: 119
prediction: 227, radius: 0.3089, PSR: 4.1227013709173645e-05 y: 227
prediction: 33, radius: 0.0806, PSR: 1.7915869664889539e-06 y: 15
prediction: 87, radius: 0.3808, PSR: 4.9676618514467274e-05 y: 87
prediction: 223, radius: 0.2524, PSR: 2.321301021465027e-05 y: 223
prediction: 59, radius: 0.5072, PSR: 0.00010150146195272205 y: 59
prediction: 255, radius: 0.4868, PSR: 0.00012204401205897844 y: 255
prediction: 20, radius: 0.6397, PSR: 9.834982858411648e-05 y: 39
prediction: 91, radius: 0.6397, PSR: 0.00023290214941277114 y: 91
prediction: 36, radius: 0.2211, PSR: 1.1778704921084886e-05 y: 36
prediction: 72, radius: 0.2347, PSR: 2.4271271263421893e-05 y: 72
prediction: 47, radius: 0.2767, PSR: 3.423017871816793e-05 y: 47
prediction: 117, radius: 0.5637, PSR: 8.679465318716181e-05 y: 117
prediction: 164, radius: 0.6112, PSR: 0.00012537255566522976 y: 164
prediction: 163, radius: 0.5271, PSR: 8.66110693342772e-05 y: 163
prediction: 102, radius: 0.3818, PSR: 6.565340006869471e-05 y: 102
prediction: 166, radius: 0.2966, PSR: 2.5714128401036865e-05 y: 166
prediction: 252, radius: 0.3740, PSR: 4.1621144909332336e-05 y: 252
prediction: 34, radius: 0.4074, PSR: 3.779711906568997e-05 y: 34
prediction: 201, radius: 0.2742, PSR: 1.8597338818415302e-05 y: 201
prediction: 132, radius: 0.4148, PSR: 4.958785765242869e-05 y: 132
prediction: 251, radius: 0.4379, PSR: 5.772390051263501e-05 y: 251
prediction: 68, radius: 0.4628, PSR: 7.836135215453308e-05 y: 68
prediction: 155, radius: 0.4917, PSR: 7.542272679456225e-05 y: 155
prediction: 238, radius: 0.3795, PSR: 5.849817924243293e-05 y: 238
prediction: 230, radius: 0.5678, PSR: 0.00011035463856390158 y: 230
prediction: 92, radius: 0.2893, PSR: 3.719063557856302e-05 y: 92
prediction: 179, radius: 0.6397, PSR: 0.00018582190511079837 y: 179
prediction: 131, radius: 0.0428, PSR: 9.426125645578662e-07 y: 131
prediction: 253, radius: 0.6397, PSR: 0.00011494578248685007 y: 253
prediction: 182, radius: 0.4188, PSR: 6.937748070930463e-05 y: 182
prediction: 167, radius: 0.6397, PSR: 0.00015376364545562963 y: 167
[91mprediction: -1, radius: 0.0000, PSR: 0.0 y: 32[0m
prediction: 217, radius: 0.2424, PSR: 1.577894641414255e-05 y: 217
prediction: 222, radius: 0.3658, PSR: 5.921593276639604e-05 y: 222
prediction: 91, radius: 0.6397, PSR: 0.00017592563264583435 y: 91
prediction: 62, radius: 0.4539, PSR: 7.426824771952832e-05 y: 62
prediction: 171, radius: 0.4531, PSR: 5.116264277071857e-05 y: 171
prediction: 69, radius: 0.4502, PSR: 5.0352537689544414e-05 y: 69
prediction: 251, radius: 0.3326, PSR: 3.330002186715209e-05 y: 251
prediction: 196, radius: 0.2000, PSR: 1.3243959713808302e-05 y: 196
prediction: 232, radius: 0.4595, PSR: 7.165739550746876e-05 y: 232
prediction: 150, radius: 0.4930, PSR: 9.060885351343115e-05 y: 150
prediction: 143, radius: 0.5388, PSR: 0.00012700768268374552 y: 143
[91mprediction: -1, radius: 0.0000, PSR: 0.0 y: 270[0m
prediction: 220, radius: 0.3460, PSR: 3.207498077510548e-05 y: 220
prediction: 258, radius: 0.6228, PSR: 0.0001683696665522455 y: 258
prediction: 274, radius: 0.2008, PSR: 1.665010482811724e-05 y: 274
prediction: 74, radius: 0.4562, PSR: 6.657190568273821e-05 y: 74
[91mprediction: -1, radius: 0.0000, PSR: 0.0 y: 263[0m
prediction: 167, radius: 0.6397, PSR: 0.0001265570847092252 y: 167
prediction: 155, radius: 0.4956, PSR: 8.548297131238577e-05 y: 155
prediction: 64, radius: 0.2510, PSR: 2.129706544541154e-05 y: 64
prediction: 137, radius: 0.5211, PSR: 0.00012409396947129272 y: 137
prediction: 81, radius: 0.3525, PSR: 5.247518672216424e-05 y: 81
prediction: 177, radius: 0.5363, PSR: 9.512607018824058e-05 y: 177
prediction: 202, radius: 0.4801, PSR: 6.614399190381416e-05 y: 202
prediction: 264, radius: 0.3108, PSR: 4.089858121524746e-05 y: 264
prediction: 123, radius: 0.2823, PSR: 3.228152285623438e-05 y: 123
prediction: 100, radius: 0.5155, PSR: 8.145689858298657e-05 y: 100
prediction: 44, radius: 0.6112, PSR: 0.00013878134143286 y: 44
prediction: 62, radius: 0.3867, PSR: 5.890541554195782e-05 y: 62
prediction: 196, radius: 0.3655, PSR: 4.219127373263359e-05 y: 196
prediction: 214, radius: 0.4284, PSR: 4.7792261059808576e-05 y: 214
prediction: 4, radius: 0.5564, PSR: 7.222637037417397e-05 y: 4
prediction: 32, radius: 0.1075, PSR: 3.801301010166601e-06 y: 32
prediction: 12, radius: 0.4628, PSR: 5.148415274045984e-05 y: 12
prediction: 264, radius: 0.4348, PSR: 8.15048566874762e-05 y: 264
prediction: 189, radius: 0.4710, PSR: 9.115474943339855e-05 y: 189
prediction: 170, radius: 0.2930, PSR: 2.3782741154243223e-05 y: 170
prediction: 236, radius: 0.1820, PSR: 9.173057938533588e-06 y: 236
prediction: 13, radius: 0.3216, PSR: 2.2897493436191654e-05 y: 13
prediction: 195, radius: 0.5769, PSR: 0.00011094423590617575 y: 195
prediction: 139, radius: 0.1922, PSR: 1.7351768132807066e-05 y: 139
prediction: 132, radius: 0.3551, PSR: 3.854241450318116e-05 y: 132
prediction: 211, radius: 0.0842, PSR: 2.663787571175093e-06 y: 211
prediction: 53, radius: 0.1580, PSR: 1.1493566727409848e-05 y: 53
prediction: 224, radius: 0.2280, PSR: 1.8834399796690138e-05 y: 224
prediction: 56, radius: 0.3289, PSR: 5.2661024123029965e-05 y: 56
prediction: 72, radius: 0.3218, PSR: 4.0484704026779685e-05 y: 72
prediction: 81, radius: 0.3635, PSR: 5.478373947387869e-05 y: 81
prediction: 170, radius: 0.3135, PSR: 3.123711983069376e-05 y: 170
prediction: 156, radius: 0.5211, PSR: 9.207299986318214e-05 y: 156
prediction: 11, radius: 0.1240, PSR: 3.715465261571113e-06 y: 11
prediction: 197, radius: 0.3051, PSR: 3.6055610884790134e-05 y: 197
prediction: 262, radius: 0.3003, PSR: 3.570923501024028e-05 y: 262
prediction: 135, radius: 0.6228, PSR: 0.00015537842115826174 y: 135
prediction: 231, radius: 0.2913, PSR: 2.9623601000607456e-05 y: 231
prediction: 3, radius: 0.6397, PSR: 9.379002790337912e-05 y: 3
prediction: 89, radius: 0.1468, PSR: 8.53974176029338e-06 y: 89
prediction: 110, radius: 0.6397, PSR: 0.00010833413009298728 y: 110
prediction: 25, radius: 0.5944, PSR: 0.0001067491904276238 y: 25
prediction: 74, radius: 0.2212, PSR: 2.0862759909115178e-05 y: 74
prediction: 70, radius: 0.2441, PSR: 1.7583792665917988e-05 y: 70
prediction: 194, radius: 0.3505, PSR: 3.643366162966537e-05 y: 194
prediction: 167, radius: 0.6397, PSR: 0.00010829421994350178 y: 167
prediction: 79, radius: 0.4208, PSR: 7.021553051927638e-05 y: 79
[91mprediction: -1, radius: 0.0000, PSR: 0.0 y: 65[0m
prediction: 231, radius: 0.4158, PSR: 5.7813409292285926e-05 y: 231
prediction: 230, radius: 0.4208, PSR: 4.488726005308873e-05 y: 230
prediction: 208, radius: 0.4812, PSR: 8.516222385032763e-05 y: 208
prediction: 254, radius: 0.3014, PSR: 3.433017229683887e-05 y: 254
prediction: 206, radius: 0.4188, PSR: 6.163175059558839e-05 y: 206
prediction: 139, radius: 0.2513, PSR: 2.235961181567355e-05 y: 139
prediction: 180, radius: 0.5087, PSR: 6.520866426127808e-05 y: 180
prediction: 58, radius: 0.2524, PSR: 3.178884480326249e-05 y: 58
prediction: 84, radius: 0.4386, PSR: 7.767513766341348e-05 y: 84
prediction: 113, radius: 0.4083, PSR: 5.741414032712195e-05 y: 113
prediction: 99, radius: 0.0881, PSR: 3.354667944654283e-06 y: 99
prediction: 89, radius: 0.0805, PSR: 2.732135829649547e-06 y: 89
prediction: 171, radius: 0.2242, PSR: 1.3527732097375311e-05 y: 171
prediction: 74, radius: 0.2226, PSR: 1.9767057512197843e-05 y: 74
prediction: 18, radius: 0.1651, PSR: 6.539243426377591e-06 y: 18
prediction: 170, radius: 0.3553, PSR: 3.792876223983096e-05 y: 170
prediction: 115, radius: 0.5944, PSR: 9.976055793243173e-05 y: 115
prediction: 117, radius: 0.4531, PSR: 8.591311965616563e-05 y: 117
prediction: 115, radius: 0.5600, PSR: 0.00013831552748460988 y: 115
prediction: 53, radius: 0.3602, PSR: 4.316079142731624e-05 y: 53
prediction: 132, radius: 0.4307, PSR: 5.70460007059316e-05 y: 132
prediction: 67, radius: 0.2980, PSR: 3.4077694827297186e-05 y: 67
prediction: 10, radius: 0.0082, PSR: 1.9879268056178125e-08 y: 10
prediction: 82, radius: 0.6397, PSR: 0.00010934305241391281 y: 82
prediction: 205, radius: 0.4336, PSR: 8.277667001179853e-05 y: 205
prediction: 229, radius: 0.4466, PSR: 7.448579078225159e-05 y: 229
prediction: 51, radius: 0.2313, PSR: 2.8416324952713823e-05 y: 51
prediction: 139, radius: 0.1844, PSR: 1.6057503958531074e-05 y: 139
prediction: 247, radius: 0.4587, PSR: 4.919747466532279e-05 y: 247
prediction: 209, radius: 0.1021, PSR: 3.7477426734710056e-06 y: 209
prediction: 178, radius: 0.6397, PSR: 0.00012212065162065913 y: 178
prediction: 23, radius: 0.5293, PSR: 6.372533718954177e-05 y: 23
prediction: 179, radius: 0.2482, PSR: 2.1929253092975014e-05 y: 179
prediction: 275, radius: 0.0970, PSR: 4.055014615814916e-06 y: 275
prediction: 26, radius: 0.2259, PSR: 1.1836343287617391e-05 y: 26
prediction: 132, radius: 0.3087, PSR: 3.461715324230365e-05 y: 132
prediction: 233, radius: 0.6397, PSR: 0.00010443416824948166 y: 233
[91mprediction: -1, radius: 0.0000, PSR: 0.0 y: 15[0m
[91mprediction: -1, radius: 0.0000, PSR: 0.0 y: 32[0m
prediction: 64, radius: 0.1919, PSR: 1.2864207617916683e-05 y: 64
prediction: 195, radius: 0.3512, PSR: 4.9217017517962815e-05 y: 195
prediction: 110, radius: 0.5879, PSR: 0.0001419206275255851 y: 110
prediction: 165, radius: 0.6112, PSR: 9.799590495338919e-05 y: 165
prediction: 42, radius: 0.5251, PSR: 8.476275628668142e-05 y: 42
prediction: 217, radius: 0.5315, PSR: 7.870220977326392e-05 y: 217
prediction: 252, radius: 0.4502, PSR: 6.676307405829306e-05 y: 252
prediction: 21, radius: 0.6397, PSR: 9.357057945868556e-05 y: 21
prediction: 268, radius: 0.6397, PSR: 0.00017634975840861771 y: 268
prediction: 123, radius: 0.0194, PSR: 1.9574527690368627e-07 y: 123
prediction: 83, radius: 0.3945, PSR: 5.989297660769811e-05 y: 83
prediction: 55, radius: 0.5138, PSR: 0.0001380123244938684 y: 55
prediction: 239, radius: 0.2459, PSR: 1.8100713968560725e-05 y: 239
prediction: 162, radius: 0.4956, PSR: 8.613320825312038e-05 y: 162
prediction: 230, radius: 0.1858, PSR: 1.0676127709687307e-05 y: 230
prediction: 186, radius: 0.6397, PSR: 0.00013129180859505215 y: 186
prediction: 169, radius: 0.5441, PSR: 7.448563014229398e-05 y: 169
prediction: 235, radius: 0.6397, PSR: 0.00010329260236434741 y: 235
prediction: 187, radius: 0.2459, PSR: 1.962134477967292e-05 y: 187
prediction: 160, radius: 0.6397, PSR: 0.00015677278743658432 y: 160
prediction: 92, radius: 0.4943, PSR: 8.662671214777347e-05 y: 92
prediction: 57, radius: 0.3073, PSR: 4.087975466272836e-05 y: 57
prediction: 6, radius: 0.0236, PSR: 1.2514249964490996e-07 y: 6
prediction: 180, radius: 0.0410, PSR: 6.7619964234187e-07 y: 180
prediction: 176, radius: 0.5721, PSR: 0.00011232378890903577 y: 176
prediction: 254, radius: 0.2471, PSR: 2.477854383100324e-05 y: 254
prediction: 173, radius: 0.6397, PSR: 0.00012253757372151873 y: 173
prediction: 58, radius: 0.5072, PSR: 9.727342250309896e-05 y: 58
prediction: 19, radius: 0.0488, PSR: 5.736363951166709e-07 y: 19
prediction: 44, radius: 0.4193, PSR: 8.082836343148612e-05 y: 44
prediction: 58, radius: 0.2344, PSR: 2.495994889955726e-05 y: 58
prediction: 65, radius: 0.1409, PSR: 9.090302835948686e-06 y: 65
prediction: 112, radius: 0.6397, PSR: 0.00014215822485910646 y: 112
prediction: 193, radius: 0.5499, PSR: 9.585686163611346e-05 y: 193
prediction: 200, radius: 0.6397, PSR: 0.00012759747541458803 y: 200
prediction: 194, radius: 0.2369, PSR: 2.152431825364031e-05 y: 194
prediction: 74, radius: 0.0890, PSR: 3.595493131821082e-06 y: 74
prediction: 136, radius: 0.5056, PSR: 8.812526327313554e-05 y: 136
prediction: 117, radius: 0.4001, PSR: 7.17569870121896e-05 y: 117
prediction: 205, radius: 0.5637, PSR: 0.00011724259299306035 y: 205
prediction: 222, radius: 0.4229, PSR: 7.084155977195606e-05 y: 222
prediction: 46, radius: 0.4691, PSR: 8.497351508364586e-05 y: 46
prediction: 107, radius: 0.1296, PSR: 7.079986283399421e-06 y: 107
prediction: 243, radius: 0.3361, PSR: 3.38278207523139e-05 y: 243
prediction: 230, radius: 0.3553, PSR: 3.0298902924749614e-05 y: 230
prediction: 28, radius: 0.4628, PSR: 5.9840152929279534e-05 y: 28
prediction: 104, radius: 0.6397, PSR: 9.547642465927895e-05 y: 104
[91mprediction: -1, radius: 0.0000, PSR: 0.0 y: 263[0m
prediction: 206, radius: 0.2002, PSR: 9.731996077505924e-06 y: 206
prediction: 260, radius: 0.1803, PSR: 1.0472698493375558e-05 y: 263
prediction: 20, radius: 0.6397, PSR: 9.281829843268594e-05 y: 39
prediction: 36, radius: 0.3585, PSR: 3.302971284413383e-05 y: 36
prediction: 88, radius: 0.3661, PSR: 4.9378649319047464e-05 y: 88
prediction: 109, radius: 0.5138, PSR: 7.652273635404038e-05 y: 109
prediction: 259, radius: 0.1354, PSR: 5.338133023094518e-06 y: 259
prediction: 185, radius: 0.3989, PSR: 6.144421304024239e-05 y: 185
prediction: 153, radius: 0.6397, PSR: 0.00015088215242722023 y: 153
prediction: 193, radius: 0.5388, PSR: 7.414019109532452e-05 y: 193
prediction: 95, radius: 0.2177, PSR: 1.5394910068472332e-05 y: 95
prediction: 150, radius: 0.5251, PSR: 0.00010697453327317918 y: 150
prediction: 146, radius: 0.6020, PSR: 8.622774071019512e-05 y: 146
prediction: 103, radius: 0.2840, PSR: 2.9287595953544407e-05 y: 103
prediction: 50, radius: 0.3415, PSR: 5.018387354693118e-05 y: 50
prediction: 268, radius: 0.6397, PSR: 0.0001857656916757332 y: 268
prediction: 18, radius: 0.0936, PSR: 2.3821695188332166e-06 y: 18
prediction: 112, radius: 0.5600, PSR: 0.00013010158328372637 y: 112
prediction: 244, radius: 0.6112, PSR: 9.645860151010555e-05 y: 244
prediction: 204, radius: 0.1890, PSR: 1.0945677838552343e-05 y: 204
prediction: 265, radius: 0.1837, PSR: 1.3580003731503776e-05 y: 265
prediction: 119, radius: 0.3465, PSR: 4.4934670436221724e-05 y: 119
prediction: 217, radius: 0.5944, PSR: 0.0001240801742433226 y: 217
prediction: 121, radius: 0.5600, PSR: 8.036580373340999e-05 y: 121
prediction: 218, radius: 0.4917, PSR: 0.00010603478427915333 y: 218
prediction: 241, radius: 0.4256, PSR: 4.791053762668327e-05 y: 241
prediction: 271, radius: 0.4262, PSR: 7.650856317578179e-05 y: 271
prediction: 146, radius: 0.6020, PSR: 0.00014184523569119663 y: 146
prediction: 175, radius: 0.4691, PSR: 7.294149177161962e-05 y: 175
prediction: 21, radius: 0.2367, PSR: 1.2345928297019111e-05 y: 21
prediction: 273, radius: 0.5315, PSR: 9.76969937352777e-05 y: 273
prediction: 198, radius: 0.3871, PSR: 5.1858286855772206e-05 y: 198
prediction: 249, radius: 0.2333, PSR: 1.274731879365787e-05 y: 249
prediction: 33, radius: 0.0432, PSR: 4.308435828309367e-07 y: 33
prediction: 59, radius: 0.5678, PSR: 0.00011500121943156614 y: 59
prediction: 249, radius: 0.5293, PSR: 9.67680010885525e-05 y: 249
prediction: 231, radius: 0.3446, PSR: 4.0509557757403205e-05 y: 231
prediction: 241, radius: 0.3429, PSR: 4.473627361208428e-05 y: 241
prediction: 173, radius: 0.6112, PSR: 0.00014516202693103277 y: 173
prediction: 67, radius: 0.3896, PSR: 6.0242968109015124e-05 y: 67
prediction: 172, radius: 0.2299, PSR: 1.589183023168471e-05 y: 172
prediction: 64, radius: 0.1047, PSR: 3.5264685378821845e-06 y: 64
prediction: 173, radius: 0.5944, PSR: 0.00012267698649792185 y: 173
prediction: 133, radius: 0.2234, PSR: 1.8821432764629557e-05 y: 133
prediction: 62, radius: 0.2189, PSR: 2.2133968592122106e-05 y: 62
prediction: 177, radius: 0.4262, PSR: 5.523045302828667e-05 y: 177
prediction: 61, radius: 0.2991, PSR: 4.356971674877323e-05 y: 61
prediction: 228, radius: 0.5138, PSR: 9.746021715222099e-05 y: 228
prediction: 87, radius: 0.3561, PSR: 3.666038175829744e-05 y: 87
prediction: 141, radius: 0.3893, PSR: 5.243385335016634e-05 y: 141
prediction: 143, radius: 0.6397, PSR: 0.00012288575792764075 y: 143
prediction: 173, radius: 0.6397, PSR: 0.00013465497983537067 y: 173
prediction: 165, radius: 0.5315, PSR: 9.758676739900949e-05 y: 165
prediction: 24, radius: 0.5600, PSR: 8.023283947279434e-05 y: 24
prediction: 81, radius: 0.3734, PSR: 6.318726921057232e-05 y: 81
prediction: 151, radius: 0.6397, PSR: 0.0001501884142820187 y: 151
prediction: 4, radius: 0.5155, PSR: 6.175929508078015e-05 y: 4
prediction: 21, radius: 0.2245, PSR: 1.1596653209884715e-05 y: 21
prediction: 41, radius: 0.5011, PSR: 8.924605899567925e-05 y: 41
prediction: 254, radius: 0.3114, PSR: 4.6254345626420294e-05 y: 254
prediction: 19, radius: 0.2022, PSR: 1.0295656609015849e-05 y: 19
prediction: 98, radius: 0.3056, PSR: 4.5268144728981066e-05 y: 98
prediction: 142, radius: 0.5769, PSR: 0.0001178438332091478 y: 142
prediction: 192, radius: 0.1429, PSR: 5.589826435988743e-06 y: 192
prediction: 68, radius: 0.0257, PSR: 2.0161952293927604e-07 y: 270
prediction: 66, radius: 0.2720, PSR: 2.8272849167533107e-05 y: 66
prediction: 183, radius: 0.5637, PSR: 0.00011696540177140014 y: 183
prediction: 127, radius: 0.3842, PSR: 4.195724081743796e-05 y: 127
prediction: 0, radius: 0.5821, PSR: 9.704894827778374e-05 y: 0
prediction: 48, radius: 0.4845, PSR: 0.00010286132377382216 y: 48
prediction: 18, radius: 0.2670, PSR: 1.6348248820654114e-05 y: 37
prediction: 186, radius: 0.6228, PSR: 9.884876777015526e-05 y: 186
prediction: 179, radius: 0.6397, PSR: 0.00013933209815747327 y: 179
[91mprediction: -1, radius: 0.0000, PSR: 0.0 y: 215[0m
prediction: 195, radius: 0.6397, PSR: 9.474384283657389e-05 y: 195
prediction: 154, radius: 0.5944, PSR: 8.817319521386399e-05 y: 154
prediction: 187, radius: 0.1854, PSR: 1.2528937591145987e-05 y: 187
prediction: 141, radius: 0.3477, PSR: 4.3603958356028e-05 y: 141
prediction: 157, radius: 0.3697, PSR: 5.1238452392874e-05 y: 157
prediction: 8, radius: 0.4997, PSR: 5.984786024371759e-05 y: 8
prediction: 138, radius: 0.4710, PSR: 5.898944470218793e-05 y: 138
prediction: 209, radius: 0.2626, PSR: 1.8855148697614512e-05 y: 209
prediction: 222, radius: 0.5531, PSR: 0.00011305312376260428 y: 222
prediction: 25, radius: 0.4823, PSR: 6.956748242203004e-05 y: 25
prediction: 125, radius: 0.2376, PSR: 2.2884443200097705e-05 y: 125
prediction: 115, radius: 0.5414, PSR: 9.063009766460103e-05 y: 115
prediction: 135, radius: 0.6397, PSR: 0.00015216808344621326 y: 135
prediction: 237, radius: 0.4587, PSR: 6.781144427024291e-05 y: 237
prediction: 187, radius: 0.2120, PSR: 1.142402392631085e-05 y: 187
prediction: 138, radius: 0.5230, PSR: 8.708172579643654e-05 y: 138
prediction: 206, radius: 0.5388, PSR: 0.00010117706952965737 y: 206
prediction: 164, radius: 0.6397, PSR: 0.00010942661515504196 y: 164
prediction: 214, radius: 0.3165, PSR: 2.8469259832614105e-05 y: 214
prediction: 121, radius: 0.3525, PSR: 4.521734556146469e-05 y: 121
prediction: 16, radius: 0.3957, PSR: 3.582766844904657e-05 y: 16
prediction: 56, radius: 0.3350, PSR: 4.160530571368191e-05 y: 56
prediction: 132, radius: 0.2438, PSR: 2.3801427625362083e-05 y: 132
prediction: 260, radius: 0.3485, PSR: 5.888659468729529e-05 y: 260
prediction: 38, radius: 0.4324, PSR: 4.04507125523591e-05 y: 38
prediction: 122, radius: 0.6397, PSR: 0.00010809836845596221 y: 122
prediction: 184, radius: 0.6397, PSR: 0.00015407713725930122 y: 184
prediction: 157, radius: 0.5821, PSR: 0.00010429582173766402 y: 157
prediction: 41, radius: 0.5944, PSR: 0.0001224605905848862 y: 41
prediction: 89, radius: 0.2399, PSR: 2.223126462108155e-05 y: 89
prediction: 226, radius: 0.6397, PSR: 0.00012830865611426003 y: 226
prediction: 179, radius: 0.6397, PSR: 0.00014023939189081083 y: 179
prediction: 254, radius: 0.2728, PSR: 2.220168648713879e-05 y: 254
prediction: 2, radius: 0.6397, PSR: 0.00013513557919266072 y: 2
[91mprediction: -1, radius: 0.0000, PSR: 0.0 y: 215[0m
prediction: 201, radius: 0.6397, PSR: 0.00011092928366411163 y: 201
prediction: 230, radius: 0.5879, PSR: 0.00012722184015666126 y: 230
prediction: 272, radius: 0.1129, PSR: 5.942842317061983e-06 y: 272
prediction: 65, radius: 0.0363, PSR: 6.192963249777904e-07 y: 65
prediction: 76, radius: 0.6397, PSR: 0.00015869074775406685 y: 76
prediction: 222, radius: 0.3468, PSR: 3.542775006671757e-05 y: 222
prediction: 187, radius: 0.5363, PSR: 7.911997734015324e-05 y: 187
prediction: 261, radius: 0.4203, PSR: 8.273772403009738e-05 y: 261
prediction: 134, radius: 0.4943, PSR: 7.951509699433085e-05 y: 134
prediction: 117, radius: 0.5293, PSR: 8.164788783732652e-05 y: 117
prediction: 87, radius: 0.3667, PSR: 4.111607043526617e-05 y: 87
prediction: 204, radius: 0.3712, PSR: 3.801294995363766e-05 y: 204
prediction: 11, radius: 0.0345, PSR: 2.814117574207781e-07 y: 17
prediction: 154, radius: 0.6020, PSR: 0.0001439248123603747 y: 154
prediction: 58, radius: 0.3348, PSR: 3.820013310234648e-05 y: 58
prediction: 102, radius: 0.3322, PSR: 4.4167831057099635e-05 y: 102
prediction: 228, radius: 0.5821, PSR: 0.00011306300604503077 y: 228
prediction: 117, radius: 0.5769, PSR: 9.097668532785107e-05 y: 117
prediction: 224, radius: 0.4193, PSR: 6.562467828490434e-05 y: 224
prediction: 94, radius: 0.4452, PSR: 6.413782993206745e-05 y: 94
prediction: 191, radius: 0.6228, PSR: 0.00013599471096308827 y: 191
prediction: 199, radius: 0.3957, PSR: 4.8067811973673796e-05 y: 199
prediction: 172, radius: 0.3632, PSR: 5.4091430800029446e-05 y: 172
prediction: 61, radius: 0.3458, PSR: 4.2491265691386986e-05 y: 61
prediction: 129, radius: 0.4812, PSR: 8.334273933113657e-05 y: 129
prediction: 207, radius: 0.5414, PSR: 0.00010412480000764408 y: 207
prediction: 242, radius: 0.1345, PSR: 8.49220715954433e-06 y: 242
prediction: 243, radius: 0.2703, PSR: 2.4278245567903127e-05 y: 243
prediction: 25, radius: 0.1443, PSR: 6.305937128115471e-06 y: 32
prediction: 49, radius: 0.5293, PSR: 9.948716154704192e-05 y: 49
prediction: 105, radius: 0.3569, PSR: 4.6705027197614347e-05 y: 105
prediction: 63, radius: 0.5441, PSR: 9.743163834898982e-05 y: 63
prediction: 108, radius: 0.6228, PSR: 0.00014905268579313785 y: 108
prediction: 147, radius: 0.6397, PSR: 0.00015832709316931543 y: 147
prediction: 46, radius: 0.6397, PSR: 0.00011845582713718672 y: 46
prediction: 8, radius: 0.3098, PSR: 2.309074119317474e-05 y: 8
prediction: 122, radius: 0.6112, PSR: 0.0001245786629152213 y: 122
prediction: 22, radius: 0.6397, PSR: 0.00011009872565688327 y: 22
prediction: 123, radius: 0.2923, PSR: 3.510427377842257e-05 y: 123
prediction: 204, radius: 0.2211, PSR: 1.1906894301846289e-05 y: 204
prediction: 167, radius: 0.6397, PSR: 0.00011891288026042846 y: 167
prediction: 36, radius: 0.2618, PSR: 1.6921729428146163e-05 y: 36
prediction: 240, radius: 0.2956, PSR: 2.3635060019934243e-05 y: 240
[91mprediction: -1, radius: 0.0000, PSR: 0.0 y: 215[0m
prediction: 156, radius: 0.5637, PSR: 9.778974578839473e-05 y: 156
prediction: 57, radius: 0.1598, PSR: 1.0435402913948927e-05 y: 57
prediction: 110, radius: 0.6397, PSR: 0.00010921469341424063 y: 110
prediction: 229, radius: 0.6397, PSR: 0.00010840649743389918 y: 229
prediction: 40, radius: 0.6397, PSR: 0.00011911449312144004 y: 40
prediction: 30, radius: 0.1395, PSR: 4.421425864476707e-06 y: 30
prediction: 68, radius: 0.2127, PSR: 2.1419446458821033e-05 y: 68
prediction: 109, radius: 0.4603, PSR: 6.68310981579142e-05 y: 109
prediction: 42, radius: 0.4663, PSR: 7.185029109232686e-05 y: 42
prediction: 93, radius: 0.3694, PSR: 3.759669168003019e-05 y: 93
prediction: 251, radius: 0.6112, PSR: 9.996410272350431e-05 y: 251
prediction: 271, radius: 0.4790, PSR: 9.231358894633385e-05 y: 271
prediction: 80, radius: 0.6397, PSR: 0.00014170782273396657 y: 80
prediction: 246, radius: 0.5251, PSR: 8.634603391856897e-05 y: 246
prediction: 133, radius: 0.1424, PSR: 7.86337971269649e-06 y: 133
prediction: 226, radius: 0.6397, PSR: 0.00013502703684370112 y: 226
prediction: 266, radius: 0.6228, PSR: 0.00014492397081368604 y: 266
prediction: 115, radius: 0.6397, PSR: 0.00015110064067944213 y: 115
prediction: 219, radius: 0.4379, PSR: 5.393699948294905e-05 y: 219
prediction: 33, radius: 0.3250, PSR: 2.442029222605652e-05 y: 33
prediction: 147, radius: 0.3953, PSR: 5.704983524149542e-05 y: 147
prediction: 106, radius: 0.6228, PSR: 0.00021969618444436833 y: 106
prediction: 44, radius: 0.6228, PSR: 0.00012533729555870273 y: 44
prediction: 105, radius: 0.3453, PSR: 4.027827762060596e-05 y: 105
prediction: 145, radius: 0.5138, PSR: 9.12150951382709e-05 y: 145
prediction: 80, radius: 0.6397, PSR: 0.00011727598319307016 y: 80
prediction: 111, radius: 0.1757, PSR: 1.3818189310400959e-05 y: 111
prediction: 252, radius: 0.4710, PSR: 7.208662236547518e-05 y: 252
prediction: 56, radius: 0.2669, PSR: 3.097371352747594e-05 y: 56
prediction: 269, radius: 0.2645, PSR: 2.5016901279034517e-05 y: 269
prediction: 218, radius: 0.4547, PSR: 7.631540418421252e-05 y: 218
prediction: 8, radius: 0.2219, PSR: 1.1512430767512658e-05 y: 8
[91mprediction: -1, radius: 0.0000, PSR: 0.0 y: 215[0m
prediction: 237, radius: 0.4183, PSR: 6.466085965824431e-05 y: 237
prediction: 257, radius: 0.2071, PSR: 1.8048875555550967e-05 y: 257
prediction: 214, radius: 0.3061, PSR: 3.1722911001494814e-05 y: 214
prediction: 257, radius: 0.4052, PSR: 5.768176908244498e-05 y: 257
prediction: 105, radius: 0.3934, PSR: 5.623002716437959e-05 y: 105
prediction: 55, radius: 0.3965, PSR: 7.451375707863764e-05 y: 55
prediction: 231, radius: 0.3238, PSR: 3.466936896981299e-05 y: 231
prediction: 141, radius: 0.4432, PSR: 4.935222814200576e-05 y: 141
prediction: 78, radius: 0.3186, PSR: 4.810520513077663e-05 y: 78
prediction: 131, radius: 0.1136, PSR: 6.391407674397631e-06 y: 131
prediction: 89, radius: 0.0116, PSR: 5.528221973673327e-08 y: 89
prediction: 72, radius: 0.1968, PSR: 1.771171184688786e-05 y: 72
prediction: 156, radius: 0.3832, PSR: 5.895939692036498e-05 y: 156
prediction: 232, radius: 0.5087, PSR: 9.443440441149181e-05 y: 232
prediction: 100, radius: 0.1742, PSR: 1.3613332486751286e-05 y: 100
prediction: 176, radius: 0.5821, PSR: 0.0001042451324329697 y: 176
prediction: 216, radius: 0.3575, PSR: 5.232980740169091e-05 y: 216
prediction: 21, radius: 0.3822, PSR: 3.4095139236671487e-05 y: 21
prediction: 64, radius: 0.3409, PSR: 3.63263160186e-05 y: 64
prediction: 47, radius: 0.3214, PSR: 4.8425000874803185e-05 y: 47
prediction: 204, radius: 0.2673, PSR: 2.473859661444012e-05 y: 204
prediction: 190, radius: 0.5388, PSR: 7.499437191467024e-05 y: 190
prediction: 56, radius: 0.1889, PSR: 1.718335026189521e-05 y: 56
prediction: 111, radius: 0.1433, PSR: 7.914010466701332e-06 y: 111
prediction: 165, radius: 0.5230, PSR: 9.569881563960062e-05 y: 165
prediction: 29, radius: 0.1645, PSR: 6.165554612761815e-06 y: 29
prediction: 48, radius: 0.5769, PSR: 0.00012523862726020247 y: 48
prediction: 257, radius: 0.6397, PSR: 0.00010420772919331982 y: 257
[91mprediction: -1, radius: 0.0000, PSR: 0.0 y: 64[0m
prediction: 18, radius: 0.1497, PSR: 6.480794412197485e-06 y: 15
prediction: 47, radius: 0.2287, PSR: 2.3373869430378086e-05 y: 47
prediction: 209, radius: 0.1438, PSR: 5.0725987895002315e-06 y: 209
prediction: 214, radius: 0.0625, PSR: 1.954037745167014e-06 y: 214
prediction: 271, radius: 0.4438, PSR: 8.569666995829646e-05 y: 271
prediction: 16, radius: 0.0801, PSR: 1.7098847362858506e-06 y: 15
prediction: 73, radius: 0.2753, PSR: 2.5558624654069628e-05 y: 73
prediction: 103, radius: 0.0843, PSR: 2.4979973005254793e-06 y: 103
prediction: 51, radius: 0.3152, PSR: 4.404741988704483e-05 y: 51
prediction: 170, radius: 0.2539, PSR: 2.266039220712032e-05 y: 170
prediction: 60, radius: 0.2764, PSR: 3.287955510672077e-05 y: 60
prediction: 235, radius: 0.5173, PSR: 7.34676369824253e-05 y: 235
prediction: 238, radius: 0.4672, PSR: 8.10173780783332e-05 y: 238
prediction: 136, radius: 0.6397, PSR: 0.0001445046772773143 y: 136
prediction: 92, radius: 0.3320, PSR: 4.84097068753622e-05 y: 92
prediction: 128, radius: 0.4480, PSR: 8.194254946668229e-05 y: 128
prediction: 238, radius: 0.3448, PSR: 3.9333579036864414e-05 y: 238
prediction: 224, radius: 0.2725, PSR: 2.4448056302329237e-05 y: 224
prediction: 194, radius: 0.3415, PSR: 4.075966878923839e-05 y: 194
prediction: 73, radius: 0.2640, PSR: 2.5297662296119845e-05 y: 73
prediction: 169, radius: 0.5104, PSR: 7.510127962039459e-05 y: 169
[91mprediction: -1, radius: 0.0000, PSR: 0.0 y: 270[0m
prediction: 171, radius: 0.3333, PSR: 3.489874028799227e-05 y: 171
prediction: 260, radius: 0.1168, PSR: 4.998044715343557e-06 y: 263
prediction: 137, radius: 0.4386, PSR: 7.657681043785176e-05 y: 137
prediction: 193, radius: 0.2865, PSR: 2.8788892986016613e-05 y: 193
prediction: 233, radius: 0.5211, PSR: 9.077575637891256e-05 y: 233
prediction: 201, radius: 0.5469, PSR: 7.154609277204795e-05 y: 201
prediction: 151, radius: 0.6397, PSR: 0.0001483212950281048 y: 151
prediction: 99, radius: 0.1091, PSR: 4.7533260175565325e-06 y: 99
prediction: 189, radius: 0.4198, PSR: 4.544707896206342e-05 y: 189
prediction: 81, radius: 0.4547, PSR: 9.402277024984794e-05 y: 81
prediction: 168, radius: 0.5041, PSR: 6.657742260237352e-05 y: 168
prediction: 26, radius: 0.1059, PSR: 2.512569168956728e-06 y: 26
Average radius for psr_0.5_std_1: 0.3964396339761846
---------------------------------------------------------------------------------------------------------
[91mprediction: -1, radius: 0.0000, PSR: 0.0 y: 90[0m
prediction: 174, radius: 0.3468, PSR: 4.215786490139538e-05 y: 174
prediction: 5, radius: 0.4509, PSR: 5.229861448644726e-05 y: 5
prediction: 27, radius: 0.6397, PSR: 0.00010894020615300588 y: 27
[91mprediction: -1, radius: 0.0000, PSR: 0.0 y: 89[0m
prediction: 20, radius: 0.6397, PSR: 0.00010424786467301829 y: 39
prediction: 131, radius: 0.4070, PSR: 5.5269698800596716e-05 y: 131
prediction: 73, radius: 0.3036, PSR: 3.204713675231265e-05 y: 73
prediction: 119, radius: 0.3289, PSR: 4.5029851043960054e-05 y: 119
prediction: 227, radius: 0.2942, PSR: 3.739426573490973e-05 y: 227
prediction: 33, radius: 0.1160, PSR: 3.71347126494031e-06 y: 15
prediction: 87, radius: 0.3709, PSR: 4.7101218020421326e-05 y: 87
prediction: 223, radius: 0.2360, PSR: 2.027855258883387e-05 y: 223
prediction: 59, radius: 0.4710, PSR: 8.751796142538914e-05 y: 59
prediction: 255, radius: 0.4845, PSR: 0.00012083945547426082 y: 255
prediction: 20, radius: 0.6397, PSR: 9.834528819129828e-05 y: 39
prediction: 91, radius: 0.6397, PSR: 0.0002328567802959042 y: 91
prediction: 36, radius: 0.1748, PSR: 7.35899893915585e-06 y: 36
prediction: 72, radius: 0.2280, PSR: 2.2905747685753044e-05 y: 72
prediction: 47, radius: 0.2618, PSR: 3.064046031446699e-05 y: 47
prediction: 117, radius: 0.5944, PSR: 9.647723371682968e-05 y: 117
prediction: 164, radius: 0.5769, PSR: 0.00011169604592367323 y: 164
prediction: 163, radius: 0.4983, PSR: 7.738005295951509e-05 y: 163
prediction: 102, radius: 0.4065, PSR: 7.443861013527808e-05 y: 102
prediction: 166, radius: 0.2570, PSR: 1.931610040816017e-05 y: 166
prediction: 252, radius: 0.3444, PSR: 3.5284020566131246e-05 y: 252
prediction: 34, radius: 0.3472, PSR: 2.7456744086483966e-05 y: 34
prediction: 201, radius: 0.2246, PSR: 1.2471878305400499e-05 y: 201
prediction: 132, radius: 0.3981, PSR: 4.5661912982036586e-05 y: 132
prediction: 251, radius: 0.4203, PSR: 5.31861779488422e-05 y: 251
prediction: 68, radius: 0.4710, PSR: 8.113534660511682e-05 y: 68
prediction: 155, radius: 0.4555, PSR: 6.471137587669363e-05 y: 155
prediction: 238, radius: 0.3700, PSR: 5.5622208975527215e-05 y: 238
prediction: 230, radius: 0.5251, PSR: 9.439066811573267e-05 y: 230
prediction: 92, radius: 0.2853, PSR: 3.616766745201434e-05 y: 92
prediction: 179, radius: 0.6397, PSR: 0.0001857998145790657 y: 179
prediction: 131, radius: 0.0294, PSR: 4.4533065023318283e-07 y: 131
prediction: 253, radius: 0.6228, PSR: 0.00010892938937980128 y: 253
prediction: 182, radius: 0.4134, PSR: 6.759846531680193e-05 y: 182
prediction: 167, radius: 0.6397, PSR: 0.00015377963964463838 y: 167
[91mprediction: -1, radius: 0.0000, PSR: 0.0 y: 32[0m
prediction: 217, radius: 0.2182, PSR: 1.278490966172329e-05 y: 217
prediction: 222, radius: 0.3664, PSR: 5.940838995747794e-05 y: 222
prediction: 91, radius: 0.6397, PSR: 0.00017593357095893426 y: 91
prediction: 62, radius: 0.4749, PSR: 8.128724628151047e-05 y: 62
prediction: 171, radius: 0.4124, PSR: 4.2384628111105716e-05 y: 171
prediction: 69, radius: 0.4438, PSR: 4.894143159539011e-05 y: 69
prediction: 251, radius: 0.3066, PSR: 2.8303171260249827e-05 y: 251
prediction: 196, radius: 0.1449, PSR: 6.9495011064763625e-06 y: 196
prediction: 232, radius: 0.4587, PSR: 7.140060576818884e-05 y: 232
prediction: 150, radius: 0.4801, PSR: 8.591209826626036e-05 y: 150
prediction: 143, radius: 0.5251, PSR: 0.00012059806994369771 y: 143
[91mprediction: -1, radius: 0.0000, PSR: 0.0 y: 270[0m
prediction: 220, radius: 0.3075, PSR: 2.533479068976459e-05 y: 220
prediction: 258, radius: 0.6020, PSR: 0.00015733992108661618 y: 258
prediction: 274, radius: 0.1788, PSR: 1.3199929265988181e-05 y: 274
prediction: 74, radius: 0.4628, PSR: 6.84872294450331e-05 y: 74
[91mprediction: -1, radius: 0.0000, PSR: 0.0 y: 263[0m
prediction: 167, radius: 0.6397, PSR: 0.00012656182588446156 y: 167
prediction: 155, radius: 0.4494, PSR: 7.030016005077729e-05 y: 155
prediction: 64, radius: 0.2441, PSR: 2.0126632099695624e-05 y: 64
prediction: 137, radius: 0.5056, PSR: 0.00011682777614701226 y: 137
prediction: 81, radius: 0.3297, PSR: 4.590740403609902e-05 y: 81
prediction: 177, radius: 0.5363, PSR: 9.510638456203618e-05 y: 177
prediction: 202, radius: 0.4539, PSR: 5.9135487211880265e-05 y: 202
prediction: 264, radius: 0.2875, PSR: 3.4992685297518913e-05 y: 264
prediction: 123, radius: 0.2567, PSR: 2.668299024948791e-05 y: 123
prediction: 100, radius: 0.5011, PSR: 7.695726087841981e-05 y: 100
prediction: 44, radius: 0.6112, PSR: 0.00013875705014590329 y: 44
prediction: 62, radius: 0.3893, PSR: 5.96846722784299e-05 y: 62
prediction: 196, radius: 0.3216, PSR: 3.266030964402323e-05 y: 196
prediction: 214, radius: 0.4193, PSR: 4.5782414998432845e-05 y: 214
prediction: 4, radius: 0.5026, PSR: 5.8922558586190034e-05 y: 4
prediction: 32, radius: 0.0707, PSR: 1.6442298891177123e-06 y: 32
prediction: 12, radius: 0.4203, PSR: 4.2467757893622954e-05 y: 12
prediction: 264, radius: 0.4245, PSR: 7.768010429835251e-05 y: 264
prediction: 189, radius: 0.4655, PSR: 8.904129308540195e-05 y: 189
prediction: 170, radius: 0.2639, PSR: 1.9291425405704077e-05 y: 170
prediction: 236, radius: 0.1497, PSR: 6.206203146367699e-06 y: 236
prediction: 13, radius: 0.2686, PSR: 1.5964945950112107e-05 y: 13
prediction: 195, radius: 0.5821, PSR: 0.00011296409554132321 y: 195
prediction: 139, radius: 0.1772, PSR: 1.4752544046208856e-05 y: 139
prediction: 132, radius: 0.3404, PSR: 3.5415412203723485e-05 y: 132
prediction: 211, radius: 0.0563, PSR: 1.1893869971133696e-06 y: 211
prediction: 53, radius: 0.1419, PSR: 9.260783301567126e-06 y: 53
prediction: 224, radius: 0.1904, PSR: 1.3132075991908774e-05 y: 224
prediction: 56, radius: 0.3316, PSR: 5.352815492707674e-05 y: 56
prediction: 72, radius: 0.3309, PSR: 4.281076938663196e-05 y: 72
prediction: 81, radius: 0.3520, PSR: 5.135343681699502e-05 y: 81
prediction: 170, radius: 0.2797, PSR: 2.487270827488875e-05 y: 170
prediction: 156, radius: 0.5138, PSR: 8.948092195428706e-05 y: 156
prediction: 11, radius: 0.0654, PSR: 1.0324618912734174e-06 y: 11
prediction: 197, radius: 0.2869, PSR: 3.188809833425578e-05 y: 197
prediction: 262, radius: 0.2802, PSR: 3.107590029222764e-05 y: 262
prediction: 135, radius: 0.6112, PSR: 0.0001495316947673773 y: 135
prediction: 231, radius: 0.2716, PSR: 2.575465322365724e-05 y: 231
prediction: 3, radius: 0.6397, PSR: 9.381144402785305e-05 y: 3
prediction: 89, radius: 0.1350, PSR: 7.216940399257826e-06 y: 89
prediction: 110, radius: 0.6397, PSR: 0.00010831768364215123 y: 110
prediction: 25, radius: 0.6112, PSR: 0.000112831874732996 y: 25
prediction: 74, radius: 0.2022, PSR: 1.7423776875779485e-05 y: 74
prediction: 70, radius: 0.2189, PSR: 1.4141886980967971e-05 y: 70
prediction: 194, radius: 0.3043, PSR: 2.745260719224655e-05 y: 194
prediction: 167, radius: 0.6397, PSR: 0.00010828505942126859 y: 167
prediction: 79, radius: 0.3941, PSR: 6.159635365297852e-05 y: 79
[91mprediction: -1, radius: 0.0000, PSR: 0.0 y: 65[0m
prediction: 231, radius: 0.3860, PSR: 4.981441184375566e-05 y: 231
prediction: 230, radius: 0.3989, PSR: 4.0327773534403884e-05 y: 230
prediction: 208, radius: 0.4620, PSR: 7.849887870683981e-05 y: 208
prediction: 254, radius: 0.2641, PSR: 2.6359757685777156e-05 y: 254
prediction: 206, radius: 0.4070, PSR: 5.819556074638409e-05 y: 206
prediction: 139, radius: 0.2337, PSR: 1.933329600324401e-05 y: 139
prediction: 180, radius: 0.4823, PSR: 5.858628697999701e-05 y: 180
prediction: 58, radius: 0.2228, PSR: 2.4761466011286907e-05 y: 58
prediction: 84, radius: 0.4342, PSR: 7.612897147475051e-05 y: 84
prediction: 113, radius: 0.3993, PSR: 5.490397914703785e-05 y: 113
prediction: 99, radius: 0.0601, PSR: 1.559238445920231e-06 y: 99
prediction: 89, radius: 0.0645, PSR: 1.7563586028917645e-06 y: 89
prediction: 171, radius: 0.1948, PSR: 1.0217344330219511e-05 y: 171
prediction: 74, radius: 0.1906, PSR: 1.4487653551807814e-05 y: 74
prediction: 18, radius: 0.1062, PSR: 2.7049992716331566e-06 y: 18
prediction: 170, radius: 0.3297, PSR: 3.2661610727128434e-05 y: 170
prediction: 115, radius: 0.6020, PSR: 0.00010227735367726473 y: 115
prediction: 117, radius: 0.4628, PSR: 8.961274999776528e-05 y: 117
prediction: 115, radius: 0.5388, PSR: 0.00012800072750395448 y: 115
prediction: 53, radius: 0.3383, PSR: 3.8073257858155726e-05 y: 53
prediction: 132, radius: 0.4290, PSR: 5.6582074514454985e-05 y: 132
prediction: 67, radius: 0.2674, PSR: 2.7442196204318566e-05 y: 67
[91mprediction: -1, radius: 0.0000, PSR: 0.0 y: 10[0m
prediction: 82, radius: 0.6397, PSR: 0.00010933912196584217 y: 82
prediction: 205, radius: 0.4295, PSR: 8.120730756630048e-05 y: 205
prediction: 229, radius: 0.4203, PSR: 6.597354047061344e-05 y: 229
prediction: 51, radius: 0.2211, PSR: 2.595073187407606e-05 y: 51
prediction: 139, radius: 0.1617, PSR: 1.2351028119951406e-05 y: 139
prediction: 247, radius: 0.4319, PSR: 4.361471853853512e-05 y: 247
prediction: 209, radius: 0.0758, PSR: 2.0691547493369667e-06 y: 209
prediction: 178, radius: 0.6397, PSR: 0.0001221261447931804 y: 178
prediction: 23, radius: 0.4956, PSR: 5.586587772133193e-05 y: 23
prediction: 179, radius: 0.2083, PSR: 1.5437645054866616e-05 y: 179
prediction: 275, radius: 0.0890, PSR: 3.411966344531167e-06 y: 275
prediction: 26, radius: 0.1716, PSR: 6.827981225984836e-06 y: 26
prediction: 132, radius: 0.2868, PSR: 2.9865065750070976e-05 y: 132
prediction: 233, radius: 0.6228, PSR: 9.900175939391957e-05 y: 233
[91mprediction: -1, radius: 0.0000, PSR: 0.0 y: 15[0m
[91mprediction: -1, radius: 0.0000, PSR: 0.0 y: 32[0m
prediction: 64, radius: 0.1872, PSR: 1.223488717285228e-05 y: 64
prediction: 195, radius: 0.3439, PSR: 4.717812597438097e-05 y: 195
prediction: 110, radius: 0.5944, PSR: 0.00014508281255194518 y: 110
prediction: 165, radius: 0.6020, PSR: 9.510833717858876e-05 y: 165
prediction: 42, radius: 0.5469, PSR: 9.198760767504917e-05 y: 42
prediction: 217, radius: 0.5041, PSR: 7.07743020293943e-05 y: 217
prediction: 252, radius: 0.4240, PSR: 5.922090648046171e-05 y: 252
prediction: 21, radius: 0.6020, PSR: 8.288501035493088e-05 y: 21
prediction: 268, radius: 0.6397, PSR: 0.00017633335819085096 y: 268
[91mprediction: -1, radius: 0.0000, PSR: 0.0 y: 123[0m
prediction: 83, radius: 0.3993, PSR: 6.136298247749644e-05 y: 83
prediction: 55, radius: 0.4997, PSR: 0.00013058749935639552 y: 55
prediction: 239, radius: 0.2021, PSR: 1.2224260922813017e-05 y: 239
prediction: 162, radius: 0.4956, PSR: 8.611102673081833e-05 y: 162
prediction: 230, radius: 0.1561, PSR: 7.529721894053603e-06 y: 230
prediction: 186, radius: 0.6397, PSR: 0.0001312855931076953 y: 186
prediction: 169, radius: 0.5230, PSR: 6.883038561932476e-05 y: 169
prediction: 235, radius: 0.6397, PSR: 0.0001032774589285533 y: 235
prediction: 187, radius: 0.2034, PSR: 1.3431489652564704e-05 y: 187
prediction: 160, radius: 0.6020, PSR: 0.00013886384193913132 y: 160
prediction: 92, radius: 0.4823, PSR: 8.243710190805927e-05 y: 92
prediction: 57, radius: 0.3060, PSR: 4.05209294942231e-05 y: 57
[91mprediction: -1, radius: 0.0000, PSR: 0.0 y: 6[0m
prediction: 180, radius: 0.0187, PSR: 1.402358740030901e-07 y: 180
prediction: 176, radius: 0.5678, PSR: 0.00011062528161295554 y: 176
prediction: 254, radius: 0.2190, PSR: 1.9467785929657707e-05 y: 254
prediction: 173, radius: 0.6397, PSR: 0.00012252294378932004 y: 173
prediction: 58, radius: 0.4983, PSR: 9.387780130316486e-05 y: 58
[91mprediction: -1, radius: 0.0000, PSR: 0.0 y: 19[0m
prediction: 44, radius: 0.4158, PSR: 7.945963391204079e-05 y: 44
prediction: 58, radius: 0.2107, PSR: 2.0167955869931488e-05 y: 58
prediction: 65, radius: 0.1491, PSR: 1.0177353470402373e-05 y: 65
prediction: 112, radius: 0.6397, PSR: 0.0001421862321205018 y: 112
prediction: 193, radius: 0.5138, PSR: 8.363345775817115e-05 y: 193
prediction: 200, radius: 0.6112, PSR: 0.00011646099640401903 y: 200
prediction: 194, radius: 0.2276, PSR: 1.9860971174148808e-05 y: 194
prediction: 74, radius: 0.0608, PSR: 1.6767536554597776e-06 y: 74
prediction: 136, radius: 0.4983, PSR: 8.557853446330383e-05 y: 136
prediction: 117, radius: 0.4052, PSR: 7.35826289707487e-05 y: 117
prediction: 205, radius: 0.5564, PSR: 0.00011423356233912693 y: 205
prediction: 222, radius: 0.4153, PSR: 6.828318741828609e-05 y: 222
prediction: 46, radius: 0.4348, PSR: 7.300291943966475e-05 y: 46
prediction: 107, radius: 0.1280, PSR: 6.908402434122064e-06 y: 107
prediction: 243, radius: 0.2995, PSR: 2.684939272115756e-05 y: 243
prediction: 230, radius: 0.3293, PSR: 2.6017443578625923e-05 y: 230
prediction: 28, radius: 0.4065, PSR: 4.6167545052075956e-05 y: 28
prediction: 104, radius: 0.6397, PSR: 9.545868026873576e-05 y: 104
prediction: 255, radius: 0.0129, PSR: 7.976599582510665e-08 y: 263
prediction: 206, radius: 0.1557, PSR: 5.887622709000935e-06 y: 206
prediction: 260, radius: 0.2281, PSR: 1.6751862814357957e-05 y: 263
prediction: 20, radius: 0.6397, PSR: 9.280829977852676e-05 y: 39
prediction: 36, radius: 0.3134, PSR: 2.5227245832024405e-05 y: 36
prediction: 88, radius: 0.3596, PSR: 4.764333528747911e-05 y: 88
prediction: 109, radius: 0.5192, PSR: 7.813895951562211e-05 y: 109
prediction: 259, radius: 0.0947, PSR: 2.608305664035423e-06 y: 259
prediction: 185, radius: 0.3694, PSR: 5.2680586345985366e-05 y: 185
prediction: 153, radius: 0.6397, PSR: 0.00015088028604596848 y: 153
prediction: 193, radius: 0.5271, PSR: 7.09657702425315e-05 y: 193
prediction: 95, radius: 0.1841, PSR: 1.10153182795658e-05 y: 95
prediction: 150, radius: 0.5087, PSR: 0.00010039746158696305 y: 150
prediction: 146, radius: 0.6397, PSR: 9.73368164957588e-05 y: 146
prediction: 103, radius: 0.2521, PSR: 2.3072796191637463e-05 y: 103
prediction: 50, radius: 0.3402, PSR: 4.976633052755365e-05 y: 50
prediction: 268, radius: 0.6397, PSR: 0.00018574597236674817 y: 268
prediction: 18, radius: 0.0445, PSR: 5.376052495178753e-07 y: 18
prediction: 112, radius: 0.5499, PSR: 0.000125500309514675 y: 112
prediction: 244, radius: 0.6020, PSR: 9.357468150026487e-05 y: 244
prediction: 204, radius: 0.1478, PSR: 6.6925933136357565e-06 y: 204
prediction: 265, radius: 0.1758, PSR: 1.2441772820456359e-05 y: 265
prediction: 119, radius: 0.3293, PSR: 4.0574071112998094e-05 y: 119
prediction: 217, radius: 0.5821, PSR: 0.0001189451505059932 y: 217
prediction: 121, radius: 0.5637, PSR: 8.144002466052856e-05 y: 121
prediction: 218, radius: 0.4672, PSR: 9.575622286517486e-05 y: 218
prediction: 241, radius: 0.3926, PSR: 4.07612604540215e-05 y: 241
prediction: 271, radius: 0.4022, PSR: 6.814852420403485e-05 y: 271
prediction: 146, radius: 0.5721, PSR: 0.0001280799722833885 y: 146
prediction: 175, radius: 0.4620, PSR: 7.074229173648548e-05 y: 175
prediction: 21, radius: 0.1745, PSR: 6.708259734421466e-06 y: 21
prediction: 273, radius: 0.5230, PSR: 9.459752089126108e-05 y: 273
prediction: 198, radius: 0.3644, PSR: 4.5954412197670054e-05 y: 198
prediction: 249, radius: 0.1927, PSR: 8.70325199954112e-06 y: 249
[91mprediction: -1, radius: 0.0000, PSR: 0.0 y: 33[0m
prediction: 59, radius: 0.5678, PSR: 0.00011497691203181908 y: 59
prediction: 249, radius: 0.5173, PSR: 9.244071880183242e-05 y: 249
prediction: 231, radius: 0.3128, PSR: 3.337603854140455e-05 y: 231
prediction: 241, radius: 0.3316, PSR: 4.1817463433914145e-05 y: 241
prediction: 173, radius: 0.6020, PSR: 0.0001408479509470973 y: 173
prediction: 67, radius: 0.3911, PSR: 6.069861929131908e-05 y: 67
prediction: 172, radius: 0.1788, PSR: 9.608468417688677e-06 y: 172
prediction: 64, radius: 0.0847, PSR: 2.310735566241922e-06 y: 64
prediction: 173, radius: 0.5678, PSR: 0.00011188335285116484 y: 173
prediction: 133, radius: 0.1992, PSR: 1.4952613709892264e-05 y: 133
prediction: 62, radius: 0.2130, PSR: 2.0946665861870794e-05 y: 62
prediction: 177, radius: 0.3889, PSR: 4.598379464921326e-05 y: 177
prediction: 61, radius: 0.2860, PSR: 3.9828070759502416e-05 y: 61
prediction: 228, radius: 0.4997, PSR: 9.22353916160215e-05 y: 228
prediction: 87, radius: 0.3594, PSR: 3.7304974645109005e-05 y: 87
prediction: 141, radius: 0.3688, PSR: 4.705069000696359e-05 y: 141
prediction: 143, radius: 0.6397, PSR: 0.00012288815736708963 y: 143
prediction: 173, radius: 0.6397, PSR: 0.0001346188552556754 y: 173
prediction: 165, radius: 0.4956, PSR: 8.484968641555711e-05 y: 165
prediction: 24, radius: 0.5414, PSR: 7.498295307653549e-05 y: 24
prediction: 81, radius: 0.3372, PSR: 5.1555371990766116e-05 y: 81
prediction: 151, radius: 0.6397, PSR: 0.000150175485923454 y: 151
prediction: 4, radius: 0.4930, PSR: 5.648141423991178e-05 y: 4
prediction: 21, radius: 0.1730, PSR: 6.89305277773577e-06 y: 21
prediction: 41, radius: 0.4983, PSR: 8.822768890363498e-05 y: 41
prediction: 254, radius: 0.2942, PSR: 4.12806788607977e-05 y: 254
prediction: 19, radius: 0.1433, PSR: 5.1646293281173794e-06 y: 19
prediction: 98, radius: 0.2821, PSR: 3.8576038628545815e-05 y: 98
prediction: 142, radius: 0.5469, PSR: 0.00010597002060394554 y: 142
prediction: 192, radius: 0.1058, PSR: 3.0649157026906458e-06 y: 192
prediction: 68, radius: 0.0485, PSR: 7.162276888167908e-07 y: 270
prediction: 66, radius: 0.2539, PSR: 2.4646234079633173e-05 y: 66
prediction: 183, radius: 0.5414, PSR: 0.00010785005695646989 y: 183
prediction: 127, radius: 0.3624, PSR: 3.731367213099609e-05 y: 127
prediction: 0, radius: 0.5293, PSR: 8.023483514457755e-05 y: 0
prediction: 48, radius: 0.4905, PSR: 0.0001053965484863625 y: 48
prediction: 18, radius: 0.2847, PSR: 1.858472353969089e-05 y: 37
prediction: 186, radius: 0.6397, PSR: 0.00010427332164508216 y: 186
prediction: 179, radius: 0.6397, PSR: 0.0001393026302585908 y: 179
[91mprediction: -1, radius: 0.0000, PSR: 0.0 y: 215[0m
prediction: 195, radius: 0.6020, PSR: 8.390583525402678e-05 y: 195
prediction: 154, radius: 0.6228, PSR: 9.676674838114731e-05 y: 154
prediction: 187, radius: 0.1447, PSR: 7.630757949367164e-06 y: 187
prediction: 141, radius: 0.3289, PSR: 3.8992272030932464e-05 y: 141
prediction: 157, radius: 0.3512, PSR: 4.623313390884027e-05 y: 157
prediction: 8, radius: 0.4943, PSR: 5.853987586760018e-05 y: 8
prediction: 138, radius: 0.4739, PSR: 5.9712544937083874e-05 y: 138
prediction: 209, radius: 0.2422, PSR: 1.6042441373008142e-05 y: 209
prediction: 222, radius: 0.5173, PSR: 9.891594788433469e-05 y: 222
prediction: 25, radius: 0.4418, PSR: 5.837987397215633e-05 y: 25
prediction: 125, radius: 0.2305, PSR: 2.152575826235573e-05 y: 125
prediction: 115, radius: 0.5251, PSR: 8.521203535099715e-05 y: 115
prediction: 135, radius: 0.6397, PSR: 0.00015210743958070206 y: 135
prediction: 237, radius: 0.4262, PSR: 5.85443826619743e-05 y: 237
prediction: 187, radius: 0.1687, PSR: 7.237960450481725e-06 y: 187
prediction: 138, radius: 0.5315, PSR: 8.993671776573914e-05 y: 138
prediction: 206, radius: 0.4997, PSR: 8.704491247505935e-05 y: 206
prediction: 164, radius: 0.6228, PSR: 0.00010369498805485882 y: 164
prediction: 214, radius: 0.2836, PSR: 2.2858189128352523e-05 y: 214
prediction: 121, radius: 0.3191, PSR: 3.706016856270703e-05 y: 121
prediction: 16, radius: 0.3434, PSR: 2.6984640166116973e-05 y: 16
prediction: 56, radius: 0.3191, PSR: 3.774656643571427e-05 y: 56
prediction: 132, radius: 0.2221, PSR: 1.976634877654215e-05 y: 132
prediction: 260, radius: 0.3377, PSR: 5.528737334877475e-05 y: 260
prediction: 38, radius: 0.3775, PSR: 3.081930413252877e-05 y: 38
prediction: 122, radius: 0.6397, PSR: 0.00010810529762006795 y: 122
prediction: 184, radius: 0.6397, PSR: 0.00015408733465980496 y: 184
prediction: 157, radius: 0.5600, PSR: 9.650755674788441e-05 y: 157
prediction: 41, radius: 0.5821, PSR: 0.000117400932813499 y: 41
prediction: 89, radius: 0.2270, PSR: 1.9916843157933423e-05 y: 89
prediction: 226, radius: 0.6397, PSR: 0.00012831281286302757 y: 226
prediction: 179, radius: 0.6397, PSR: 0.00014020697230898664 y: 179
prediction: 254, radius: 0.2512, PSR: 1.8821445114605074e-05 y: 254
prediction: 2, radius: 0.6397, PSR: 0.0001351243608765817 y: 2
[91mprediction: -1, radius: 0.0000, PSR: 0.0 y: 215[0m
prediction: 201, radius: 0.6397, PSR: 0.00011091678490757297 y: 201
prediction: 230, radius: 0.6112, PSR: 0.00013747722132626488 y: 230
prediction: 272, radius: 0.0875, PSR: 3.568486960689763e-06 y: 272
prediction: 65, radius: 0.0159, PSR: 1.1934320045167987e-07 y: 65
prediction: 76, radius: 0.6397, PSR: 0.00015869364768517346 y: 76
prediction: 222, radius: 0.3125, PSR: 2.876671118707904e-05 y: 222
prediction: 187, radius: 0.5072, PSR: 7.074157566359858e-05 y: 187
prediction: 261, radius: 0.4193, PSR: 8.231066719025209e-05 y: 261
prediction: 134, radius: 0.4531, PSR: 6.682501914510148e-05 y: 134
prediction: 117, radius: 0.5230, PSR: 7.97105266672093e-05 y: 117
prediction: 87, radius: 0.3599, PSR: 3.9594853296313566e-05 y: 87
prediction: 204, radius: 0.3309, PSR: 3.022410216553428e-05 y: 204
prediction: 11, radius: 0.0681, PSR: 1.0974281227202959e-06 y: 17
prediction: 154, radius: 0.5821, PSR: 0.00013450583623105485 y: 154
prediction: 58, radius: 0.3087, PSR: 3.2485698826998505e-05 y: 58
prediction: 102, radius: 0.3112, PSR: 3.87572753272664e-05 y: 102
prediction: 228, radius: 0.5769, PSR: 0.00011104269815250576 y: 228
prediction: 117, radius: 0.6020, PSR: 9.90629972830803e-05 y: 117
prediction: 224, radius: 0.4005, PSR: 5.988502956472229e-05 y: 224
prediction: 94, radius: 0.4168, PSR: 5.6207322589882825e-05 y: 94
prediction: 191, radius: 0.6228, PSR: 0.00013596882984273894 y: 191
prediction: 199, radius: 0.3715, PSR: 4.238296196939002e-05 y: 199
prediction: 172, radius: 0.3455, PSR: 4.8942719816234585e-05 y: 172
prediction: 61, radius: 0.3282, PSR: 3.8281111559773804e-05 y: 61
prediction: 129, radius: 0.4729, PSR: 8.048870353836416e-05 y: 129
prediction: 207, radius: 0.5072, PSR: 9.136183946146759e-05 y: 207
prediction: 242, radius: 0.1032, PSR: 4.998025431169762e-06 y: 242
prediction: 243, radius: 0.2334, PSR: 1.8106887165838496e-05 y: 243
prediction: 25, radius: 0.1770, PSR: 9.487923925213826e-06 y: 32
prediction: 49, radius: 0.5041, PSR: 9.023392099885668e-05 y: 49
prediction: 105, radius: 0.3451, PSR: 4.3645956546977585e-05 y: 105
prediction: 63, radius: 0.5637, PSR: 0.00010455958458352781 y: 63
prediction: 108, radius: 0.6397, PSR: 0.0001572328572742303 y: 108
prediction: 147, radius: 0.6397, PSR: 0.0001582950800807263 y: 147
prediction: 46, radius: 0.6397, PSR: 0.00011843972513288963 y: 46
prediction: 8, radius: 0.2678, PSR: 1.7256428617190018e-05 y: 8
prediction: 122, radius: 0.6228, PSR: 0.0001293900306012844 y: 122
prediction: 22, radius: 0.6397, PSR: 0.00011009382555461214 y: 22
prediction: 123, radius: 0.2778, PSR: 3.16806394547851e-05 y: 123
prediction: 204, radius: 0.1924, PSR: 9.021091099119473e-06 y: 204
prediction: 167, radius: 0.6397, PSR: 0.00011890601612170818 y: 167
prediction: 36, radius: 0.2026, PSR: 1.0135164213930306e-05 y: 36
prediction: 240, radius: 0.2720, PSR: 1.9998675140247948e-05 y: 240
[91mprediction: -1, radius: 0.0000, PSR: 0.0 y: 215[0m
prediction: 156, radius: 0.5821, PSR: 0.00010424307305428486 y: 156
prediction: 57, radius: 0.1430, PSR: 8.360287849419084e-06 y: 57
prediction: 110, radius: 0.6397, PSR: 0.00010921086215675181 y: 110
prediction: 229, radius: 0.6397, PSR: 0.00010840156745653462 y: 229
prediction: 40, radius: 0.6397, PSR: 0.00011912304937423767 y: 40
prediction: 30, radius: 0.0860, PSR: 1.6783144376357074e-06 y: 30
prediction: 68, radius: 0.2020, PSR: 1.93163195498967e-05 y: 68
prediction: 109, radius: 0.4445, PSR: 6.232578411477732e-05 y: 109
prediction: 42, radius: 0.4682, PSR: 7.23977628445751e-05 y: 42
prediction: 93, radius: 0.3393, PSR: 3.171182479375621e-05 y: 93
prediction: 251, radius: 0.6020, PSR: 9.700663514230962e-05 y: 251
prediction: 271, radius: 0.4620, PSR: 8.586474859107688e-05 y: 271
prediction: 80, radius: 0.6397, PSR: 0.00014167275571276582 y: 80
prediction: 246, radius: 0.4823, PSR: 7.283683480849256e-05 y: 246
prediction: 133, radius: 0.1235, PSR: 5.9116317639482335e-06 y: 133
prediction: 226, radius: 0.6397, PSR: 0.00013499796106284162 y: 226
prediction: 266, radius: 0.6397, PSR: 0.0001529114606686949 y: 266
prediction: 115, radius: 0.6228, PSR: 0.00014314491043911678 y: 115
prediction: 219, radius: 0.4163, PSR: 4.8738706790776086e-05 y: 219
prediction: 33, radius: 0.2919, PSR: 1.9699327127629854e-05 y: 33
prediction: 147, radius: 0.3712, PSR: 5.0284962665587214e-05 y: 147
prediction: 106, radius: 0.6397, PSR: 0.00023173646618543402 y: 106
prediction: 44, radius: 0.6112, PSR: 0.0001206437307866438 y: 44
prediction: 105, radius: 0.3107, PSR: 3.259947462228621e-05 y: 105
prediction: 145, radius: 0.5138, PSR: 9.12050613640789e-05 y: 145
prediction: 80, radius: 0.6397, PSR: 0.00011722810241502695 y: 80
prediction: 111, radius: 0.1488, PSR: 9.915465135017183e-06 y: 111
prediction: 252, radius: 0.4578, PSR: 6.811788080527961e-05 y: 252
prediction: 56, radius: 0.2552, PSR: 2.8325491963781206e-05 y: 56
prediction: 269, radius: 0.2401, PSR: 2.0609349435398194e-05 y: 269
prediction: 218, radius: 0.4373, PSR: 7.060986130072513e-05 y: 218
prediction: 8, radius: 0.1759, PSR: 7.229817183119163e-06 y: 8
[91mprediction: -1, radius: 0.0000, PSR: 0.0 y: 215[0m
prediction: 237, radius: 0.3938, PSR: 5.729601901202796e-05 y: 237
prediction: 257, radius: 0.1879, PSR: 1.4847311131450802e-05 y: 257
prediction: 214, radius: 0.2883, PSR: 2.8116909292971776e-05 y: 214
prediction: 257, radius: 0.3900, PSR: 5.341566037598854e-05 y: 257
prediction: 105, radius: 0.3652, PSR: 4.845615372702938e-05 y: 105
prediction: 55, radius: 0.3849, PSR: 7.022176233446513e-05 y: 55
prediction: 231, radius: 0.3011, PSR: 2.9978743426192477e-05 y: 231
prediction: 141, radius: 0.4240, PSR: 4.51707435068643e-05 y: 141
prediction: 78, radius: 0.3248, PSR: 4.999735989545432e-05 y: 78
prediction: 131, radius: 0.1111, PSR: 6.118041214633893e-06 y: 131
[91mprediction: -1, radius: 0.0000, PSR: 0.0 y: 89[0m
prediction: 72, radius: 0.1745, PSR: 1.3929161662265062e-05 y: 72
prediction: 156, radius: 0.3743, PSR: 5.624627535195435e-05 y: 156
prediction: 232, radius: 0.5104, PSR: 9.504464753780019e-05 y: 232
prediction: 100, radius: 0.1570, PSR: 1.1057106847478518e-05 y: 100
prediction: 176, radius: 0.5564, PSR: 9.53006365581042e-05 y: 176
prediction: 216, radius: 0.3344, PSR: 4.578648852299982e-05 y: 216
prediction: 21, radius: 0.3291, PSR: 2.5278548230008734e-05 y: 21
prediction: 64, radius: 0.3357, PSR: 3.523457951222144e-05 y: 64
prediction: 47, radius: 0.3101, PSR: 4.507170514882527e-05 y: 47
prediction: 204, radius: 0.2414, PSR: 2.0178444968449147e-05 y: 204
prediction: 190, radius: 0.5441, PSR: 7.647772054926525e-05 y: 190
prediction: 56, radius: 0.1783, PSR: 1.530985660340642e-05 y: 56
prediction: 111, radius: 0.1215, PSR: 5.69512121338982e-06 y: 111
prediction: 165, radius: 0.5056, PSR: 8.943438998387421e-05 y: 165
prediction: 29, radius: 0.0985, PSR: 2.2143367770926015e-06 y: 29
prediction: 48, radius: 0.5769, PSR: 0.0001252123307162774 y: 48
prediction: 257, radius: 0.6397, PSR: 0.00010417596211142502 y: 257
[91mprediction: -1, radius: 0.0000, PSR: 0.0 y: 64[0m
prediction: 18, radius: 0.1719, PSR: 8.549956024716212e-06 y: 15
prediction: 47, radius: 0.2075, PSR: 1.9238114044807717e-05 y: 47
prediction: 209, radius: 0.1148, PSR: 3.236091693924183e-06 y: 209
prediction: 214, radius: 0.0419, PSR: 8.804873057018508e-07 y: 214
prediction: 271, radius: 0.4284, PSR: 7.981787836746031e-05 y: 271
prediction: 16, radius: 0.1030, PSR: 2.8260298386436046e-06 y: 15
prediction: 73, radius: 0.2385, PSR: 1.9167982815933432e-05 y: 73
prediction: 103, radius: 0.0499, PSR: 8.738409536277637e-07 y: 103
prediction: 51, radius: 0.3070, PSR: 4.178543146242084e-05 y: 51
prediction: 170, radius: 0.2240, PSR: 1.7629781688542434e-05 y: 170
prediction: 60, radius: 0.2462, PSR: 2.606518696002262e-05 y: 60
prediction: 235, radius: 0.4956, PSR: 6.743610576500982e-05 y: 235
prediction: 238, radius: 0.4719, PSR: 8.266766054538037e-05 y: 238
prediction: 136, radius: 0.6228, PSR: 0.00013695615350589052 y: 136
prediction: 92, radius: 0.3270, PSR: 4.695704506719095e-05 y: 92
prediction: 128, radius: 0.4324, PSR: 7.632638711787744e-05 y: 128
prediction: 238, radius: 0.3303, PSR: 3.607913432524123e-05 y: 238
prediction: 224, radius: 0.2484, PSR: 2.031836431376695e-05 y: 224
prediction: 194, radius: 0.3189, PSR: 3.5533426004150785e-05 y: 194
prediction: 73, radius: 0.2244, PSR: 1.8266133479913955e-05 y: 73
prediction: 169, radius: 0.5155, PSR: 7.662387282535568e-05 y: 169
[91mprediction: -1, radius: 0.0000, PSR: 0.0 y: 270[0m
prediction: 171, radius: 0.3112, PSR: 3.0415020923200997e-05 y: 171
prediction: 260, radius: 0.1556, PSR: 8.875781328483062e-06 y: 263
prediction: 137, radius: 0.4336, PSR: 7.483842293915564e-05 y: 137
prediction: 193, radius: 0.2678, PSR: 2.51485498586241e-05 y: 193
prediction: 233, radius: 0.4956, PSR: 8.212683855764535e-05 y: 233
prediction: 201, radius: 0.5087, PSR: 6.191174870831142e-05 y: 201
prediction: 151, radius: 0.6228, PSR: 0.0001406107878360245 y: 151
prediction: 99, radius: 0.0900, PSR: 3.239289791291398e-06 y: 99
prediction: 189, radius: 0.3765, PSR: 3.655903376786941e-05 y: 189
prediction: 81, radius: 0.4324, PSR: 8.50578406798502e-05 y: 81
prediction: 168, radius: 0.4587, PSR: 5.511127331397292e-05 y: 168
prediction: 26, radius: 0.0442, PSR: 4.3758753453014214e-07 y: 26
Average radius for psr_0.5_std_1: 0.38784437275641676
---------------------------------------------------------------------------------------------------------
[91mprediction: -1, radius: 0.0000, PSR: 0.0 y: 90[0m
prediction: 174, radius: 0.3199, PSR: 3.587601338149589e-05 y: 174
prediction: 5, radius: 0.4379, PSR: 4.932421575085343e-05 y: 5
prediction: 27, radius: 0.6397, PSR: 0.00010897575463298108 y: 27
[91mprediction: -1, radius: 0.0000, PSR: 0.0 y: 89[0m
prediction: 20, radius: 0.6397, PSR: 0.00010422585880142825 y: 39
prediction: 131, radius: 0.4031, PSR: 5.421283213657228e-05 y: 131
prediction: 73, radius: 0.2603, PSR: 2.355040598957387e-05 y: 73
prediction: 119, radius: 0.3224, PSR: 4.327561984220736e-05 y: 119
prediction: 227, radius: 0.2654, PSR: 3.0423067160825576e-05 y: 227
prediction: 33, radius: 0.1485, PSR: 6.081533133094017e-06 y: 15
prediction: 87, radius: 0.3575, PSR: 4.373838812890732e-05 y: 87
prediction: 223, radius: 0.2151, PSR: 1.6846599183411025e-05 y: 223
prediction: 59, radius: 0.4739, PSR: 8.859188192559648e-05 y: 59
prediction: 255, radius: 0.4769, PSR: 0.00011704409439627281 y: 255
prediction: 20, radius: 0.6397, PSR: 9.834049619489798e-05 y: 39
prediction: 91, radius: 0.6397, PSR: 0.000232816264598444 y: 91
prediction: 36, radius: 0.1278, PSR: 3.9330772143904485e-06 y: 36
prediction: 72, radius: 0.2122, PSR: 1.9846249677759444e-05 y: 72
prediction: 47, radius: 0.2516, PSR: 2.8318384691843155e-05 y: 47
prediction: 117, radius: 0.6228, PSR: 0.00010587323082445033 y: 117
prediction: 164, radius: 0.5879, PSR: 0.000115997693559547 y: 164
prediction: 163, radius: 0.4759, PSR: 7.055894757294474e-05 y: 163
prediction: 102, radius: 0.4139, PSR: 7.717013898437304e-05 y: 102
prediction: 166, radius: 0.2250, PSR: 1.4797943416800373e-05 y: 166
prediction: 252, radius: 0.3110, PSR: 2.8780893953597822e-05 y: 252
prediction: 34, radius: 0.3108, PSR: 2.200185140729652e-05 y: 34
prediction: 201, radius: 0.1748, PSR: 7.561430639787499e-06 y: 201
prediction: 132, radius: 0.3882, PSR: 4.3406522583545485e-05 y: 132
prediction: 251, radius: 0.3878, PSR: 4.5282613909401726e-05 y: 251
prediction: 68, radius: 0.4759, PSR: 8.283508427885594e-05 y: 68
prediction: 155, radius: 0.4158, PSR: 5.39336495319206e-05 y: 155
prediction: 238, radius: 0.3610, PSR: 5.297114422308833e-05 y: 238
prediction: 230, radius: 0.5339, PSR: 9.759015335568987e-05 y: 230
prediction: 92, radius: 0.2913, PSR: 3.769401874242988e-05 y: 92
prediction: 179, radius: 0.6397, PSR: 0.00018577937405634187 y: 179
prediction: 131, radius: 0.0212, PSR: 2.3113750222702567e-07 y: 131
prediction: 253, radius: 0.6397, PSR: 0.00011491477247738916 y: 253
prediction: 182, radius: 0.3882, PSR: 5.959316119246738e-05 y: 182
prediction: 167, radius: 0.6397, PSR: 0.00015379161603074022 y: 167
[91mprediction: -1, radius: 0.0000, PSR: 0.0 y: 32[0m
prediction: 217, radius: 0.1997, PSR: 1.070113854039146e-05 y: 217
prediction: 222, radius: 0.3468, PSR: 5.320881895657152e-05 y: 222
prediction: 91, radius: 0.6397, PSR: 0.0001759385371005129 y: 91
prediction: 62, radius: 0.4801, PSR: 8.307334367395836e-05 y: 62
prediction: 171, radius: 0.3867, PSR: 3.725984694509715e-05 y: 171
prediction: 69, radius: 0.4178, PSR: 4.3363506338264995e-05 y: 69
prediction: 251, radius: 0.2703, PSR: 2.1988251034729188e-05 y: 251
prediction: 196, radius: 0.1037, PSR: 3.556713308700317e-06 y: 196
prediction: 232, radius: 0.4611, PSR: 7.21728147347235e-05 y: 232
prediction: 150, radius: 0.4691, PSR: 8.201006793873904e-05 y: 150
prediction: 143, radius: 0.4943, PSR: 0.0001068516847996785 y: 143
[91mprediction: -1, radius: 0.0000, PSR: 0.0 y: 270[0m
prediction: 220, radius: 0.2761, PSR: 2.0431662540810434e-05 y: 220
prediction: 258, radius: 0.6228, PSR: 0.00016838522687014673 y: 258
prediction: 274, radius: 0.1645, PSR: 1.1176857268918321e-05 y: 274
prediction: 74, radius: 0.4509, PSR: 6.498538139910833e-05 y: 74
prediction: 255, radius: 0.0197, PSR: 1.3165984085833047e-07 y: 263
prediction: 167, radius: 0.6397, PSR: 0.0001265645810667317 y: 167
prediction: 155, radius: 0.4251, PSR: 6.288641070797661e-05 y: 155
prediction: 64, radius: 0.2516, PSR: 2.1383186334039468e-05 y: 64
prediction: 137, radius: 0.5041, PSR: 0.00011611751592737396 y: 137
prediction: 81, radius: 0.3006, PSR: 3.8163686974194734e-05 y: 81
prediction: 177, radius: 0.4956, PSR: 8.12166654991571e-05 y: 177
prediction: 202, radius: 0.4178, PSR: 5.010036345703774e-05 y: 202
prediction: 264, radius: 0.2800, PSR: 3.319400056774829e-05 y: 264
prediction: 123, radius: 0.2453, PSR: 2.4367945275793044e-05 y: 123
prediction: 100, radius: 0.4823, PSR: 7.125026715742526e-05 y: 100
prediction: 44, radius: 0.6228, PSR: 0.00014406843379637915 y: 44
prediction: 62, radius: 0.3949, PSR: 6.143977310926556e-05 y: 62
prediction: 196, radius: 0.2796, PSR: 2.467654603493083e-05 y: 196
prediction: 214, radius: 0.3911, PSR: 3.983182730978964e-05 y: 214
prediction: 4, radius: 0.4700, PSR: 5.1525773499021106e-05 y: 4
prediction: 32, radius: 0.0388, PSR: 4.963426137183984e-07 y: 32
prediction: 12, radius: 0.4005, PSR: 3.8570147004154894e-05 y: 12
prediction: 264, radius: 0.4295, PSR: 7.951397161922444e-05 y: 264
prediction: 189, radius: 0.4445, PSR: 8.121657038431036e-05 y: 189
prediction: 170, radius: 0.2305, PSR: 1.472136232732009e-05 y: 170
prediction: 236, radius: 0.1181, PSR: 3.860183183186096e-06 y: 236
prediction: 13, radius: 0.2151, PSR: 1.023794400803308e-05 y: 13
prediction: 195, radius: 0.5769, PSR: 0.00011095533934318762 y: 195
prediction: 139, radius: 0.1725, PSR: 1.3985962673455087e-05 y: 139
prediction: 132, radius: 0.3322, PSR: 3.373073272220896e-05 y: 132
prediction: 211, radius: 0.0325, PSR: 3.9653467875474627e-07 y: 211
prediction: 53, radius: 0.1343, PSR: 8.292899560943699e-06 y: 53
prediction: 224, radius: 0.1651, PSR: 9.87853706049508e-06 y: 224
prediction: 56, radius: 0.3212, PSR: 5.0235970248324306e-05 y: 56
prediction: 72, radius: 0.3152, PSR: 3.883143732275509e-05 y: 72
prediction: 81, radius: 0.3264, PSR: 4.415880251744411e-05 y: 81
prediction: 170, radius: 0.2471, PSR: 1.9411162195960084e-05 y: 170
prediction: 156, radius: 0.5192, PSR: 9.135261734788293e-05 y: 156
prediction: 11, radius: 0.0273, PSR: 1.7937972175438263e-07 y: 11
prediction: 197, radius: 0.2746, PSR: 2.9220510387773763e-05 y: 197
prediction: 262, radius: 0.2664, PSR: 2.8091180894489108e-05 y: 262
prediction: 135, radius: 0.6112, PSR: 0.00014945038140943417 y: 135
prediction: 231, radius: 0.2491, PSR: 2.1670504015034214e-05 y: 231
prediction: 3, radius: 0.6397, PSR: 9.382858432730217e-05 y: 3
prediction: 89, radius: 0.1189, PSR: 5.598856742982541e-06 y: 89
prediction: 110, radius: 0.6397, PSR: 0.00010830276091702643 y: 110
prediction: 25, radius: 0.6020, PSR: 0.00010947873154786735 y: 25
prediction: 74, radius: 0.1820, PSR: 1.4125853755483542e-05 y: 74
prediction: 70, radius: 0.1869, PSR: 1.0311033633730802e-05 y: 70
prediction: 194, radius: 0.2729, PSR: 2.2079449017919038e-05 y: 194
prediction: 167, radius: 0.6397, PSR: 0.00010827627615341767 y: 167
prediction: 79, radius: 0.3641, PSR: 5.256476764018406e-05 y: 79
[91mprediction: -1, radius: 0.0000, PSR: 0.0 y: 65[0m
prediction: 231, radius: 0.3607, PSR: 4.349843582808526e-05 y: 231
prediction: 230, radius: 0.3685, PSR: 3.440740355225707e-05 y: 230
prediction: 208, radius: 0.4595, PSR: 7.764233614491599e-05 y: 208
prediction: 254, radius: 0.2524, PSR: 2.4080264805916405e-05 y: 254
prediction: 206, radius: 0.3856, PSR: 5.225379768117341e-05 y: 206
prediction: 139, radius: 0.2088, PSR: 1.5436213951432945e-05 y: 139
prediction: 180, radius: 0.4691, PSR: 5.5420156452968095e-05 y: 180
prediction: 58, radius: 0.2242, PSR: 2.505893594381796e-05 y: 58
prediction: 84, radius: 0.4251, PSR: 7.293693680692143e-05 y: 84
prediction: 113, radius: 0.4010, PSR: 5.5350325312776734e-05 y: 113
prediction: 99, radius: 0.0376, PSR: 6.095312447772886e-07 y: 99
prediction: 89, radius: 0.0545, PSR: 1.250006816888498e-06 y: 89
prediction: 171, radius: 0.1673, PSR: 7.535600207894259e-06 y: 171
prediction: 74, radius: 0.1636, PSR: 1.066842874239653e-05 y: 74
prediction: 18, radius: 0.0574, PSR: 7.915704109743236e-07 y: 18
prediction: 170, radius: 0.3075, PSR: 2.8422398136844643e-05 y: 170
prediction: 115, radius: 0.6020, PSR: 0.00010223343026286383 y: 115
prediction: 117, radius: 0.4663, PSR: 9.096742275613754e-05 y: 117
prediction: 115, radius: 0.5363, PSR: 0.00012677677113180904 y: 115
prediction: 53, radius: 0.3232, PSR: 3.47290321061517e-05 y: 53
prediction: 132, radius: 0.4290, PSR: 5.6574085981445146e-05 y: 132
prediction: 67, radius: 0.2409, PSR: 2.2277830845859333e-05 y: 67
[91mprediction: -1, radius: 0.0000, PSR: 0.0 y: 10[0m
prediction: 82, radius: 0.6397, PSR: 0.0001093347361621499 y: 82
prediction: 205, radius: 0.4052, PSR: 7.226039156229253e-05 y: 205
prediction: 229, radius: 0.4018, PSR: 6.027804059812204e-05 y: 229
prediction: 51, radius: 0.2274, PSR: 2.7451015778414618e-05 y: 51
prediction: 139, radius: 0.1441, PSR: 9.801638300139391e-06 y: 139
prediction: 247, radius: 0.3922, PSR: 3.597773290633387e-05 y: 247
prediction: 209, radius: 0.0527, PSR: 9.979564663947532e-07 y: 209
prediction: 178, radius: 0.6397, PSR: 0.00012212957751432408 y: 178
prediction: 23, radius: 0.4587, PSR: 4.784386980312568e-05 y: 23
prediction: 179, radius: 0.1741, PSR: 1.0782517410852601e-05 y: 179
prediction: 275, radius: 0.0787, PSR: 2.672123797829616e-06 y: 275
prediction: 26, radius: 0.1218, PSR: 3.4360704781288234e-06 y: 26
prediction: 132, radius: 0.2673, PSR: 2.594134721418332e-05 y: 132
prediction: 233, radius: 0.6228, PSR: 9.901751057302982e-05 y: 233
prediction: 33, radius: 0.0113, PSR: 3.595144381231522e-08 y: 15
[91mprediction: -1, radius: 0.0000, PSR: 0.0 y: 32[0m
prediction: 64, radius: 0.1751, PSR: 1.0714753883667315e-05 y: 64
prediction: 195, radius: 0.3320, PSR: 4.397104924682933e-05 y: 195
prediction: 110, radius: 0.5879, PSR: 0.00014187741908575232 y: 110
prediction: 165, radius: 0.5821, PSR: 8.891898753973502e-05 y: 165
prediction: 42, radius: 0.5251, PSR: 8.47820291467703e-05 y: 42
prediction: 217, radius: 0.5120, PSR: 7.301946547014852e-05 y: 217
prediction: 252, radius: 0.4052, PSR: 5.408352488478439e-05 y: 252
prediction: 21, radius: 0.6112, PSR: 8.542788728474243e-05 y: 21
prediction: 268, radius: 0.6397, PSR: 0.00017631780559600928 y: 268
[91mprediction: -1, radius: 0.0000, PSR: 0.0 y: 123[0m
prediction: 83, radius: 0.3919, PSR: 5.9101961990820914e-05 y: 83
prediction: 55, radius: 0.4983, PSR: 0.00012986933980751292 y: 55
prediction: 239, radius: 0.1656, PSR: 8.210022661516287e-06 y: 239
prediction: 162, radius: 0.5087, PSR: 9.071967494879521e-05 y: 162
prediction: 230, radius: 0.1268, PSR: 4.9734988808836045e-06 y: 230
prediction: 186, radius: 0.6397, PSR: 0.00013127906599726802 y: 186
prediction: 169, radius: 0.4983, PSR: 6.247739350004007e-05 y: 169
prediction: 235, radius: 0.6397, PSR: 0.00010326368362699951 y: 235
prediction: 187, radius: 0.1668, PSR: 9.022830706250579e-06 y: 187
prediction: 160, radius: 0.6112, PSR: 0.0001431190736694595 y: 160
prediction: 92, radius: 0.5011, PSR: 8.899123819502241e-05 y: 92
prediction: 57, radius: 0.3061, PSR: 4.057140398019678e-05 y: 57
prediction: 23, radius: 0.0062, PSR: 8.686773108287077e-09 y: 6
[91mprediction: -1, radius: 0.0000, PSR: 0.0 y: 180[0m
prediction: 176, radius: 0.5293, PSR: 9.615118195865675e-05 y: 176
prediction: 254, radius: 0.1972, PSR: 1.5790191735864364e-05 y: 254
prediction: 173, radius: 0.6397, PSR: 0.00012250941179352054 y: 173
prediction: 58, radius: 0.4917, PSR: 9.137760219631751e-05 y: 58
[91mprediction: -1, radius: 0.0000, PSR: 0.0 y: 19[0m
prediction: 44, radius: 0.4052, PSR: 7.543690648361961e-05 y: 44
prediction: 58, radius: 0.1958, PSR: 1.741721599635988e-05 y: 58
prediction: 65, radius: 0.1680, PSR: 1.2929922765211196e-05 y: 65
prediction: 112, radius: 0.6397, PSR: 0.00014220845489133337 y: 112
prediction: 193, radius: 0.5192, PSR: 8.538063696611635e-05 y: 193
prediction: 200, radius: 0.6020, PSR: 0.0001130096255056243 y: 200
prediction: 194, radius: 0.2132, PSR: 1.742512257176246e-05 y: 194
prediction: 74, radius: 0.0276, PSR: 3.461051663474458e-07 y: 74
prediction: 136, radius: 0.4801, PSR: 7.940874455314477e-05 y: 136
prediction: 117, radius: 0.4168, PSR: 7.784168682545895e-05 y: 117
prediction: 205, radius: 0.5388, PSR: 0.00010710532307230757 y: 205
prediction: 222, radius: 0.4092, PSR: 6.626258643731265e-05 y: 222
prediction: 46, radius: 0.4208, PSR: 6.836085044926234e-05 y: 46
prediction: 107, radius: 0.1162, PSR: 5.687722407478958e-06 y: 107
prediction: 243, radius: 0.2844, PSR: 2.42215379902003e-05 y: 243
prediction: 230, radius: 0.2898, PSR: 2.0147220653982182e-05 y: 230
prediction: 28, radius: 0.3655, PSR: 3.7328032493141254e-05 y: 28
prediction: 104, radius: 0.6397, PSR: 9.544279083056447e-05 y: 104
prediction: 255, radius: 0.0342, PSR: 5.612826402899984e-07 y: 263
prediction: 206, radius: 0.1159, PSR: 3.2602383140634707e-06 y: 206
prediction: 260, radius: 0.2500, PSR: 2.0119066541939854e-05 y: 263
prediction: 20, radius: 0.6397, PSR: 9.279896231062209e-05 y: 39
prediction: 36, radius: 0.2660, PSR: 1.817644921705311e-05 y: 36
prediction: 88, radius: 0.3502, PSR: 4.5179679395522766e-05 y: 88
prediction: 109, radius: 0.5173, PSR: 7.757854763836892e-05 y: 109
prediction: 259, radius: 0.0684, PSR: 1.3634757896944966e-06 y: 259
prediction: 185, radius: 0.3366, PSR: 4.373576446710004e-05 y: 185
prediction: 153, radius: 0.6397, PSR: 0.0001508772324231478 y: 153
prediction: 193, radius: 0.5026, PSR: 6.450051050376948e-05 y: 193
prediction: 95, radius: 0.1510, PSR: 7.408471264355705e-06 y: 95
prediction: 150, radius: 0.4997, PSR: 9.68340568743153e-05 y: 150
prediction: 146, radius: 0.5944, PSR: 8.402552374983759e-05 y: 146
prediction: 103, radius: 0.2267, PSR: 1.8661234335958766e-05 y: 103
prediction: 50, radius: 0.3441, PSR: 5.091916889168759e-05 y: 50
prediction: 268, radius: 0.6397, PSR: 0.000185727530411767 y: 268
[91mprediction: -1, radius: 0.0000, PSR: 0.0 y: 18[0m
prediction: 112, radius: 0.5441, PSR: 0.00012285629408195816 y: 112
prediction: 244, radius: 0.5769, PSR: 8.58937535262535e-05 y: 244
prediction: 204, radius: 0.1071, PSR: 3.517062401970391e-06 y: 204
prediction: 265, radius: 0.1566, PSR: 9.870570488939197e-06 y: 265
prediction: 119, radius: 0.3234, PSR: 3.913871433631258e-05 y: 119
prediction: 217, radius: 0.5821, PSR: 0.00011891919613572866 y: 217
prediction: 121, radius: 0.5363, PSR: 7.368983444447491e-05 y: 121
prediction: 218, radius: 0.4480, PSR: 8.803726662137257e-05 y: 218
prediction: 241, radius: 0.3765, PSR: 3.748461287818096e-05 y: 241
prediction: 271, radius: 0.3993, PSR: 6.716789851316344e-05 y: 271
prediction: 146, radius: 0.5721, PSR: 0.00012806169206034122 y: 146
prediction: 175, radius: 0.4502, PSR: 6.716596684750992e-05 y: 175
prediction: 21, radius: 0.1340, PSR: 3.955594955834299e-06 y: 21
prediction: 273, radius: 0.5230, PSR: 9.459855014010573e-05 y: 273
prediction: 198, radius: 0.3485, PSR: 4.202502385686389e-05 y: 198
prediction: 249, radius: 0.1472, PSR: 5.074881673241387e-06 y: 249
[91mprediction: -1, radius: 0.0000, PSR: 0.0 y: 33[0m
prediction: 59, radius: 0.5637, PSR: 0.00011332517216879686 y: 59
prediction: 249, radius: 0.5072, PSR: 8.885331487983595e-05 y: 249
prediction: 231, radius: 0.2887, PSR: 2.842265999348604e-05 y: 231
prediction: 241, radius: 0.3075, PSR: 3.5962806105543616e-05 y: 241
prediction: 173, radius: 0.6112, PSR: 0.00014513868121813364 y: 173
prediction: 67, radius: 0.3926, PSR: 6.116338931348034e-05 y: 67
prediction: 172, radius: 0.1357, PSR: 5.533642598661869e-06 y: 172
prediction: 64, radius: 0.0688, PSR: 1.521463984978108e-06 y: 64
prediction: 173, radius: 0.5499, PSR: 0.00010494139111051883 y: 173
prediction: 133, radius: 0.1821, PSR: 1.2497018861412382e-05 y: 133
prediction: 62, radius: 0.2074, PSR: 1.9862473699260912e-05 y: 62
prediction: 177, radius: 0.3512, PSR: 3.7502556929182657e-05 y: 177
prediction: 61, radius: 0.2884, PSR: 4.04812374295611e-05 y: 61
prediction: 228, radius: 0.4823, PSR: 8.592736927837885e-05 y: 228
prediction: 87, radius: 0.3559, PSR: 3.656519658118651e-05 y: 87
prediction: 141, radius: 0.3497, PSR: 4.230318515716868e-05 y: 141
prediction: 143, radius: 0.6397, PSR: 0.00012288897437963468 y: 143
prediction: 173, radius: 0.6397, PSR: 0.00013458709759942963 y: 173
prediction: 165, radius: 0.4983, PSR: 8.579180097724504e-05 y: 165
prediction: 24, radius: 0.5251, PSR: 7.052185296340805e-05 y: 24
prediction: 81, radius: 0.3280, PSR: 4.8785130422339223e-05 y: 81
prediction: 151, radius: 0.6397, PSR: 0.00015016311600490027 y: 151
prediction: 4, radius: 0.4487, PSR: 4.6792646117722376e-05 y: 4
prediction: 21, radius: 0.1278, PSR: 3.7588792266339486e-06 y: 21
prediction: 41, radius: 0.5011, PSR: 8.921675054506655e-05 y: 41
prediction: 254, radius: 0.2809, PSR: 3.761136555847243e-05 y: 254
prediction: 19, radius: 0.0891, PSR: 1.9993396602119416e-06 y: 19
prediction: 98, radius: 0.2726, PSR: 3.6020734885123645e-05 y: 98
prediction: 142, radius: 0.5499, PSR: 0.00010716070802404029 y: 142
prediction: 192, radius: 0.0728, PSR: 1.4498621089934691e-06 y: 192
prediction: 68, radius: 0.0842, PSR: 2.1575375056086403e-06 y: 270
prediction: 66, radius: 0.2236, PSR: 1.9103776154318242e-05 y: 66
prediction: 183, radius: 0.5230, PSR: 0.0001006489884827931 y: 183
prediction: 127, radius: 0.3386, PSR: 3.2561738737749645e-05 y: 127
prediction: 0, radius: 0.5271, PSR: 7.956756390407928e-05 y: 0
prediction: 48, radius: 0.4749, PSR: 9.88010681348003e-05 y: 48
prediction: 18, radius: 0.3091, PSR: 2.1898174875947954e-05 y: 37
prediction: 186, radius: 0.5944, PSR: 9.001706534977923e-05 y: 186
prediction: 179, radius: 0.6397, PSR: 0.0001392764326509219 y: 179
[91mprediction: -1, radius: 0.0000, PSR: 0.0 y: 215[0m
prediction: 195, radius: 0.6228, PSR: 8.978782009722177e-05 y: 195
prediction: 154, radius: 0.5944, PSR: 8.813627110351439e-05 y: 154
prediction: 187, radius: 0.1057, PSR: 4.067856833536576e-06 y: 187
prediction: 141, radius: 0.3121, PSR: 3.511347176294513e-05 y: 141
prediction: 157, radius: 0.3381, PSR: 4.283766285249208e-05 y: 157
prediction: 8, radius: 0.4524, PSR: 4.902791964040692e-05 y: 8
prediction: 138, radius: 0.4466, PSR: 5.3022754668082035e-05 y: 138
prediction: 209, radius: 0.2208, PSR: 1.333003143919563e-05 y: 209
prediction: 222, radius: 0.4930, PSR: 8.984204733109946e-05 y: 222
prediction: 25, radius: 0.4278, PSR: 5.4735565046714534e-05 y: 25
prediction: 125, radius: 0.2095, PSR: 1.777912856594915e-05 y: 125
prediction: 115, radius: 0.5339, PSR: 8.805690880447528e-05 y: 115
prediction: 135, radius: 0.6397, PSR: 0.0001520548638204068 y: 135
prediction: 237, radius: 0.3930, PSR: 4.978223611028854e-05 y: 237
prediction: 187, radius: 0.1218, PSR: 3.771205400550209e-06 y: 187
prediction: 138, radius: 0.5315, PSR: 8.993546903867197e-05 y: 138
prediction: 206, radius: 0.4555, PSR: 7.23107620015314e-05 y: 206
prediction: 164, radius: 0.5879, PSR: 9.237649536125333e-05 y: 164
prediction: 214, radius: 0.2574, PSR: 1.8834191664136374e-05 y: 214
prediction: 121, radius: 0.2970, PSR: 3.210407674592074e-05 y: 121
prediction: 16, radius: 0.2920, PSR: 1.951533811261108e-05 y: 16
prediction: 56, radius: 0.3038, PSR: 3.419275213370578e-05 y: 56
prediction: 132, radius: 0.2089, PSR: 1.748001677969758e-05 y: 132
prediction: 260, radius: 0.3314, PSR: 5.323461512978777e-05 y: 260
prediction: 38, radius: 0.3607, PSR: 2.8136086755888284e-05 y: 38
prediction: 122, radius: 0.6228, PSR: 0.00010246592969078818 y: 122
prediction: 184, radius: 0.6397, PSR: 0.00015409441997771866 y: 184
prediction: 157, radius: 0.5363, PSR: 8.85039057263953e-05 y: 157
prediction: 41, radius: 0.5769, PSR: 0.00011529035549814889 y: 41
prediction: 89, radius: 0.2060, PSR: 1.639881485613556e-05 y: 89
prediction: 226, radius: 0.6397, PSR: 0.0001283150581454213 y: 226
prediction: 179, radius: 0.6397, PSR: 0.00014017827961167436 y: 179
prediction: 254, radius: 0.2344, PSR: 1.6390548023985777e-05 y: 254
prediction: 2, radius: 0.6397, PSR: 0.00013511357986235493 y: 2
[91mprediction: -1, radius: 0.0000, PSR: 0.0 y: 215[0m
prediction: 201, radius: 0.6397, PSR: 0.00011090516277453935 y: 201
prediction: 230, radius: 0.5821, PSR: 0.00012468420306533667 y: 230
prediction: 272, radius: 0.0583, PSR: 1.5849370936732326e-06 y: 272
[91mprediction: -1, radius: 0.0000, PSR: 0.0 y: 65[0m
prediction: 76, radius: 0.6397, PSR: 0.00015869453530176726 y: 76
prediction: 222, radius: 0.2868, PSR: 2.4231707269726573e-05 y: 222
prediction: 187, radius: 0.4691, PSR: 6.050064690040625e-05 y: 187
prediction: 261, radius: 0.4052, PSR: 7.685201545015982e-05 y: 261
prediction: 134, radius: 0.4682, PSR: 7.131921624670339e-05 y: 134
prediction: 117, radius: 0.5339, PSR: 8.303015252293678e-05 y: 117
prediction: 87, radius: 0.3718, PSR: 4.224746698832064e-05 y: 87
prediction: 204, radius: 0.3125, PSR: 2.694630776553871e-05 y: 204
prediction: 11, radius: 0.0973, PSR: 2.240850629439873e-06 y: 17
prediction: 154, radius: 0.5637, PSR: 0.00012612996041163423 y: 154
prediction: 58, radius: 0.2899, PSR: 2.86482506515949e-05 y: 58
prediction: 102, radius: 0.2944, PSR: 3.4675850593950366e-05 y: 102
prediction: 228, radius: 0.5721, PSR: 0.00010921901022424289 y: 228
prediction: 117, radius: 0.5769, PSR: 9.09319321307191e-05 y: 117
prediction: 224, radius: 0.3969, PSR: 5.879730839723279e-05 y: 224
prediction: 94, radius: 0.3969, PSR: 5.096232983856763e-05 y: 94
prediction: 191, radius: 0.5944, PSR: 0.00012384528120409048 y: 191
prediction: 199, radius: 0.3522, PSR: 3.8113374391098926e-05 y: 199
prediction: 172, radius: 0.3100, PSR: 3.937497947330169e-05 y: 172
prediction: 61, radius: 0.3174, PSR: 3.57956545773152e-05 y: 61
prediction: 129, radius: 0.4672, PSR: 7.856104697273361e-05 y: 129
prediction: 207, radius: 0.4868, PSR: 8.417018469195046e-05 y: 207
prediction: 242, radius: 0.0788, PSR: 2.9116958014609938e-06 y: 242
prediction: 243, radius: 0.2061, PSR: 1.4121970725398316e-05 y: 243
prediction: 25, radius: 0.2077, PSR: 1.3063438763870583e-05 y: 32
prediction: 49, radius: 0.5011, PSR: 8.918346231138202e-05 y: 49
prediction: 105, radius: 0.3150, PSR: 3.636672816059448e-05 y: 105
prediction: 63, radius: 0.5192, PSR: 8.866273914562131e-05 y: 63
prediction: 108, radius: 0.6397, PSR: 0.00015720592986676922 y: 108
prediction: 147, radius: 0.6397, PSR: 0.00015826655098709645 y: 147
prediction: 46, radius: 0.6228, PSR: 0.00011224232882570146 y: 46
prediction: 8, radius: 0.2160, PSR: 1.1226804387737427e-05 y: 8
prediction: 122, radius: 0.6228, PSR: 0.00012940761103497078 y: 122
prediction: 22, radius: 0.6397, PSR: 0.0001100886150770615 y: 22
prediction: 123, radius: 0.2716, PSR: 3.0268262326318497e-05 y: 123
prediction: 204, radius: 0.1649, PSR: 6.626492611179162e-06 y: 204
prediction: 167, radius: 0.6397, PSR: 0.00011889906383854722 y: 167
prediction: 36, radius: 0.1611, PSR: 6.409234616218996e-06 y: 36
prediction: 240, radius: 0.2382, PSR: 1.5330415432574802e-05 y: 240
[91mprediction: -1, radius: 0.0000, PSR: 0.0 y: 215[0m
prediction: 156, radius: 0.5721, PSR: 0.00010069361843587944 y: 156
prediction: 57, radius: 0.1331, PSR: 7.24827360691384e-06 y: 57
prediction: 110, radius: 0.6397, PSR: 0.00010920656121536773 y: 110
prediction: 229, radius: 0.6397, PSR: 0.00010839634840824068 y: 229
prediction: 40, radius: 0.6397, PSR: 0.00011912909421285292 y: 40
prediction: 30, radius: 0.0394, PSR: 3.5280666228512475e-07 y: 30
prediction: 68, radius: 0.1914, PSR: 1.7351225498515284e-05 y: 68
prediction: 109, radius: 0.4273, PSR: 5.758757245773503e-05 y: 109
prediction: 42, radius: 0.4700, PSR: 7.296227734903652e-05 y: 42
prediction: 93, radius: 0.3054, PSR: 2.5704327452636e-05 y: 93
prediction: 251, radius: 0.5769, PSR: 8.906819163478621e-05 y: 251
prediction: 271, radius: 0.4603, PSR: 8.524013277155025e-05 y: 271
prediction: 80, radius: 0.6397, PSR: 0.0001416418187622405 y: 80
prediction: 246, radius: 0.4547, PSR: 6.473750552320126e-05 y: 246
prediction: 133, radius: 0.1202, PSR: 5.602893982458431e-06 y: 133
prediction: 226, radius: 0.6228, PSR: 0.00012792558835644777 y: 226
prediction: 266, radius: 0.6397, PSR: 0.00015291385259639086 y: 266
prediction: 115, radius: 0.6020, PSR: 0.00013370603214401744 y: 115
prediction: 219, radius: 0.4144, PSR: 4.828503208008822e-05 y: 219
prediction: 33, radius: 0.2473, PSR: 1.4141943165624029e-05 y: 33
prediction: 147, radius: 0.3548, PSR: 4.593426187403475e-05 y: 147
prediction: 106, radius: 0.6112, PSR: 0.00021145819941593166 y: 106
prediction: 44, radius: 0.6112, PSR: 0.00012059727427404431 y: 44
prediction: 105, radius: 0.2788, PSR: 2.6243980178867673e-05 y: 105
prediction: 145, radius: 0.5315, PSR: 9.761851819692958e-05 y: 145
prediction: 80, radius: 0.6397, PSR: 0.00011718662058377243 y: 80
prediction: 111, radius: 0.1319, PSR: 7.788181207577168e-06 y: 111
prediction: 252, radius: 0.4480, PSR: 6.521433326153371e-05 y: 252
prediction: 56, radius: 0.2408, PSR: 2.521617899969695e-05 y: 56
prediction: 269, radius: 0.2196, PSR: 1.7236705206777562e-05 y: 269
prediction: 218, radius: 0.4355, PSR: 7.002136712422e-05 y: 218
prediction: 8, radius: 0.1386, PSR: 4.4887374578914155e-06 y: 8
[91mprediction: -1, radius: 0.0000, PSR: 0.0 y: 215[0m
prediction: 237, radius: 0.3730, PSR: 5.142061054054174e-05 y: 237
prediction: 257, radius: 0.1810, PSR: 1.3781278943082266e-05 y: 257
prediction: 214, radius: 0.2734, PSR: 2.5293204749558372e-05 y: 214
prediction: 257, radius: 0.3785, PSR: 5.029915811400492e-05 y: 257
prediction: 105, radius: 0.3413, PSR: 4.2298780928824984e-05 y: 105
prediction: 55, radius: 0.3815, PSR: 6.895719157793837e-05 y: 55
prediction: 231, radius: 0.2866, PSR: 2.7166719118705173e-05 y: 231
prediction: 141, radius: 0.4214, PSR: 4.4603112275775184e-05 y: 141
prediction: 78, radius: 0.3176, PSR: 4.780620170938151e-05 y: 78
prediction: 131, radius: 0.1051, PSR: 5.467727161498874e-06 y: 131
[91mprediction: -1, radius: 0.0000, PSR: 0.0 y: 89[0m
prediction: 72, radius: 0.1726, PSR: 1.361884785442025e-05 y: 72
prediction: 156, radius: 0.3641, PSR: 5.321844688583866e-05 y: 156
prediction: 232, radius: 0.4997, PSR: 9.111829823457413e-05 y: 232
prediction: 100, radius: 0.1384, PSR: 8.590548184009117e-06 y: 100
prediction: 176, radius: 0.5678, PSR: 9.926207187002145e-05 y: 176
prediction: 216, radius: 0.3128, PSR: 4.007347850648492e-05 y: 216
prediction: 21, radius: 0.2850, PSR: 1.8963728800886107e-05 y: 21
prediction: 64, radius: 0.3422, PSR: 3.662620959991451e-05 y: 64
prediction: 47, radius: 0.3023, PSR: 4.280278517020461e-05 y: 47
prediction: 204, radius: 0.2239, PSR: 1.7364120129176675e-05 y: 204
prediction: 190, radius: 0.5120, PSR: 6.772806573827343e-05 y: 190
prediction: 56, radius: 0.1673, PSR: 1.3471568549143602e-05 y: 56
prediction: 111, radius: 0.0952, PSR: 3.494030385316566e-06 y: 111
prediction: 165, radius: 0.4857, PSR: 8.252399422657997e-05 y: 165
prediction: 29, radius: 0.0439, PSR: 4.3942762864473155e-07 y: 29
prediction: 48, radius: 0.5944, PSR: 0.00013293031136267923 y: 48
prediction: 257, radius: 0.6228, PSR: 9.871086807658901e-05 y: 257
[91mprediction: -1, radius: 0.0000, PSR: 0.0 y: 64[0m
prediction: 18, radius: 0.1997, PSR: 1.153249503025973e-05 y: 15
prediction: 47, radius: 0.1773, PSR: 1.4043159480138572e-05 y: 47
prediction: 209, radius: 0.0839, PSR: 1.7272129489955595e-06 y: 209
prediction: 214, radius: 0.0295, PSR: 4.3707280433666864e-07 y: 214
prediction: 271, radius: 0.4336, PSR: 8.175920016556724e-05 y: 271
prediction: 16, radius: 0.1239, PSR: 4.0908170312266875e-06 y: 15
prediction: 73, radius: 0.2024, PSR: 1.38039162816796e-05 y: 73
prediction: 103, radius: 0.0195, PSR: 1.3382031294190787e-07 y: 103
prediction: 51, radius: 0.2853, PSR: 3.609069708580579e-05 y: 51
prediction: 170, radius: 0.1994, PSR: 1.3976938769983787e-05 y: 170
prediction: 60, radius: 0.2267, PSR: 2.2093419759468053e-05 y: 60
prediction: 235, radius: 0.5087, PSR: 7.106561296386842e-05 y: 235
prediction: 238, radius: 0.4539, PSR: 7.648962300631472e-05 y: 238
prediction: 136, radius: 0.6397, PSR: 0.00014449488598183873 y: 136
prediction: 92, radius: 0.3344, PSR: 4.908815836864915e-05 y: 92
prediction: 128, radius: 0.4531, PSR: 8.378632336531582e-05 y: 128
prediction: 238, radius: 0.3236, PSR: 3.4615557352688334e-05 y: 238
prediction: 224, radius: 0.2243, PSR: 1.6557789225588248e-05 y: 224
prediction: 194, radius: 0.2951, PSR: 3.0421121857423006e-05 y: 194
prediction: 73, radius: 0.1993, PSR: 1.4412667290304701e-05 y: 73
prediction: 169, radius: 0.5056, PSR: 7.371049457676637e-05 y: 169
[91mprediction: -1, radius: 0.0000, PSR: 0.0 y: 270[0m
prediction: 171, radius: 0.2902, PSR: 2.6441010405322688e-05 y: 171
prediction: 260, radius: 0.1866, PSR: 1.2755791068382015e-05 y: 263
prediction: 137, radius: 0.4240, PSR: 7.153010220432558e-05 y: 137
prediction: 193, radius: 0.2392, PSR: 2.0061918043842094e-05 y: 193
prediction: 233, radius: 0.4628, PSR: 7.163008002225868e-05 y: 233
prediction: 201, radius: 0.4812, PSR: 5.5385642361746855e-05 y: 201
prediction: 151, radius: 0.6397, PSR: 0.00014838395394034903 y: 151
prediction: 99, radius: 0.0733, PSR: 2.1496696544058196e-06 y: 99
prediction: 189, radius: 0.3569, PSR: 3.2850206235809564e-05 y: 189
prediction: 81, radius: 0.4399, PSR: 8.800567736290266e-05 y: 81
prediction: 168, radius: 0.4235, PSR: 4.697448942971145e-05 y: 168
[91mprediction: -1, radius: 0.0000, PSR: 0.0 y: 26[0m
Average radius for psr_0.5_std_1: 0.38016390874181427
---------------------------------------------------------------------------------------------------------
[91mprediction: -1, radius: 0.0000, PSR: 0.0 y: 90[0m
prediction: 174, radius: 0.2972, PSR: 3.0963615417289606e-05 y: 174
prediction: 5, radius: 0.3885, PSR: 3.8811286430350987e-05 y: 5
prediction: 27, radius: 0.6397, PSR: 0.00010900627970377515 y: 27
[91mprediction: -1, radius: 0.0000, PSR: 0.0 y: 89[0m
prediction: 20, radius: 0.6397, PSR: 0.00010420570521866344 y: 39
prediction: 131, radius: 0.3900, PSR: 5.075259247158157e-05 y: 131
prediction: 73, radius: 0.2504, PSR: 2.1784410531077042e-05 y: 73
prediction: 119, radius: 0.3070, PSR: 3.922799930838478e-05 y: 119
prediction: 227, radius: 0.2480, PSR: 2.6563336389147592e-05 y: 227
prediction: 33, radius: 0.1705, PSR: 8.01380363244942e-06 y: 15
prediction: 87, radius: 0.3439, PSR: 4.0466180119448736e-05 y: 87
prediction: 223, radius: 0.1983, PSR: 1.4321952317325569e-05 y: 223
prediction: 59, radius: 0.4611, PSR: 8.387623738409726e-05 y: 59
prediction: 255, radius: 0.4691, PSR: 0.0001131989162269303 y: 255
prediction: 20, radius: 0.6397, PSR: 9.833554362539013e-05 y: 39
prediction: 91, radius: 0.6397, PSR: 0.00023277885233647096 y: 91
prediction: 36, radius: 0.0935, PSR: 2.107429777923227e-06 y: 36
prediction: 72, radius: 0.2089, PSR: 1.922760739262511e-05 y: 72
prediction: 47, radius: 0.2394, PSR: 2.564421229158245e-05 y: 47
prediction: 117, radius: 0.5821, PSR: 9.245681640530978e-05 y: 117
prediction: 164, radius: 0.5600, PSR: 0.00010523965703539555 y: 164
prediction: 163, radius: 0.4531, PSR: 6.396398302441301e-05 y: 163
prediction: 102, radius: 0.4188, PSR: 7.902860339633969e-05 y: 102
prediction: 166, radius: 0.2002, PSR: 1.1719602344663975e-05 y: 166
prediction: 252, radius: 0.2816, PSR: 2.3584562434540418e-05 y: 252
prediction: 34, radius: 0.2573, PSR: 1.5069367452836461e-05 y: 34
prediction: 201, radius: 0.1414, PSR: 4.947084267550394e-06 y: 201
prediction: 132, radius: 0.3818, PSR: 4.199965619536111e-05 y: 132
prediction: 251, radius: 0.3621, PSR: 3.9492157196063154e-05 y: 251
prediction: 68, radius: 0.4845, PSR: 8.585703174260669e-05 y: 68
prediction: 155, radius: 0.3896, PSR: 4.735311756514256e-05 y: 155
prediction: 238, radius: 0.3482, PSR: 4.92970373408429e-05 y: 238
prediction: 230, radius: 0.5041, PSR: 8.70163889865847e-05 y: 230
prediction: 92, radius: 0.2755, PSR: 3.371022377031851e-05 y: 92
prediction: 179, radius: 0.6397, PSR: 0.00018575998890522197 y: 179
prediction: 131, radius: 0.0094, PSR: 4.587768348182541e-08 y: 131
prediction: 253, radius: 0.6397, PSR: 0.00011490088830082512 y: 253
prediction: 182, radius: 0.3798, PSR: 5.7055084486018755e-05 y: 182
prediction: 167, radius: 0.6397, PSR: 0.0001538010242682071 y: 167
[91mprediction: -1, radius: 0.0000, PSR: 0.0 y: 32[0m
prediction: 217, radius: 0.1736, PSR: 8.091960685538715e-06 y: 217
prediction: 222, radius: 0.3326, PSR: 4.896798785896822e-05 y: 222
prediction: 91, radius: 0.6397, PSR: 0.00017594160362858837 y: 91
prediction: 62, radius: 0.4790, PSR: 8.27011875422714e-05 y: 62
prediction: 171, radius: 0.3638, PSR: 3.29767210411795e-05 y: 171
prediction: 69, radius: 0.4048, PSR: 4.0702126171744863e-05 y: 69
prediction: 251, radius: 0.2515, PSR: 1.9044763463234333e-05 y: 251
prediction: 196, radius: 0.0689, PSR: 1.571246877876249e-06 y: 196
prediction: 232, radius: 0.4759, PSR: 7.686461683482745e-05 y: 232
prediction: 150, radius: 0.4531, PSR: 7.652172721914244e-05 y: 150
prediction: 143, radius: 0.4857, PSR: 0.00010313771886581125 y: 143
[91mprediction: -1, radius: 0.0000, PSR: 0.0 y: 270[0m
prediction: 220, radius: 0.2440, PSR: 1.5950948092323526e-05 y: 220
prediction: 258, radius: 0.6397, PSR: 0.00017766488174503553 y: 258
prediction: 274, radius: 0.1472, PSR: 8.950213477435005e-06 y: 274
prediction: 74, radius: 0.4245, PSR: 5.759459294432604e-05 y: 74
prediction: 255, radius: 0.0390, PSR: 5.179258426599745e-07 y: 263
prediction: 167, radius: 0.6397, PSR: 0.0001265660669603751 y: 167
prediction: 155, radius: 0.4061, PSR: 5.7391703492800634e-05 y: 155
prediction: 64, radius: 0.2414, PSR: 1.9670804754308344e-05 y: 64
prediction: 137, radius: 0.4969, PSR: 0.00011284358367062425 y: 137
prediction: 81, radius: 0.2833, PSR: 3.3891552277509055e-05 y: 81
prediction: 177, radius: 0.4834, PSR: 7.724717286601075e-05 y: 177
prediction: 202, radius: 0.4022, PSR: 4.6437646194607835e-05 y: 202
prediction: 264, radius: 0.2640, PSR: 2.9506153245006953e-05 y: 264
prediction: 123, radius: 0.2336, PSR: 2.2089324862029558e-05 y: 123
prediction: 100, radius: 0.5056, PSR: 7.829620900527801e-05 y: 100
prediction: 44, radius: 0.6020, PSR: 0.0001346035147427536 y: 44
prediction: 62, radius: 0.4039, PSR: 6.427060287016463e-05 y: 62
prediction: 196, radius: 0.2569, PSR: 2.083096251013761e-05 y: 196
prediction: 214, radius: 0.3930, PSR: 4.02166664719449e-05 y: 214
prediction: 4, radius: 0.4324, PSR: 4.361142771865947e-05 y: 4
prediction: 32, radius: 0.0093, PSR: 2.8352385908343874e-08 y: 32
prediction: 12, radius: 0.3709, PSR: 3.307293751259088e-05 y: 12
prediction: 264, radius: 0.4319, PSR: 8.036838012830177e-05 y: 264
prediction: 189, radius: 0.4445, PSR: 8.12223664838717e-05 y: 189
prediction: 170, radius: 0.2082, PSR: 1.200703962138289e-05 y: 170
prediction: 236, radius: 0.0861, PSR: 2.0498773309610857e-06 y: 236
prediction: 13, radius: 0.1822, PSR: 7.3463578190253365e-06 y: 13
prediction: 195, radius: 0.5678, PSR: 0.00010748463764138581 y: 195
prediction: 139, radius: 0.1589, PSR: 1.1868434265268035e-05 y: 139
prediction: 132, radius: 0.3278, PSR: 3.2840937355347364e-05 y: 132
prediction: 211, radius: 0.0157, PSR: 9.284639789425761e-08 y: 211
prediction: 53, radius: 0.1210, PSR: 6.733404100355228e-06 y: 53
prediction: 224, radius: 0.1435, PSR: 7.457362445445831e-06 y: 224
prediction: 56, radius: 0.3228, PSR: 5.071893176292795e-05 y: 56
prediction: 72, radius: 0.3086, PSR: 3.721159989220803e-05 y: 72
prediction: 81, radius: 0.3070, PSR: 3.9060542748751855e-05 y: 81
prediction: 170, radius: 0.2155, PSR: 1.4775414909549745e-05 y: 170
prediction: 156, radius: 0.5056, PSR: 8.662363244271825e-05 y: 156
[91mprediction: -1, radius: 0.0000, PSR: 0.0 y: 11[0m
prediction: 197, radius: 0.2668, PSR: 2.7570611836744722e-05 y: 197
prediction: 262, radius: 0.2536, PSR: 2.545215656380264e-05 y: 262
prediction: 135, radius: 0.6228, PSR: 0.0001551200406552008 y: 135
prediction: 231, radius: 0.2211, PSR: 1.7069989584302542e-05 y: 231
prediction: 3, radius: 0.6397, PSR: 9.384299135590713e-05 y: 3
prediction: 89, radius: 0.1090, PSR: 4.7022054141612946e-06 y: 89
prediction: 110, radius: 0.6397, PSR: 0.0001082888126120521 y: 110
prediction: 25, radius: 0.6397, PSR: 0.00012360364468704685 y: 25
prediction: 74, radius: 0.1565, PSR: 1.044412930200028e-05 y: 74
prediction: 70, radius: 0.1623, PSR: 7.774709177564269e-06 y: 70
prediction: 194, radius: 0.2389, PSR: 1.6916222507674007e-05 y: 194
prediction: 167, radius: 0.6397, PSR: 0.00010826773436877656 y: 167
prediction: 79, radius: 0.3446, PSR: 4.708539564890018e-05 y: 79
[91mprediction: -1, radius: 0.0000, PSR: 0.0 y: 65[0m
prediction: 231, radius: 0.3383, PSR: 3.826374000602671e-05 y: 231
prediction: 230, radius: 0.3485, PSR: 3.077079190809422e-05 y: 230
prediction: 208, radius: 0.4539, PSR: 7.576868971441401e-05 y: 208
prediction: 254, radius: 0.2249, PSR: 1.9106679865103386e-05 y: 254
prediction: 206, radius: 0.3682, PSR: 4.76226076034924e-05 y: 206
prediction: 139, radius: 0.1914, PSR: 1.2971992251421644e-05 y: 139
prediction: 180, radius: 0.4509, PSR: 5.1199729586709354e-05 y: 180
prediction: 58, radius: 0.2078, PSR: 2.1535710617673933e-05 y: 58
prediction: 84, radius: 0.4120, PSR: 6.849900855269121e-05 y: 84
prediction: 113, radius: 0.3973, PSR: 5.433561670687302e-05 y: 113
prediction: 99, radius: 0.0153, PSR: 1.0143630270836807e-07 y: 99
prediction: 89, radius: 0.0415, PSR: 7.267076422082634e-07 y: 89
prediction: 171, radius: 0.1383, PSR: 5.149433253824974e-06 y: 171
prediction: 74, radius: 0.1382, PSR: 7.6122426234008345e-06 y: 74
prediction: 18, radius: 0.0158, PSR: 5.971028402535342e-08 y: 18
prediction: 170, radius: 0.2869, PSR: 2.474920706565743e-05 y: 170
prediction: 115, radius: 0.6228, PSR: 0.00010936401343749835 y: 115
prediction: 117, radius: 0.4812, PSR: 9.683068317061843e-05 y: 117
prediction: 115, radius: 0.5230, PSR: 0.0001205670613938827 y: 115
prediction: 53, radius: 0.2914, PSR: 2.822695688587286e-05 y: 53
prediction: 132, radius: 0.4129, PSR: 5.24143583514792e-05 y: 132
prediction: 67, radius: 0.2194, PSR: 1.846980341696495e-05 y: 67
[91mprediction: -1, radius: 0.0000, PSR: 0.0 y: 10[0m
prediction: 82, radius: 0.6397, PSR: 0.00010933005955773053 y: 82
prediction: 205, radius: 0.3965, PSR: 6.917767741936047e-05 y: 205
prediction: 229, radius: 0.3718, PSR: 5.160967063009314e-05 y: 229
prediction: 51, radius: 0.2200, PSR: 2.569484039192425e-05 y: 51
prediction: 139, radius: 0.1293, PSR: 7.89214270692782e-06 y: 139
prediction: 247, radius: 0.3561, PSR: 2.965754538895179e-05 y: 247
prediction: 209, radius: 0.0365, PSR: 4.801873728179996e-07 y: 209
prediction: 178, radius: 0.6397, PSR: 0.00012213169333303328 y: 178
prediction: 23, radius: 0.4466, PSR: 4.535698726134636e-05 y: 23
prediction: 179, radius: 0.1343, PSR: 6.420444113914666e-06 y: 179
prediction: 275, radius: 0.0746, PSR: 2.4020796465820187e-06 y: 275
prediction: 26, radius: 0.0809, PSR: 1.5154191386926274e-06 y: 26
prediction: 132, radius: 0.2479, PSR: 2.23067163423478e-05 y: 132
prediction: 233, radius: 0.6397, PSR: 0.00010448557735437228 y: 233
prediction: 33, radius: 0.0401, PSR: 4.537106288251846e-07 y: 15
[91mprediction: -1, radius: 0.0000, PSR: 0.0 y: 32[0m
prediction: 64, radius: 0.1658, PSR: 9.607016694323461e-06 y: 64
prediction: 195, radius: 0.3314, PSR: 4.379824297464419e-05 y: 195
prediction: 110, radius: 0.5944, PSR: 0.0001450422833294601 y: 110
prediction: 165, radius: 0.5879, PSR: 9.07096528073544e-05 y: 165
prediction: 42, radius: 0.5414, PSR: 9.013857544591987e-05 y: 42
prediction: 217, radius: 0.5056, PSR: 7.118716638659613e-05 y: 217
prediction: 252, radius: 0.3746, PSR: 4.6220156841468884e-05 y: 252
prediction: 21, radius: 0.5769, PSR: 7.611750599105083e-05 y: 21
prediction: 268, radius: 0.6397, PSR: 0.00017630279538202154 y: 268
[91mprediction: -1, radius: 0.0000, PSR: 0.0 y: 123[0m
prediction: 83, radius: 0.3778, PSR: 5.49528050006267e-05 y: 83
prediction: 55, radius: 0.4905, PSR: 0.00012581634747525455 y: 55
prediction: 239, radius: 0.1347, PSR: 5.432446543874149e-06 y: 239
prediction: 162, radius: 0.4749, PSR: 7.902737090567479e-05 y: 162
prediction: 230, radius: 0.1026, PSR: 3.2530574970173795e-06 y: 230
prediction: 186, radius: 0.6228, PSR: 0.00012441894895574086 y: 186
prediction: 169, radius: 0.4823, PSR: 5.851477031273321e-05 y: 169
prediction: 235, radius: 0.6397, PSR: 0.00010325078326213431 y: 235
prediction: 187, radius: 0.1353, PSR: 5.937551453187134e-06 y: 187
prediction: 160, radius: 0.5821, PSR: 0.00012983108443721445 y: 160
prediction: 92, radius: 0.5026, PSR: 8.948512311990621e-05 y: 92
prediction: 57, radius: 0.3061, PSR: 4.0575603081860144e-05 y: 57
prediction: 23, radius: 0.0414, PSR: 3.8491429521133015e-07 y: 6
[91mprediction: -1, radius: 0.0000, PSR: 0.0 y: 180[0m
prediction: 176, radius: 0.5211, PSR: 9.318560144669587e-05 y: 176
prediction: 254, radius: 0.1733, PSR: 1.2197730773342301e-05 y: 254
prediction: 173, radius: 0.6397, PSR: 0.00012249658205190498 y: 173
prediction: 58, radius: 0.4930, PSR: 9.18254322696598e-05 y: 58
[91mprediction: -1, radius: 0.0000, PSR: 0.0 y: 19[0m
prediction: 44, radius: 0.3893, PSR: 6.959235292388389e-05 y: 44
prediction: 58, radius: 0.1872, PSR: 1.5913536553011902e-05 y: 58
prediction: 65, radius: 0.1752, PSR: 1.406244402322084e-05 y: 65
prediction: 112, radius: 0.6397, PSR: 0.0001422269800372398 y: 112
prediction: 193, radius: 0.5192, PSR: 8.535955596259841e-05 y: 193
prediction: 200, radius: 0.6020, PSR: 0.00011300920544364818 y: 200
prediction: 194, radius: 0.1933, PSR: 1.4316511166019533e-05 y: 194
prediction: 74, radius: 0.0057, PSR: 1.4582989532346204e-08 y: 74
prediction: 136, radius: 0.4603, PSR: 7.298267733856841e-05 y: 136
prediction: 117, radius: 0.4124, PSR: 7.622135343859914e-05 y: 117
prediction: 205, radius: 0.5293, PSR: 0.00010338289940771471 y: 205
prediction: 222, radius: 0.3953, PSR: 6.181658883616148e-05 y: 222
prediction: 46, radius: 0.4148, PSR: 6.641177112571966e-05 y: 46
prediction: 107, radius: 0.1024, PSR: 4.419361205302918e-06 y: 107
prediction: 243, radius: 0.2567, PSR: 1.972176038486198e-05 y: 243
prediction: 230, radius: 0.2677, PSR: 1.7192906831453395e-05 y: 230
prediction: 28, radius: 0.3379, PSR: 3.1897272296808714e-05 y: 28
prediction: 104, radius: 0.6397, PSR: 9.54280875281703e-05 y: 104
prediction: 255, radius: 0.0510, PSR: 1.2429873260057617e-06 y: 263
prediction: 206, radius: 0.0723, PSR: 1.2699367148162642e-06 y: 206
prediction: 260, radius: 0.2837, PSR: 2.590037652016368e-05 y: 263
prediction: 20, radius: 0.6397, PSR: 9.279004779955657e-05 y: 39
prediction: 36, radius: 0.2295, PSR: 1.3528645294061922e-05 y: 36
prediction: 88, radius: 0.3463, PSR: 4.416906030261054e-05 y: 88
prediction: 109, radius: 0.5155, PSR: 7.703506981872598e-05 y: 109
prediction: 259, radius: 0.0368, PSR: 3.941441821558402e-07 y: 259
prediction: 185, radius: 0.3108, PSR: 3.73054540348598e-05 y: 185
prediction: 153, radius: 0.6397, PSR: 0.00015087342022212843 y: 153
prediction: 193, radius: 0.4823, PSR: 5.937839963549943e-05 y: 193
prediction: 95, radius: 0.1252, PSR: 5.086441732091426e-06 y: 95
prediction: 150, radius: 0.4892, PSR: 9.278856699356642e-05 y: 150
prediction: 146, radius: 0.6020, PSR: 8.617133631582384e-05 y: 146
prediction: 103, radius: 0.2010, PSR: 1.4671581861375907e-05 y: 103
prediction: 50, radius: 0.3436, PSR: 5.0768868510109906e-05 y: 50
prediction: 268, radius: 0.6397, PSR: 0.00018570990559057512 y: 268
[91mprediction: -1, radius: 0.0000, PSR: 0.0 y: 18[0m
prediction: 112, radius: 0.5271, PSR: 0.00011532963003871495 y: 112
prediction: 244, radius: 0.5721, PSR: 8.446925819691992e-05 y: 244
prediction: 204, radius: 0.0767, PSR: 1.8008348415994554e-06 y: 204
prediction: 265, radius: 0.1425, PSR: 8.167227244597544e-06 y: 265
prediction: 119, radius: 0.3146, PSR: 3.704689679205047e-05 y: 119
prediction: 217, radius: 0.5944, PSR: 0.00012399766707357234 y: 217
prediction: 121, radius: 0.5441, PSR: 7.584863154637609e-05 y: 121
prediction: 218, radius: 0.4555, PSR: 9.10013747598163e-05 y: 218
prediction: 241, radius: 0.3490, PSR: 3.219235097585984e-05 y: 241
prediction: 271, radius: 0.3798, PSR: 6.076645307399079e-05 y: 271
prediction: 146, radius: 0.5769, PSR: 0.0001301761541983278 y: 146
prediction: 175, radius: 0.4262, PSR: 6.01922181484987e-05 y: 175
prediction: 21, radius: 0.0879, PSR: 1.7034031692274654e-06 y: 21
prediction: 273, radius: 0.5192, PSR: 9.320455820524743e-05 y: 273
prediction: 198, radius: 0.3303, PSR: 3.7758577663080124e-05 y: 198
prediction: 249, radius: 0.1144, PSR: 3.064149885009152e-06 y: 249
prediction: 18, radius: 0.0110, PSR: 2.793483409009395e-08 y: 33
prediction: 59, radius: 0.5721, PSR: 0.00011670726533338689 y: 59
prediction: 249, radius: 0.4956, PSR: 8.485397235098077e-05 y: 249
prediction: 231, radius: 0.2722, PSR: 2.5268604898327353e-05 y: 231
prediction: 241, radius: 0.2970, PSR: 3.355322041930548e-05 y: 241
prediction: 173, radius: 0.6112, PSR: 0.0001451275161518668 y: 173
prediction: 67, radius: 0.3961, PSR: 6.224974905129676e-05 y: 67
prediction: 172, radius: 0.1031, PSR: 3.1941429954260214e-06 y: 172
prediction: 64, radius: 0.0567, PSR: 1.0327753438598739e-06 y: 64
prediction: 173, radius: 0.5230, PSR: 9.490395000201241e-05 y: 173
prediction: 133, radius: 0.1647, PSR: 1.0214930087867501e-05 y: 133
prediction: 62, radius: 0.2046, PSR: 1.9325425353198964e-05 y: 62
prediction: 177, radius: 0.3359, PSR: 3.430001568761378e-05 y: 177
prediction: 61, radius: 0.2745, PSR: 3.666773288983364e-05 y: 61
prediction: 228, radius: 0.4719, PSR: 8.230220306034455e-05 y: 228
prediction: 87, radius: 0.3411, PSR: 3.35747652623054e-05 y: 87
prediction: 141, radius: 0.3404, PSR: 4.007173872655518e-05 y: 141
prediction: 143, radius: 0.6397, PSR: 0.00012288878009306478 y: 143
prediction: 173, radius: 0.6228, PSR: 0.0001275331982535857 y: 173
prediction: 165, radius: 0.4769, PSR: 7.858904560191218e-05 y: 165
prediction: 24, radius: 0.4759, PSR: 5.79255253641729e-05 y: 24
prediction: 81, radius: 0.2980, PSR: 4.026382169254001e-05 y: 81
prediction: 151, radius: 0.6397, PSR: 0.00015015110351927492 y: 151
prediction: 4, radius: 0.4097, PSR: 3.9002990154873156e-05 y: 4
prediction: 21, radius: 0.0838, PSR: 1.6169595049509472e-06 y: 21
prediction: 41, radius: 0.4823, PSR: 8.260961063704602e-05 y: 41
prediction: 254, radius: 0.2690, PSR: 3.448498720723089e-05 y: 254
prediction: 19, radius: 0.0423, PSR: 4.51128995625549e-07 y: 19
prediction: 98, radius: 0.2555, PSR: 3.1626917545828384e-05 y: 98
prediction: 142, radius: 0.5564, PSR: 0.00010972641007310202 y: 142
prediction: 192, radius: 0.0418, PSR: 4.785791484574486e-07 y: 192
prediction: 68, radius: 0.0969, PSR: 2.858026475612451e-06 y: 270
prediction: 66, radius: 0.2025, PSR: 1.5668106753438297e-05 y: 66
prediction: 183, radius: 0.4956, PSR: 9.035240276163671e-05 y: 183
prediction: 127, radius: 0.3197, PSR: 2.9027739515681387e-05 y: 127
prediction: 0, radius: 0.5026, PSR: 7.231786888588103e-05 y: 0
prediction: 48, radius: 0.4531, PSR: 8.995886627595037e-05 y: 48
prediction: 18, radius: 0.3130, PSR: 2.245530456718096e-05 y: 37
prediction: 186, radius: 0.6397, PSR: 0.00010423837152298681 y: 186
prediction: 179, radius: 0.6228, PSR: 0.0001319823205046529 y: 179
[91mprediction: -1, radius: 0.0000, PSR: 0.0 y: 215[0m
prediction: 195, radius: 0.6228, PSR: 8.978282704512195e-05 y: 195
prediction: 154, radius: 0.6228, PSR: 9.673020238093169e-05 y: 154
prediction: 187, radius: 0.0795, PSR: 2.302259013104866e-06 y: 187
prediction: 141, radius: 0.2820, PSR: 2.8661317930581142e-05 y: 141
prediction: 157, radius: 0.3165, PSR: 3.7521342227560196e-05 y: 157
prediction: 8, radius: 0.4355, PSR: 4.5416798956648047e-05 y: 8
prediction: 138, radius: 0.4373, PSR: 5.083733302892724e-05 y: 138
prediction: 209, radius: 0.1985, PSR: 1.0772388058962634e-05 y: 209
prediction: 222, radius: 0.4646, PSR: 7.978973797175646e-05 y: 222
prediction: 25, radius: 0.3985, PSR: 4.748003428385157e-05 y: 25
prediction: 125, radius: 0.1975, PSR: 1.5787809587399683e-05 y: 125
prediction: 115, radius: 0.5531, PSR: 9.44813990425064e-05 y: 115
prediction: 135, radius: 0.6397, PSR: 0.00015200744638076962 y: 135
prediction: 237, radius: 0.3517, PSR: 3.9872611490920644e-05 y: 237
prediction: 187, radius: 0.0843, PSR: 1.8050289489468004e-06 y: 187
prediction: 138, radius: 0.5041, PSR: 8.088351449057427e-05 y: 138
prediction: 206, radius: 0.4562, PSR: 7.256033717317504e-05 y: 206
prediction: 164, radius: 0.5944, PSR: 9.443567983159168e-05 y: 164
prediction: 214, radius: 0.2379, PSR: 1.6099858289371686e-05 y: 214
prediction: 121, radius: 0.2774, PSR: 2.7989988960579518e-05 y: 121
prediction: 16, radius: 0.2551, PSR: 1.4893592250773512e-05 y: 16
prediction: 56, radius: 0.2902, PSR: 3.120721782799161e-05 y: 56
prediction: 132, radius: 0.1978, PSR: 1.567261086840013e-05 y: 132
prediction: 260, radius: 0.3125, PSR: 4.732595083741765e-05 y: 260
prediction: 38, radius: 0.3278, PSR: 2.3234158729240307e-05 y: 38
prediction: 122, radius: 0.6397, PSR: 0.00010811348683764051 y: 122
prediction: 184, radius: 0.6397, PSR: 0.0001540995161752369 y: 184
prediction: 157, radius: 0.5414, PSR: 9.018828425275074e-05 y: 157
prediction: 41, radius: 0.5678, PSR: 0.00011166449613518581 y: 41
prediction: 89, radius: 0.1992, PSR: 1.5332879335970742e-05 y: 89
prediction: 226, radius: 0.6397, PSR: 0.0001283160817890016 y: 226
prediction: 179, radius: 0.6397, PSR: 0.00014015196989588784 y: 179
prediction: 254, radius: 0.2154, PSR: 1.3834090782061144e-05 y: 254
prediction: 2, radius: 0.6397, PSR: 0.0001351030787951949 y: 2
[91mprediction: -1, radius: 0.0000, PSR: 0.0 y: 215[0m
prediction: 201, radius: 0.6228, PSR: 0.00010510460570031598 y: 201
prediction: 230, radius: 0.5821, PSR: 0.0001246662832353713 y: 230
prediction: 272, radius: 0.0392, PSR: 7.171026955109228e-07 y: 272
[91mprediction: -1, radius: 0.0000, PSR: 0.0 y: 65[0m
prediction: 76, radius: 0.6397, PSR: 0.0001586941368930336 y: 76
prediction: 222, radius: 0.2629, PSR: 2.0360460366412213e-05 y: 222
prediction: 187, radius: 0.4547, PSR: 5.682717695468842e-05 y: 187
prediction: 261, radius: 0.3896, PSR: 7.10350820271368e-05 y: 261
prediction: 134, radius: 0.4620, PSR: 6.944176762454188e-05 y: 134
prediction: 117, radius: 0.5441, PSR: 8.623175751260009e-05 y: 117
prediction: 87, radius: 0.3682, PSR: 4.141813513618762e-05 y: 87
prediction: 204, radius: 0.2796, PSR: 2.1578956516477314e-05 y: 204
prediction: 11, radius: 0.1180, PSR: 3.2948979907637646e-06 y: 17
prediction: 154, radius: 0.5879, PSR: 0.00013714025405054707 y: 154
prediction: 58, radius: 0.2615, PSR: 2.3312495931406845e-05 y: 58
prediction: 102, radius: 0.2764, PSR: 3.0576331773014294e-05 y: 102
prediction: 228, radius: 0.5678, PSR: 0.0001075553050510266 y: 228
prediction: 117, radius: 0.5944, PSR: 9.653462706261327e-05 y: 117
prediction: 224, radius: 0.3667, PSR: 5.0190844213897884e-05 y: 224
prediction: 94, radius: 0.3724, PSR: 4.486639404602768e-05 y: 94
prediction: 191, radius: 0.6112, PSR: 0.00013089256329084284 y: 191
prediction: 199, radius: 0.3246, PSR: 3.237555568098345e-05 y: 199
prediction: 172, radius: 0.2917, PSR: 3.487563608272609e-05 y: 172
prediction: 61, radius: 0.3038, PSR: 3.27739052821149e-05 y: 61
prediction: 129, radius: 0.4445, PSR: 7.108915598006461e-05 y: 129
prediction: 207, radius: 0.4719, PSR: 7.908083042692186e-05 y: 207
prediction: 242, radius: 0.0590, PSR: 1.6312370803477055e-06 y: 242
prediction: 243, radius: 0.1802, PSR: 1.0798208667820623e-05 y: 243
prediction: 25, radius: 0.2404, PSR: 1.749005850119975e-05 y: 32
prediction: 49, radius: 0.4823, PSR: 8.259025511131237e-05 y: 49
prediction: 105, radius: 0.3034, PSR: 3.3734731258126696e-05 y: 105
prediction: 63, radius: 0.5414, PSR: 9.638717325343815e-05 y: 63
prediction: 108, radius: 0.6397, PSR: 0.000157181046542889 y: 108
prediction: 147, radius: 0.6397, PSR: 0.00015824024964876797 y: 147
prediction: 46, radius: 0.6397, PSR: 0.0001184111368913771 y: 46
prediction: 8, radius: 0.1807, PSR: 7.85853866793358e-06 y: 8
prediction: 122, radius: 0.6228, PSR: 0.00012942213993283804 y: 122
prediction: 22, radius: 0.6397, PSR: 0.00011008320648677181 y: 22
prediction: 123, radius: 0.2668, PSR: 2.9196686359663674e-05 y: 123
prediction: 204, radius: 0.1402, PSR: 4.788845620178411e-06 y: 204
prediction: 167, radius: 0.6397, PSR: 0.00011889205553948974 y: 167
prediction: 36, radius: 0.1210, PSR: 3.6131278575701852e-06 y: 36
prediction: 240, radius: 0.2172, PSR: 1.2748622936496625e-05 y: 240
[91mprediction: -1, radius: 0.0000, PSR: 0.0 y: 215[0m
prediction: 156, radius: 0.5678, PSR: 9.915099105505657e-05 y: 156
prediction: 57, radius: 0.1155, PSR: 5.456259631934631e-06 y: 57
prediction: 110, radius: 0.6397, PSR: 0.00010920196031283599 y: 110
prediction: 229, radius: 0.6397, PSR: 0.00010839094486230175 y: 229
prediction: 40, radius: 0.6397, PSR: 0.00011913353383986232 y: 40
[91mprediction: -1, radius: 0.0000, PSR: 0.0 y: 30[0m
prediction: 68, radius: 0.1821, PSR: 1.5702267404661192e-05 y: 68
prediction: 109, radius: 0.4313, PSR: 5.866792182543464e-05 y: 109
prediction: 42, radius: 0.4587, PSR: 6.946444300874202e-05 y: 42
prediction: 93, radius: 0.2807, PSR: 2.1708155662810363e-05 y: 93
prediction: 251, radius: 0.5879, PSR: 9.250215077790454e-05 y: 251
prediction: 271, radius: 0.4367, PSR: 7.671928077158926e-05 y: 271
prediction: 80, radius: 0.6397, PSR: 0.00014161352255211856 y: 80
prediction: 246, radius: 0.4348, PSR: 5.920568432827064e-05 y: 246
prediction: 133, radius: 0.1058, PSR: 4.33605361439126e-06 y: 133
prediction: 226, radius: 0.6228, PSR: 0.00012790308202554942 y: 226
prediction: 266, radius: 0.6112, PSR: 0.00013956636705692312 y: 266
prediction: 115, radius: 0.6228, PSR: 0.0001430348561917259 y: 115
prediction: 219, radius: 0.4039, PSR: 4.588295583093996e-05 y: 219
prediction: 33, radius: 0.2103, PSR: 1.0230174622002486e-05 y: 33
prediction: 147, radius: 0.3451, PSR: 4.34363865930209e-05 y: 147
prediction: 106, radius: 0.6228, PSR: 0.0002195403843744595 y: 106
prediction: 44, radius: 0.6112, PSR: 0.00012055548108899376 y: 44
prediction: 105, radius: 0.2532, PSR: 2.1658706491516973e-05 y: 105
prediction: 145, radius: 0.5087, PSR: 8.941838460456199e-05 y: 145
prediction: 80, radius: 0.6397, PSR: 0.00011714922989042516 y: 80
prediction: 111, radius: 0.1083, PSR: 5.254560565351258e-06 y: 111
prediction: 252, radius: 0.4307, PSR: 6.0266712170361897e-05 y: 252
prediction: 56, radius: 0.2276, PSR: 2.2523485689197385e-05 y: 56
prediction: 269, radius: 0.1980, PSR: 1.4013231329908616e-05 y: 269
prediction: 218, radius: 0.4290, PSR: 6.795863929674307e-05 y: 218
prediction: 8, radius: 0.1033, PSR: 2.494860463327982e-06 y: 8
[91mprediction: -1, radius: 0.0000, PSR: 0.0 y: 215[0m
prediction: 237, radius: 0.3569, PSR: 4.7069594363065193e-05 y: 237
prediction: 257, radius: 0.1651, PSR: 1.1462658904663818e-05 y: 257
prediction: 214, radius: 0.2538, PSR: 2.1790040649489007e-05 y: 214
prediction: 257, radius: 0.3808, PSR: 5.090956883248757e-05 y: 257
prediction: 105, radius: 0.3154, PSR: 3.610394246441323e-05 y: 105
prediction: 55, radius: 0.3618, PSR: 6.202641205539543e-05 y: 55
prediction: 231, radius: 0.2652, PSR: 2.326557052998188e-05 y: 231
prediction: 141, radius: 0.4070, PSR: 4.160307333033132e-05 y: 141
prediction: 78, radius: 0.3141, PSR: 4.6745246727420904e-05 y: 78
prediction: 131, radius: 0.1018, PSR: 5.127615214301809e-06 y: 131
[91mprediction: -1, radius: 0.0000, PSR: 0.0 y: 89[0m
prediction: 72, radius: 0.1548, PSR: 1.0955682002950173e-05 y: 72
prediction: 156, radius: 0.3485, PSR: 4.8743313563872835e-05 y: 156
prediction: 232, radius: 0.4997, PSR: 9.112032286896192e-05 y: 232
prediction: 100, radius: 0.1282, PSR: 7.371083446880757e-06 y: 100
prediction: 176, radius: 0.5531, PSR: 9.422694293673926e-05 y: 176
prediction: 216, radius: 0.2961, PSR: 3.590046862470182e-05 y: 216
prediction: 21, radius: 0.2519, PSR: 1.4807811504456439e-05 y: 21
prediction: 64, radius: 0.3411, PSR: 3.637950225736166e-05 y: 64
prediction: 47, radius: 0.2928, PSR: 4.0164136844676125e-05 y: 47
prediction: 204, radius: 0.2155, PSR: 1.6096969824348138e-05 y: 204
prediction: 190, radius: 0.5230, PSR: 7.065963547664403e-05 y: 190
prediction: 56, radius: 0.1538, PSR: 1.1392466257444587e-05 y: 56
prediction: 111, radius: 0.0740, PSR: 2.1119175854555265e-06 y: 111
prediction: 165, radius: 0.4480, PSR: 7.022247221125056e-05 y: 165
[91mprediction: -1, radius: 0.0000, PSR: 0.0 y: 29[0m
prediction: 48, radius: 0.6020, PSR: 0.0001363283859400986 y: 48
prediction: 257, radius: 0.6228, PSR: 9.868694560635773e-05 y: 257
[91mprediction: -1, radius: 0.0000, PSR: 0.0 y: 64[0m
prediction: 18, radius: 0.2173, PSR: 1.3658623955068304e-05 y: 15
prediction: 47, radius: 0.1527, PSR: 1.0427060332144293e-05 y: 47
prediction: 209, radius: 0.0507, PSR: 6.316480109212879e-07 y: 209
prediction: 214, radius: 0.0146, PSR: 1.0698317497924053e-07 y: 214
prediction: 271, radius: 0.4284, PSR: 7.977746749054694e-05 y: 271
prediction: 16, radius: 0.1461, PSR: 5.686667976308156e-06 y: 15
prediction: 73, radius: 0.1761, PSR: 1.0447851868120456e-05 y: 73
[91mprediction: -1, radius: 0.0000, PSR: 0.0 y: 103[0m
prediction: 51, radius: 0.2865, PSR: 3.638784711498657e-05 y: 51
prediction: 170, radius: 0.1682, PSR: 9.9483336112249e-06 y: 170
prediction: 60, radius: 0.2083, PSR: 1.8636328918637782e-05 y: 60
prediction: 235, radius: 0.4539, PSR: 5.657381260849331e-05 y: 235
prediction: 238, radius: 0.4570, PSR: 7.755910315974727e-05 y: 238
prediction: 136, radius: 0.6397, PSR: 0.00014448918862103319 y: 136
prediction: 92, radius: 0.3282, PSR: 4.729862239876385e-05 y: 92
prediction: 128, radius: 0.4373, PSR: 7.801284578011783e-05 y: 128
prediction: 238, radius: 0.2962, PSR: 2.9003588954386847e-05 y: 238
prediction: 224, radius: 0.2012, PSR: 1.3327217136541143e-05 y: 224
prediction: 194, radius: 0.2752, PSR: 2.6440502260083012e-05 y: 194
prediction: 73, radius: 0.1791, PSR: 1.1631433904213855e-05 y: 73
prediction: 169, radius: 0.4892, PSR: 6.901611346637188e-05 y: 169
[91mprediction: -1, radius: 0.0000, PSR: 0.0 y: 270[0m
prediction: 171, radius: 0.2745, PSR: 2.365110813119321e-05 y: 171
prediction: 260, radius: 0.2068, PSR: 1.5658856432866748e-05 y: 263
prediction: 137, radius: 0.4115, PSR: 6.736313633397063e-05 y: 137
prediction: 193, radius: 0.2263, PSR: 1.7952304687924044e-05 y: 193
prediction: 233, radius: 0.4466, PSR: 6.669313969177369e-05 y: 233
prediction: 201, radius: 0.4516, PSR: 4.880247728909866e-05 y: 201
prediction: 151, radius: 0.6397, PSR: 0.0001484074172412273 y: 151
prediction: 99, radius: 0.0563, PSR: 1.2662269124765537e-06 y: 99
prediction: 189, radius: 0.3212, PSR: 2.6609812213418408e-05 y: 189
prediction: 81, radius: 0.4139, PSR: 7.791857553023154e-05 y: 81
prediction: 168, radius: 0.3904, PSR: 3.991346317285215e-05 y: 168
[91mprediction: -1, radius: 0.0000, PSR: 0.0 y: 26[0m
Average radius for psr_0.5_std_1: 0.3731647179583192
---------------------------------------------------------------------------------------------------------
prediction: 67, radius: 0.0022, PSR: 1.7952555530139102e-09 y: 90
prediction: 174, radius: 0.2827, PSR: 2.8013870069956913e-05 y: 174
prediction: 5, radius: 0.3556, PSR: 3.250643604821231e-05 y: 5
prediction: 27, radius: 0.6397, PSR: 0.00010903323538728621 y: 27
prediction: 67, radius: 0.0160, PSR: 9.774983124563386e-08 y: 89
prediction: 20, radius: 0.6397, PSR: 0.00010418686810186029 y: 39
prediction: 131, radius: 0.3822, PSR: 4.873711533937651e-05 y: 131
prediction: 73, radius: 0.2235, PSR: 1.7355811322069127e-05 y: 73
prediction: 119, radius: 0.2922, PSR: 3.5531545471677046e-05 y: 119
prediction: 227, radius: 0.2314, PSR: 2.3133802762380496e-05 y: 227
prediction: 33, radius: 0.1939, PSR: 1.036053013458784e-05 y: 15
prediction: 87, radius: 0.3337, PSR: 3.809917313788451e-05 y: 87
prediction: 223, radius: 0.1838, PSR: 1.2305191111892653e-05 y: 223
prediction: 59, radius: 0.4603, PSR: 8.356152231746686e-05 y: 59
prediction: 255, radius: 0.4587, PSR: 0.00010819137489937926 y: 255
prediction: 20, radius: 0.6397, PSR: 9.833047717479238e-05 y: 39
prediction: 91, radius: 0.6397, PSR: 0.00023274364589407072 y: 91
prediction: 36, radius: 0.0591, PSR: 8.40742895297032e-07 y: 36
prediction: 72, radius: 0.1989, PSR: 1.7431694762280763e-05 y: 72
prediction: 47, radius: 0.2310, PSR: 2.387539022756987e-05 y: 47
prediction: 117, radius: 0.5944, PSR: 9.640120269443127e-05 y: 117
prediction: 164, radius: 0.5441, PSR: 9.935964736755367e-05 y: 164
prediction: 163, radius: 0.4348, PSR: 5.8890814580742696e-05 y: 163
prediction: 102, radius: 0.4251, PSR: 8.143125982610359e-05 y: 102
prediction: 166, radius: 0.1735, PSR: 8.802766556094679e-06 y: 166
prediction: 252, radius: 0.2736, PSR: 2.2262306197136156e-05 y: 252
prediction: 34, radius: 0.2243, PSR: 1.1451751013045926e-05 y: 34
prediction: 201, radius: 0.1089, PSR: 2.9340171778796985e-06 y: 201
prediction: 132, radius: 0.3676, PSR: 3.892050264610246e-05 y: 132
prediction: 251, radius: 0.3575, PSR: 3.848878302657294e-05 y: 251
prediction: 68, radius: 0.4857, PSR: 8.625968685377041e-05 y: 68
prediction: 155, radius: 0.3791, PSR: 4.484039690593281e-05 y: 155
prediction: 238, radius: 0.3472, PSR: 4.902932723030149e-05 y: 238
prediction: 230, radius: 0.4917, PSR: 8.2802948768606e-05 y: 230
prediction: 92, radius: 0.2740, PSR: 3.334563854379411e-05 y: 92
prediction: 179, radius: 0.6397, PSR: 0.00018574135411935405 y: 179
[91mprediction: -1, radius: 0.0000, PSR: 0.0 y: 131[0m
prediction: 253, radius: 0.6397, PSR: 0.00011488765077452961 y: 253
prediction: 182, radius: 0.3644, PSR: 5.251216869902084e-05 y: 182
prediction: 167, radius: 0.6397, PSR: 0.00015380860792511966 y: 167
[91mprediction: -1, radius: 0.0000, PSR: 0.0 y: 32[0m
prediction: 217, radius: 0.1628, PSR: 7.114292583797032e-06 y: 217
prediction: 222, radius: 0.3184, PSR: 4.4856383635728286e-05 y: 222
prediction: 91, radius: 0.6397, PSR: 0.00017594332068810996 y: 91
prediction: 62, radius: 0.4834, PSR: 8.421368997826495e-05 y: 62
prediction: 171, radius: 0.3331, PSR: 2.763886619622281e-05 y: 171
prediction: 69, radius: 0.3893, PSR: 3.7637433114668044e-05 y: 69
prediction: 251, radius: 0.2325, PSR: 1.628285198115132e-05 y: 251
prediction: 196, radius: 0.0345, PSR: 3.9459187899905834e-07 y: 196
prediction: 232, radius: 0.4547, PSR: 7.016285697796961e-05 y: 232
prediction: 150, radius: 0.4531, PSR: 7.651162291701982e-05 y: 150
prediction: 143, radius: 0.4892, PSR: 0.0001046388609478566 y: 143
[91mprediction: -1, radius: 0.0000, PSR: 0.0 y: 270[0m
prediction: 220, radius: 0.2197, PSR: 1.2930583733808884e-05 y: 220
prediction: 258, radius: 0.6397, PSR: 0.0001776678496210129 y: 258
prediction: 274, radius: 0.1353, PSR: 7.556512043350989e-06 y: 274
prediction: 74, radius: 0.4106, PSR: 5.3859661403413016e-05 y: 74
prediction: 255, radius: 0.0583, PSR: 1.1566284471299827e-06 y: 263
prediction: 167, radius: 0.6397, PSR: 0.00012656665118305444 y: 167
prediction: 155, radius: 0.3795, PSR: 5.0116818445384964e-05 y: 155
prediction: 64, radius: 0.2451, PSR: 2.0276293659650105e-05 y: 64
prediction: 137, radius: 0.5087, PSR: 0.00011825847575400301 y: 137
prediction: 81, radius: 0.2699, PSR: 3.0758678872533925e-05 y: 81
prediction: 177, radius: 0.4663, PSR: 7.188645721785553e-05 y: 177
prediction: 202, radius: 0.3743, PSR: 4.0216800191059514e-05 y: 202
prediction: 264, radius: 0.2447, PSR: 2.5362671178393708e-05 y: 264
prediction: 123, radius: 0.2191, PSR: 1.9432263616612995e-05 y: 123
prediction: 100, radius: 0.4905, PSR: 7.366093275244692e-05 y: 100
prediction: 44, radius: 0.5879, PSR: 0.0001283274670409337 y: 44
prediction: 62, radius: 0.4061, PSR: 6.49645354162807e-05 y: 62
prediction: 196, radius: 0.2266, PSR: 1.6207717817594148e-05 y: 196
prediction: 214, radius: 0.3772, PSR: 3.704318311735522e-05 y: 214
prediction: 4, radius: 0.3945, PSR: 3.629674574613121e-05 y: 4
[91mprediction: -1, radius: 0.0000, PSR: 0.0 y: 32[0m
prediction: 12, radius: 0.3453, PSR: 2.867140457878763e-05 y: 12
prediction: 264, radius: 0.4273, PSR: 7.866806704525121e-05 y: 264
prediction: 189, radius: 0.4219, PSR: 7.316693266084752e-05 y: 189
prediction: 170, radius: 0.1852, PSR: 9.498179203998198e-06 y: 170
prediction: 236, radius: 0.0586, PSR: 9.502607441358361e-07 y: 236
prediction: 13, radius: 0.1370, PSR: 4.156680437714846e-06 y: 13
prediction: 195, radius: 0.5564, PSR: 0.00010323471981018987 y: 195
prediction: 139, radius: 0.1567, PSR: 1.154703798573586e-05 y: 139
prediction: 132, radius: 0.3128, PSR: 2.989923317940987e-05 y: 132
[91mprediction: -1, radius: 0.0000, PSR: 0.0 y: 211[0m
prediction: 53, radius: 0.1133, PSR: 5.897501423034945e-06 y: 53
prediction: 224, radius: 0.1217, PSR: 5.367693682544063e-06 y: 224
prediction: 56, radius: 0.3107, PSR: 4.6969828008617824e-05 y: 56
prediction: 72, radius: 0.3154, PSR: 3.887497054101383e-05 y: 72
prediction: 81, radius: 0.2841, PSR: 3.3460482678344737e-05 y: 81
prediction: 170, radius: 0.1893, PSR: 1.1402991092117977e-05 y: 170
prediction: 156, radius: 0.5363, PSR: 9.74257345511324e-05 y: 156
[91mprediction: -1, radius: 0.0000, PSR: 0.0 y: 11[0m
prediction: 197, radius: 0.2482, PSR: 2.3867016623628608e-05 y: 197
prediction: 262, radius: 0.2317, PSR: 2.124799892082563e-05 y: 262
prediction: 135, radius: 0.6397, PSR: 0.0001635916523100437 y: 135
prediction: 231, radius: 0.2076, PSR: 1.5046783243847617e-05 y: 231
prediction: 3, radius: 0.6397, PSR: 9.3855456332285e-05 y: 3
prediction: 89, radius: 0.0991, PSR: 3.887261755082876e-06 y: 89
prediction: 110, radius: 0.6397, PSR: 0.00010827555697292112 y: 110
prediction: 25, radius: 0.6020, PSR: 0.00010946166623258657 y: 25
prediction: 74, radius: 0.1466, PSR: 9.155838952043196e-06 y: 74
prediction: 70, radius: 0.1490, PSR: 6.5511190275652915e-06 y: 70
prediction: 194, radius: 0.2123, PSR: 1.3358816794690369e-05 y: 194
prediction: 167, radius: 0.6397, PSR: 0.0001082593644264198 y: 167
prediction: 79, radius: 0.3116, PSR: 3.849153608929326e-05 y: 79
[91mprediction: -1, radius: 0.0000, PSR: 0.0 y: 65[0m
prediction: 231, radius: 0.3218, PSR: 3.461434849014245e-05 y: 231
prediction: 230, radius: 0.3326, PSR: 2.803808078029143e-05 y: 230
prediction: 208, radius: 0.4480, PSR: 7.380099117347692e-05 y: 208
prediction: 254, radius: 0.2080, PSR: 1.635210882731361e-05 y: 254
prediction: 206, radius: 0.3482, PSR: 4.259722656417652e-05 y: 206
prediction: 139, radius: 0.1715, PSR: 1.0406717686957996e-05 y: 139
prediction: 180, radius: 0.4336, PSR: 4.734765112615503e-05 y: 180
prediction: 58, radius: 0.1937, PSR: 1.870866812280778e-05 y: 58
prediction: 84, radius: 0.4083, PSR: 6.727179459455323e-05 y: 84
prediction: 113, radius: 0.3949, PSR: 5.368342253996906e-05 y: 113
[91mprediction: -1, radius: 0.0000, PSR: 0.0 y: 99[0m
prediction: 89, radius: 0.0310, PSR: 4.042749976928189e-07 y: 89
prediction: 171, radius: 0.1205, PSR: 3.909367135684044e-06 y: 171
prediction: 74, radius: 0.1197, PSR: 5.712445756727061e-06 y: 74
[91mprediction: -1, radius: 0.0000, PSR: 0.0 y: 18[0m
prediction: 170, radius: 0.2755, PSR: 2.2816056441042198e-05 y: 170
prediction: 115, radius: 0.5944, PSR: 9.959430280649373e-05 y: 115
prediction: 117, radius: 0.4905, PSR: 0.00010059947820713966 y: 117
prediction: 115, radius: 0.5469, PSR: 0.00013180788834318485 y: 115
prediction: 53, radius: 0.2776, PSR: 2.561404300306238e-05 y: 53
prediction: 132, radius: 0.3945, PSR: 4.784470402781321e-05 y: 132
prediction: 67, radius: 0.2028, PSR: 1.5777903138376955e-05 y: 67
[91mprediction: -1, radius: 0.0000, PSR: 0.0 y: 10[0m
prediction: 82, radius: 0.6397, PSR: 0.00010932517655733395 y: 82
prediction: 205, radius: 0.3752, PSR: 6.195477529620707e-05 y: 205
prediction: 229, radius: 0.3621, PSR: 4.8950347524893876e-05 y: 229
prediction: 51, radius: 0.2146, PSR: 2.443916437682619e-05 y: 51
prediction: 139, radius: 0.1122, PSR: 5.932727651927609e-06 y: 139
prediction: 247, radius: 0.3329, PSR: 2.59073553121494e-05 y: 247
prediction: 209, radius: 0.0189, PSR: 1.2852276421499182e-07 y: 209
prediction: 178, radius: 0.6397, PSR: 0.00012213287363631805 y: 178
prediction: 23, radius: 0.4079, PSR: 3.782961194205588e-05 y: 23
prediction: 179, radius: 0.1057, PSR: 3.970917400075542e-06 y: 179
prediction: 275, radius: 0.0644, PSR: 1.7899376295628183e-06 y: 275
prediction: 26, radius: 0.0373, PSR: 3.2156697113799396e-07 y: 26
prediction: 132, radius: 0.2404, PSR: 2.098076304358608e-05 y: 132
prediction: 233, radius: 0.6397, PSR: 0.00010449749026218838 y: 233
prediction: 33, radius: 0.0582, PSR: 9.55316904541332e-07 y: 15
[91mprediction: -1, radius: 0.0000, PSR: 0.0 y: 32[0m
prediction: 64, radius: 0.1570, PSR: 8.606553017880892e-06 y: 64
prediction: 195, radius: 0.3089, PSR: 3.8057020300129265e-05 y: 195
prediction: 110, radius: 0.5879, PSR: 0.00014184016114435875 y: 110
prediction: 165, radius: 0.5564, PSR: 8.127095871789189e-05 y: 165
prediction: 42, radius: 0.5173, PSR: 8.231139052513791e-05 y: 42
prediction: 217, radius: 0.4845, PSR: 6.536565411999391e-05 y: 217
prediction: 252, radius: 0.3685, PSR: 4.471344638386347e-05 y: 252
prediction: 21, radius: 0.5414, PSR: 6.70448927243425e-05 y: 21
prediction: 268, radius: 0.6397, PSR: 0.00017628817098152983 y: 268
[91mprediction: -1, radius: 0.0000, PSR: 0.0 y: 123[0m
prediction: 83, radius: 0.3782, PSR: 5.505374463852066e-05 y: 83
prediction: 55, radius: 0.4834, PSR: 0.0001222157195594754 y: 55
prediction: 239, radius: 0.1034, PSR: 3.1986144889924026e-06 y: 239
prediction: 162, radius: 0.4956, PSR: 8.605701180737083e-05 y: 162
prediction: 230, radius: 0.0816, PSR: 2.060361067084162e-06 y: 230
prediction: 186, radius: 0.6397, PSR: 0.0001312654730680571 y: 186
prediction: 169, radius: 0.4555, PSR: 5.218975543594149e-05 y: 169
prediction: 235, radius: 0.6397, PSR: 0.00010323850485902316 y: 235
prediction: 187, radius: 0.1068, PSR: 3.7006910779176324e-06 y: 187
prediction: 160, radius: 0.5879, PSR: 0.00013243858487235332 y: 160
prediction: 92, radius: 0.4997, PSR: 8.84396884686873e-05 y: 92
prediction: 57, radius: 0.2985, PSR: 3.8577679043254e-05 y: 57
prediction: 23, radius: 0.0773, PSR: 1.3407890228413167e-06 y: 6
[91mprediction: -1, radius: 0.0000, PSR: 0.0 y: 180[0m
prediction: 176, radius: 0.5388, PSR: 9.962254261752836e-05 y: 176
prediction: 254, radius: 0.1468, PSR: 8.754716333686546e-06 y: 254
prediction: 173, radius: 0.6397, PSR: 0.00012248425160786875 y: 173
prediction: 58, radius: 0.4917, PSR: 9.132810204277724e-05 y: 58
[91mprediction: -1, radius: 0.0000, PSR: 0.0 y: 19[0m
prediction: 44, radius: 0.3965, PSR: 7.218793078968872e-05 y: 44
prediction: 58, radius: 0.1702, PSR: 1.3162619708459103e-05 y: 58
prediction: 65, radius: 0.1850, PSR: 1.5680123762621566e-05 y: 65
prediction: 112, radius: 0.6397, PSR: 0.00014224287796938927 y: 112
prediction: 193, radius: 0.5041, PSR: 8.045453598550595e-05 y: 193
prediction: 200, radius: 0.5879, PSR: 0.00010775387827344855 y: 200
prediction: 194, radius: 0.1905, PSR: 1.3903472443109408e-05 y: 194
[91mprediction: -1, radius: 0.0000, PSR: 0.0 y: 74[0m
prediction: 136, radius: 0.4682, PSR: 7.548122402026755e-05 y: 136
prediction: 117, radius: 0.4224, PSR: 7.993785828057411e-05 y: 117
prediction: 205, radius: 0.5104, PSR: 9.61245506780486e-05 y: 205
prediction: 222, radius: 0.4120, PSR: 6.711597278272816e-05 y: 222
prediction: 46, radius: 0.4005, PSR: 6.190328418819329e-05 y: 46
prediction: 107, radius: 0.1031, PSR: 4.479025246520448e-06 y: 107
prediction: 243, radius: 0.2338, PSR: 1.6360638630233605e-05 y: 243
prediction: 230, radius: 0.2409, PSR: 1.3929859939659867e-05 y: 230
prediction: 28, radius: 0.3024, PSR: 2.5550144115248582e-05 y: 28
prediction: 104, radius: 0.6397, PSR: 9.541422730671977e-05 y: 104
prediction: 255, radius: 0.0649, PSR: 2.0174919346224815e-06 y: 263
prediction: 206, radius: 0.0428, PSR: 4.4503166165927253e-07 y: 206
prediction: 260, radius: 0.3154, PSR: 3.199783991042296e-05 y: 263
prediction: 20, radius: 0.6397, PSR: 9.278143405070699e-05 y: 39
prediction: 36, radius: 0.1860, PSR: 8.881440527628668e-06 y: 36
prediction: 88, radius: 0.3377, PSR: 4.200223910738439e-05 y: 88
prediction: 109, radius: 0.5155, PSR: 7.703107060443167e-05 y: 109
prediction: 259, radius: 0.0077, PSR: 1.7161860178374802e-08 y: 259
prediction: 185, radius: 0.2833, PSR: 3.098026554666751e-05 y: 185
prediction: 153, radius: 0.6397, PSR: 0.00015086906931628273 y: 153
prediction: 193, radius: 0.4547, PSR: 5.2773917590338663e-05 y: 193
prediction: 95, radius: 0.1065, PSR: 3.681645779321394e-06 y: 95
prediction: 150, radius: 0.4739, PSR: 8.703576960915139e-05 y: 150
prediction: 146, radius: 0.6112, PSR: 8.878712123653897e-05 y: 146
prediction: 103, radius: 0.1834, PSR: 1.2204329874555886e-05 y: 103
prediction: 50, radius: 0.3500, PSR: 5.2640768068674584e-05 y: 50
prediction: 268, radius: 0.6397, PSR: 0.00018569286184316785 y: 268
prediction: 16, radius: 0.0034, PSR: 3.0701446147914916e-09 y: 18
prediction: 112, radius: 0.5293, PSR: 0.00011628144289908634 y: 112
prediction: 244, radius: 0.5678, PSR: 8.317027109258797e-05 y: 244
prediction: 204, radius: 0.0438, PSR: 5.890825316022782e-07 y: 204
prediction: 265, radius: 0.1322, PSR: 7.030424561344885e-06 y: 265
prediction: 119, radius: 0.3013, PSR: 3.396133217047297e-05 y: 119
prediction: 217, radius: 0.5499, PSR: 0.00010610890382147942 y: 217
prediction: 121, radius: 0.5414, PSR: 7.508301759771213e-05 y: 121
prediction: 218, radius: 0.4459, PSR: 8.722074526986932e-05 y: 218
prediction: 241, radius: 0.3375, PSR: 3.0099899016432866e-05 y: 241
prediction: 271, radius: 0.3715, PSR: 5.813435526155645e-05 y: 271
prediction: 146, radius: 0.5678, PSR: 0.00012608473249676254 y: 146
prediction: 175, radius: 0.4203, PSR: 5.854689612268714e-05 y: 175
prediction: 21, radius: 0.0544, PSR: 6.523205651308052e-07 y: 21
prediction: 273, radius: 0.5315, PSR: 9.77002682536262e-05 y: 273
prediction: 198, radius: 0.3197, PSR: 3.536918578929451e-05 y: 198
prediction: 249, radius: 0.0801, PSR: 1.5031472739957854e-06 y: 249
prediction: 18, radius: 0.0483, PSR: 5.389436237636647e-07 y: 33
prediction: 59, radius: 0.5600, PSR: 0.00011177757481601591 y: 59
prediction: 249, radius: 0.4710, PSR: 7.663154137942736e-05 y: 249
prediction: 231, radius: 0.2525, PSR: 2.1741937924372528e-05 y: 231
prediction: 241, radius: 0.2722, PSR: 2.818087316149434e-05 y: 241
prediction: 173, radius: 0.5821, PSR: 0.0001316330200096419 y: 173
prediction: 67, radius: 0.3818, PSR: 5.784105639244584e-05 y: 67
prediction: 172, radius: 0.0717, PSR: 1.5454261602250146e-06 y: 172
prediction: 64, radius: 0.0396, PSR: 5.036417685945522e-07 y: 64
prediction: 173, radius: 0.5120, PSR: 9.093882555001447e-05 y: 173
prediction: 133, radius: 0.1477, PSR: 8.208962011434567e-06 y: 133
prediction: 62, radius: 0.1988, PSR: 1.8251506746187447e-05 y: 62
prediction: 177, radius: 0.3072, PSR: 2.8679364315066736e-05 y: 177
prediction: 61, radius: 0.2597, PSR: 3.280423704651999e-05 y: 61
prediction: 228, radius: 0.4578, PSR: 7.747708898152872e-05 y: 228
prediction: 87, radius: 0.3429, PSR: 3.392753475718027e-05 y: 87
prediction: 141, radius: 0.3274, PSR: 3.706894630717571e-05 y: 141
prediction: 143, radius: 0.6397, PSR: 0.0001228878674547602 y: 143
prediction: 173, radius: 0.6397, PSR: 0.00013453115095070402 y: 173
prediction: 165, radius: 0.4587, PSR: 7.268998336456254e-05 y: 165
prediction: 24, radius: 0.4801, PSR: 5.894091407592823e-05 y: 24
prediction: 81, radius: 0.2852, PSR: 3.686924931126928e-05 y: 81
prediction: 151, radius: 0.6397, PSR: 0.00015013934536429191 y: 151
prediction: 4, radius: 0.3934, PSR: 3.5962891680306603e-05 y: 4
prediction: 21, radius: 0.0448, PSR: 4.6168468171577156e-07 y: 21
prediction: 41, radius: 0.4595, PSR: 7.497533520399707e-05 y: 41
prediction: 254, radius: 0.2587, PSR: 3.189839115366045e-05 y: 254
[91mprediction: -1, radius: 0.0000, PSR: 0.0 y: 19[0m
prediction: 98, radius: 0.2462, PSR: 2.936738425331961e-05 y: 98
prediction: 142, radius: 0.5155, PSR: 9.42040462499129e-05 y: 142
prediction: 192, radius: 0.0107, PSR: 3.1563610947404974e-08 y: 192
prediction: 68, radius: 0.1170, PSR: 4.164727509006033e-06 y: 270
prediction: 66, radius: 0.1893, PSR: 1.3694757407115334e-05 y: 66
prediction: 183, radius: 0.4917, PSR: 8.89252698608508e-05 y: 183
prediction: 127, radius: 0.3139, PSR: 2.7980029039260135e-05 y: 127
prediction: 0, radius: 0.4710, PSR: 6.349255209010849e-05 y: 0
prediction: 48, radius: 0.4412, PSR: 8.525711835221495e-05 y: 48
prediction: 18, radius: 0.3348, PSR: 2.5690607919498368e-05 y: 37
prediction: 186, radius: 0.5944, PSR: 8.99889462164179e-05 y: 186
prediction: 179, radius: 0.6397, PSR: 0.00013922970582896406 y: 179
[91mprediction: -1, radius: 0.0000, PSR: 0.0 y: 215[0m
prediction: 195, radius: 0.5944, PSR: 8.178673500121715e-05 y: 195
prediction: 154, radius: 0.5821, PSR: 8.448007203222956e-05 y: 154
prediction: 187, radius: 0.0512, PSR: 9.532694101847825e-07 y: 187
prediction: 141, radius: 0.2571, PSR: 2.382886346364592e-05 y: 141
prediction: 157, radius: 0.3028, PSR: 3.4324960650901857e-05 y: 157
prediction: 8, radius: 0.4124, PSR: 4.073755001925556e-05 y: 8
prediction: 138, radius: 0.4163, PSR: 4.60626898121053e-05 y: 138
prediction: 209, radius: 0.1832, PSR: 9.17806554016699e-06 y: 209
prediction: 222, radius: 0.4578, PSR: 7.750239319330996e-05 y: 222
prediction: 25, radius: 0.3893, PSR: 4.5296626002872763e-05 y: 25
prediction: 125, radius: 0.1923, PSR: 1.4972206935926706e-05 y: 125
prediction: 115, radius: 0.5441, PSR: 9.140316317486992e-05 y: 115
prediction: 135, radius: 0.6397, PSR: 0.00015196369475321394 y: 135
prediction: 237, radius: 0.3236, PSR: 3.374927545054784e-05 y: 237
prediction: 187, radius: 0.0490, PSR: 6.103978903167127e-07 y: 187
prediction: 138, radius: 0.5173, PSR: 8.518186923755842e-05 y: 138
prediction: 206, radius: 0.4120, PSR: 5.9162564648448346e-05 y: 206
prediction: 164, radius: 0.5821, PSR: 9.053703388717672e-05 y: 164
prediction: 214, radius: 0.2264, PSR: 1.4579561900466544e-05 y: 214
prediction: 121, radius: 0.2765, PSR: 2.782131037130629e-05 y: 121
prediction: 16, radius: 0.2132, PSR: 1.0404909690735767e-05 y: 16
prediction: 56, radius: 0.2690, PSR: 2.6801686333144234e-05 y: 56
prediction: 132, radius: 0.1845, PSR: 1.3639990021504707e-05 y: 132
prediction: 260, radius: 0.2923, PSR: 4.142402477677694e-05 y: 260
prediction: 38, radius: 0.2814, PSR: 1.7119288380975414e-05 y: 38
prediction: 122, radius: 0.6397, PSR: 0.00010811591958462685 y: 122
prediction: 184, radius: 0.6397, PSR: 0.00015410319925100992 y: 184
prediction: 157, radius: 0.5293, PSR: 8.620492904241286e-05 y: 157
prediction: 41, radius: 0.5879, PSR: 0.0001196980405239072 y: 41
prediction: 89, radius: 0.1770, PSR: 1.2115828643804239e-05 y: 89
prediction: 226, radius: 0.6397, PSR: 0.00012831623762557998 y: 226
prediction: 179, radius: 0.6228, PSR: 0.0001328116652712383 y: 179
prediction: 254, radius: 0.2069, PSR: 1.2763316650477555e-05 y: 254
prediction: 2, radius: 0.6397, PSR: 0.0001350927769633155 y: 2
[91mprediction: -1, radius: 0.0000, PSR: 0.0 y: 215[0m
prediction: 201, radius: 0.6112, PSR: 0.00010120404585998225 y: 201
prediction: 230, radius: 0.5637, PSR: 0.00011691319231858442 y: 230
prediction: 272, radius: 0.0130, PSR: 7.831836964662498e-08 y: 272
[91mprediction: -1, radius: 0.0000, PSR: 0.0 y: 65[0m
prediction: 76, radius: 0.6397, PSR: 0.00015869282499296212 y: 76
prediction: 222, radius: 0.2263, PSR: 1.5092913316629647e-05 y: 222
prediction: 187, radius: 0.4153, PSR: 4.7402007384352506e-05 y: 187
prediction: 261, radius: 0.4043, PSR: 7.648848796838302e-05 y: 261
prediction: 134, radius: 0.4459, PSR: 6.46830868533484e-05 y: 134
prediction: 117, radius: 0.5441, PSR: 8.621982544091284e-05 y: 117
prediction: 87, radius: 0.3724, PSR: 4.2370585763912516e-05 y: 87
prediction: 204, radius: 0.2621, PSR: 1.8969326764517897e-05 y: 204
prediction: 11, radius: 0.1363, PSR: 4.395020788814433e-06 y: 17
prediction: 154, radius: 0.5678, PSR: 0.00012789408780638017 y: 154
prediction: 58, radius: 0.2472, PSR: 2.0831532471885185e-05 y: 58
prediction: 102, radius: 0.2650, PSR: 2.810270851780771e-05 y: 102
prediction: 228, radius: 0.5637, PSR: 0.00010602453733540287 y: 228
prediction: 117, radius: 0.5944, PSR: 9.651569894612153e-05 y: 117
prediction: 224, radius: 0.3553, PSR: 4.712713589272563e-05 y: 224
prediction: 94, radius: 0.3627, PSR: 4.254527293742987e-05 y: 94
prediction: 191, radius: 0.5769, PSR: 0.00011659735203692485 y: 191
prediction: 199, radius: 0.2928, PSR: 2.635204367295487e-05 y: 199
prediction: 172, radius: 0.2661, PSR: 2.9021185609791417e-05 y: 172
prediction: 61, radius: 0.2972, PSR: 3.137103624996934e-05 y: 61
prediction: 129, radius: 0.4578, PSR: 7.540610093991855e-05 y: 129
prediction: 207, radius: 0.4480, PSR: 7.125229375243392e-05 y: 207
prediction: 242, radius: 0.0386, PSR: 6.984438743564103e-07 y: 242
prediction: 243, radius: 0.1512, PSR: 7.602638514291e-06 y: 243
prediction: 25, radius: 0.2663, PSR: 2.1453362963275486e-05 y: 32
prediction: 49, radius: 0.4857, PSR: 8.375873301298596e-05 y: 49
prediction: 105, radius: 0.2782, PSR: 2.8355904468521477e-05 y: 105
prediction: 63, radius: 0.5192, PSR: 8.862464778667662e-05 y: 63
prediction: 108, radius: 0.6228, PSR: 0.00014895282136023869 y: 108
prediction: 147, radius: 0.6397, PSR: 0.00015821553170514887 y: 147
prediction: 46, radius: 0.6397, PSR: 0.00011839790361211592 y: 46
prediction: 8, radius: 0.1453, PSR: 5.080921695500442e-06 y: 8
prediction: 122, radius: 0.6112, PSR: 0.00012464301351620556 y: 122
prediction: 22, radius: 0.6397, PSR: 0.00011007765736627521 y: 22
prediction: 123, radius: 0.2611, PSR: 2.796735259803623e-05 y: 123
prediction: 204, radius: 0.1165, PSR: 3.307093652705838e-06 y: 204
prediction: 167, radius: 0.6397, PSR: 0.00011888500770408388 y: 167
prediction: 36, radius: 0.0835, PSR: 1.719948345398254e-06 y: 36
prediction: 240, radius: 0.1973, PSR: 1.0516456915469369e-05 y: 240
[91mprediction: -1, radius: 0.0000, PSR: 0.0 y: 215[0m
prediction: 156, radius: 0.5944, PSR: 0.0001086704695181881 y: 156
prediction: 57, radius: 0.1082, PSR: 4.787016546589867e-06 y: 57
prediction: 110, radius: 0.6397, PSR: 0.00010919714650464349 y: 110
prediction: 229, radius: 0.6397, PSR: 0.00010838541045721585 y: 229
prediction: 40, radius: 0.6397, PSR: 0.000119136833071855 y: 40
[91mprediction: -1, radius: 0.0000, PSR: 0.0 y: 30[0m
prediction: 68, radius: 0.1770, PSR: 1.4837869839026557e-05 y: 68
prediction: 109, radius: 0.4110, PSR: 5.329461091417388e-05 y: 109
prediction: 42, radius: 0.4595, PSR: 6.970229660939033e-05 y: 42
prediction: 93, radius: 0.2524, PSR: 1.7552436136433403e-05 y: 93
prediction: 251, radius: 0.5678, PSR: 8.6283349031288e-05 y: 251
prediction: 271, radius: 0.4214, PSR: 7.1424462994054e-05 y: 271
prediction: 80, radius: 0.6397, PSR: 0.00014158710316323827 y: 80
prediction: 246, radius: 0.4229, PSR: 5.600110636571002e-05 y: 246
prediction: 133, radius: 0.1008, PSR: 3.939911376183758e-06 y: 133
prediction: 226, radius: 0.6112, PSR: 0.00012314796115350308 y: 226
prediction: 266, radius: 0.6397, PSR: 0.000152914782148081 y: 266
prediction: 115, radius: 0.6112, PSR: 0.00013769376214462046 y: 115
prediction: 219, radius: 0.4010, PSR: 4.521402970933216e-05 y: 219
prediction: 33, radius: 0.1805, PSR: 7.532517802320079e-06 y: 33
prediction: 147, radius: 0.3352, PSR: 4.0988633072729406e-05 y: 147
prediction: 106, radius: 0.6397, PSR: 0.00023158752530886602 y: 106
prediction: 44, radius: 0.5944, PSR: 0.00011401039833547127 y: 44
prediction: 105, radius: 0.2262, PSR: 1.7282292041964276e-05 y: 105
prediction: 145, radius: 0.5211, PSR: 9.379313140116998e-05 y: 145
prediction: 80, radius: 0.6397, PSR: 0.00011711474659638472 y: 80
prediction: 111, radius: 0.0942, PSR: 3.971502925820785e-06 y: 111
prediction: 252, radius: 0.4267, PSR: 5.915741753410489e-05 y: 252
prediction: 56, radius: 0.2161, PSR: 2.030122707685525e-05 y: 56
prediction: 269, radius: 0.1827, PSR: 1.1927451115560986e-05 y: 269
prediction: 218, radius: 0.4005, PSR: 5.925812784972229e-05 y: 218
prediction: 8, radius: 0.0682, PSR: 1.087468975540307e-06 y: 8
[91mprediction: -1, radius: 0.0000, PSR: 0.0 y: 215[0m
prediction: 237, radius: 0.3291, PSR: 4.000498235422646e-05 y: 237
prediction: 257, radius: 0.1513, PSR: 9.624326683570664e-06 y: 257
prediction: 214, radius: 0.2352, PSR: 1.8708334884752867e-05 y: 214
prediction: 257, radius: 0.3607, PSR: 4.567122776587247e-05 y: 257
prediction: 105, radius: 0.2995, PSR: 3.2541445561422785e-05 y: 105
prediction: 55, radius: 0.3535, PSR: 5.919685176963547e-05 y: 55
prediction: 231, radius: 0.2522, PSR: 2.1032628045231226e-05 y: 231
prediction: 141, radius: 0.3849, PSR: 3.721721444967746e-05 y: 141
prediction: 78, radius: 0.3222, PSR: 4.918960540046313e-05 y: 78
prediction: 131, radius: 0.0967, PSR: 4.630044516611216e-06 y: 131
[91mprediction: -1, radius: 0.0000, PSR: 0.0 y: 89[0m
prediction: 72, radius: 0.1506, PSR: 1.037103121347862e-05 y: 72
prediction: 156, radius: 0.3439, PSR: 4.746495261677001e-05 y: 156
prediction: 232, radius: 0.5138, PSR: 9.63137217602656e-05 y: 232
prediction: 100, radius: 0.1187, PSR: 6.312950580205895e-06 y: 100
prediction: 176, radius: 0.5155, PSR: 8.188145243967605e-05 y: 176
prediction: 216, radius: 0.2833, PSR: 3.285976005186938e-05 y: 216
prediction: 21, radius: 0.2181, PSR: 1.1109629071105252e-05 y: 21
prediction: 64, radius: 0.3393, PSR: 3.599092230757557e-05 y: 64
prediction: 47, radius: 0.2872, PSR: 3.86398479731912e-05 y: 47
prediction: 204, radius: 0.1833, PSR: 1.1641755503955795e-05 y: 204
prediction: 190, radius: 0.4969, PSR: 6.378153813746844e-05 y: 190
prediction: 56, radius: 0.1437, PSR: 9.942084051874199e-06 y: 56
prediction: 111, radius: 0.0516, PSR: 1.0261454875902754e-06 y: 111
prediction: 165, radius: 0.4361, PSR: 6.653493697543222e-05 y: 165
prediction: 5, radius: 0.0310, PSR: 2.188600098547772e-07 y: 29
prediction: 48, radius: 0.5821, PSR: 0.0001274180551196243 y: 48
prediction: 257, radius: 0.6020, PSR: 9.219618563217559e-05 y: 257
[91mprediction: -1, radius: 0.0000, PSR: 0.0 y: 64[0m
prediction: 18, radius: 0.2343, PSR: 1.587662156181726e-05 y: 15
prediction: 47, radius: 0.1270, PSR: 7.211359075552857e-06 y: 47
prediction: 209, radius: 0.0284, PSR: 1.9753004285087627e-07 y: 209
prediction: 214, radius: 0.0041, PSR: 8.469027262986712e-09 y: 214
prediction: 271, radius: 0.4235, PSR: 7.79322037053798e-05 y: 271
prediction: 16, radius: 0.1577, PSR: 6.6259111705246785e-06 y: 15
prediction: 73, radius: 0.1608, PSR: 8.701285798306916e-06 y: 73
[91mprediction: -1, radius: 0.0000, PSR: 0.0 y: 103[0m
prediction: 51, radius: 0.2688, PSR: 3.204266147871646e-05 y: 51
prediction: 170, radius: 0.1479, PSR: 7.684439096113766e-06 y: 170
prediction: 60, radius: 0.1924, PSR: 1.589827522238646e-05 y: 60
prediction: 235, radius: 0.4245, PSR: 4.948988984629342e-05 y: 235
prediction: 238, radius: 0.4595, PSR: 7.839598104392227e-05 y: 238
prediction: 136, radius: 0.6397, PSR: 0.0001444831720371467 y: 136
prediction: 92, radius: 0.3318, PSR: 4.8322870225619635e-05 y: 92
prediction: 128, radius: 0.4555, PSR: 8.460143689888043e-05 y: 128
prediction: 238, radius: 0.2831, PSR: 2.6485920596707614e-05 y: 238
prediction: 224, radius: 0.1859, PSR: 1.137431633132212e-05 y: 224
prediction: 194, radius: 0.2537, PSR: 2.247004627341977e-05 y: 194
prediction: 73, radius: 0.1516, PSR: 8.336781271220886e-06 y: 73
prediction: 169, radius: 0.4812, PSR: 6.675913690337037e-05 y: 169
[91mprediction: -1, radius: 0.0000, PSR: 0.0 y: 270[0m
prediction: 171, radius: 0.2552, PSR: 2.0441122385378026e-05 y: 171
prediction: 260, radius: 0.2319, PSR: 1.969727344809078e-05 y: 263
prediction: 137, radius: 0.4229, PSR: 7.113789638893563e-05 y: 137
prediction: 193, radius: 0.2123, PSR: 1.5796364749055503e-05 y: 193
prediction: 233, radius: 0.4373, PSR: 6.395580546090339e-05 y: 233
prediction: 201, radius: 0.4386, PSR: 4.602287075287224e-05 y: 201
prediction: 151, radius: 0.6397, PSR: 0.0001484277444393072 y: 151
prediction: 99, radius: 0.0459, PSR: 8.40521146469513e-07 y: 99
prediction: 189, radius: 0.2928, PSR: 2.210608371189544e-05 y: 189
prediction: 81, radius: 0.4097, PSR: 7.63456681186312e-05 y: 81
prediction: 168, radius: 0.3664, PSR: 3.516262987405603e-05 y: 168
[91mprediction: -1, radius: 0.0000, PSR: 0.0 y: 26[0m
Average radius for psr_0.5_std_1: 0.36670312199854577
---------------------------------------------------------------------------------------------------------
prediction: 67, radius: 0.0030, PSR: 3.3803687581812724e-09 y: 90
prediction: 174, radius: 0.2692, PSR: 2.540279898423234e-05 y: 174
prediction: 5, radius: 0.3240, PSR: 2.6979437295266404e-05 y: 5
prediction: 27, radius: 0.6397, PSR: 0.0001090574855486473 y: 27
prediction: 67, radius: 0.0342, PSR: 4.474015336756983e-07 y: 89
prediction: 20, radius: 0.6397, PSR: 0.0001041690291066635 y: 39
prediction: 131, radius: 0.3818, PSR: 4.864883402141115e-05 y: 131
prediction: 73, radius: 0.1979, PSR: 1.3605321804565884e-05 y: 73
prediction: 119, radius: 0.2814, PSR: 3.295643733651979e-05 y: 119
prediction: 227, radius: 0.2129, PSR: 1.957227447214685e-05 y: 227
prediction: 33, radius: 0.2163, PSR: 1.2888798407707677e-05 y: 15
prediction: 87, radius: 0.3242, PSR: 3.594506561443505e-05 y: 87
prediction: 223, radius: 0.1654, PSR: 9.959986035409875e-06 y: 223
prediction: 59, radius: 0.4516, PSR: 8.043885451416054e-05 y: 59
prediction: 255, radius: 0.4480, PSR: 0.00010319805110878144 y: 255
prediction: 20, radius: 0.6397, PSR: 9.832532458382255e-05 y: 39
prediction: 91, radius: 0.6397, PSR: 0.00023271011197742902 y: 91
prediction: 36, radius: 0.0269, PSR: 1.7432767874025372e-07 y: 36
prediction: 72, radius: 0.1909, PSR: 1.606357080575597e-05 y: 72
prediction: 47, radius: 0.2210, PSR: 2.1849413870699082e-05 y: 47
prediction: 117, radius: 0.5879, PSR: 9.426361471485832e-05 y: 117
prediction: 164, radius: 0.5388, PSR: 9.742006638728568e-05 y: 164
prediction: 163, radius: 0.4106, PSR: 5.249487321746927e-05 y: 163
prediction: 102, radius: 0.4307, PSR: 8.360569335945989e-05 y: 102
prediction: 166, radius: 0.1431, PSR: 5.991326698340566e-06 y: 166
prediction: 252, radius: 0.2440, PSR: 1.7704670213685824e-05 y: 252
prediction: 34, radius: 0.1846, PSR: 7.760382101450378e-06 y: 34
prediction: 201, radius: 0.0726, PSR: 1.3037647628304205e-06 y: 201
prediction: 132, radius: 0.3621, PSR: 3.776873074100071e-05 y: 132
prediction: 251, radius: 0.3439, PSR: 3.562524033736576e-05 y: 251
prediction: 68, radius: 0.4780, PSR: 8.353756849348735e-05 y: 68
prediction: 155, radius: 0.3505, PSR: 3.8310762970492684e-05 y: 155
prediction: 238, radius: 0.3390, PSR: 4.674407354979866e-05 y: 238
prediction: 230, radius: 0.4691, PSR: 7.536138100657965e-05 y: 230
prediction: 92, radius: 0.2746, PSR: 3.350767269535683e-05 y: 92
prediction: 179, radius: 0.6397, PSR: 0.0001857232884875099 y: 179
[91mprediction: -1, radius: 0.0000, PSR: 0.0 y: 131[0m
prediction: 253, radius: 0.6397, PSR: 0.00011487490364865312 y: 253
prediction: 182, radius: 0.3661, PSR: 5.300995777902039e-05 y: 182
prediction: 167, radius: 0.6397, PSR: 0.00015381480877175963 y: 167
prediction: 10, radius: 0.0147, PSR: 6.937778471523695e-08 y: 32
prediction: 217, radius: 0.1409, PSR: 5.326725547522853e-06 y: 217
prediction: 222, radius: 0.3087, PSR: 4.2180990362649785e-05 y: 222
prediction: 91, radius: 0.6397, PSR: 0.00017594401513240518 y: 91
prediction: 62, radius: 0.4917, PSR: 8.713909089947499e-05 y: 62
prediction: 171, radius: 0.3171, PSR: 2.5043032392204486e-05 y: 171
prediction: 69, radius: 0.3839, PSR: 3.660606728280534e-05 y: 69
prediction: 251, radius: 0.2092, PSR: 1.3175126298080907e-05 y: 251
prediction: 196, radius: 0.0003, PSR: 2.0778688631214824e-11 y: 196
prediction: 232, radius: 0.4595, PSR: 7.164538785621853e-05 y: 232
prediction: 150, radius: 0.4301, PSR: 6.89205621754865e-05 y: 150
prediction: 143, radius: 0.4637, PSR: 9.398242988570839e-05 y: 143
[91mprediction: -1, radius: 0.0000, PSR: 0.0 y: 270[0m
prediction: 220, radius: 0.1913, PSR: 9.805018153682247e-06 y: 220
prediction: 258, radius: 0.6397, PSR: 0.00017766968561471933 y: 258
prediction: 274, radius: 0.1224, PSR: 6.186321420097651e-06 y: 274
prediction: 74, radius: 0.4092, PSR: 5.34889609130752e-05 y: 74
prediction: 255, radius: 0.0786, PSR: 2.1040806397471966e-06 y: 263
prediction: 167, radius: 0.6397, PSR: 0.00012656655214458298 y: 167
prediction: 155, radius: 0.3559, PSR: 4.407323935449006e-05 y: 155
prediction: 64, radius: 0.2399, PSR: 1.941834551671175e-05 y: 64
prediction: 137, radius: 0.5230, PSR: 0.00012498310306159057 y: 137
prediction: 81, radius: 0.2527, PSR: 2.6961024386617693e-05 y: 81
prediction: 177, radius: 0.4531, PSR: 6.786597218314157e-05 y: 177
prediction: 202, radius: 0.3605, PSR: 3.7297595045900864e-05 y: 202
prediction: 264, radius: 0.2276, PSR: 2.193618655337886e-05 y: 264
prediction: 123, radius: 0.2074, PSR: 1.7409411605635662e-05 y: 123
prediction: 100, radius: 0.5041, PSR: 7.779380515118903e-05 y: 100
prediction: 44, radius: 0.6228, PSR: 0.0001440085234499356 y: 44
prediction: 62, radius: 0.4188, PSR: 6.909498951117164e-05 y: 62
prediction: 196, radius: 0.1949, PSR: 1.1985050836686667e-05 y: 196
prediction: 214, radius: 0.3641, PSR: 3.4517507843631326e-05 y: 214
prediction: 4, radius: 0.3644, PSR: 3.095782544430144e-05 y: 4
prediction: 25, radius: 0.0219, PSR: 1.581847806563454e-07 y: 32
prediction: 12, radius: 0.3278, PSR: 2.5843682362524933e-05 y: 12
prediction: 264, radius: 0.4324, PSR: 8.057565767556553e-05 y: 264
prediction: 189, radius: 0.4101, PSR: 6.915016075716574e-05 y: 189
prediction: 170, radius: 0.1646, PSR: 7.504786545105263e-06 y: 170
prediction: 236, radius: 0.0403, PSR: 4.501513636422927e-07 y: 236
prediction: 13, radius: 0.1017, PSR: 2.2894933477752503e-06 y: 13
prediction: 195, radius: 0.5678, PSR: 0.00010748811995712237 y: 195
prediction: 139, radius: 0.1448, PSR: 9.860123918991757e-06 y: 139
prediction: 132, radius: 0.3068, PSR: 2.8759828497336335e-05 y: 132
[91mprediction: -1, radius: 0.0000, PSR: 0.0 y: 211[0m
prediction: 53, radius: 0.1056, PSR: 5.122990688003944e-06 y: 53
prediction: 224, radius: 0.0952, PSR: 3.2831322013582045e-06 y: 224
prediction: 56, radius: 0.3038, PSR: 4.489728729464554e-05 y: 56
prediction: 72, radius: 0.2969, PSR: 3.4448002751679736e-05 y: 72
prediction: 81, radius: 0.2656, PSR: 2.9240034108634965e-05 y: 81
prediction: 170, radius: 0.1630, PSR: 8.449625692124344e-06 y: 170
prediction: 156, radius: 0.5293, PSR: 9.489619110817454e-05 y: 156
prediction: 16, radius: 0.0620, PSR: 9.272597858957872e-07 y: 11
prediction: 197, radius: 0.2443, PSR: 2.3124357679316325e-05 y: 197
prediction: 262, radius: 0.2242, PSR: 1.988085866598244e-05 y: 262
prediction: 135, radius: 0.6228, PSR: 0.00015498670000828424 y: 135
prediction: 231, radius: 0.1864, PSR: 1.2129731868574833e-05 y: 231
prediction: 3, radius: 0.6397, PSR: 9.386644933672679e-05 y: 3
prediction: 89, radius: 0.0920, PSR: 3.3492072743822587e-06 y: 89
prediction: 110, radius: 0.6397, PSR: 0.00010826282660302152 y: 110
prediction: 25, radius: 0.5721, PSR: 9.88471203748229e-05 y: 25
prediction: 74, radius: 0.1257, PSR: 6.7270581748669844e-06 y: 74
prediction: 70, radius: 0.1306, PSR: 5.032787080963915e-06 y: 70
prediction: 194, radius: 0.1866, PSR: 1.0315703629020153e-05 y: 194
prediction: 167, radius: 0.6397, PSR: 0.00010825112495104535 y: 167
prediction: 79, radius: 0.2988, PSR: 3.54061095608644e-05 y: 79
[91mprediction: -1, radius: 0.0000, PSR: 0.0 y: 65[0m
prediction: 231, radius: 0.3024, PSR: 3.056093018343508e-05 y: 231
prediction: 230, radius: 0.3013, PSR: 2.2995007474323328e-05 y: 230
prediction: 208, radius: 0.4392, PSR: 7.092996411579138e-05 y: 208
prediction: 254, radius: 0.1914, PSR: 1.3849835894465215e-05 y: 254
prediction: 206, radius: 0.3418, PSR: 4.103126874820165e-05 y: 206
prediction: 139, radius: 0.1540, PSR: 8.397748463794082e-06 y: 139
prediction: 180, radius: 0.4262, PSR: 4.57259600285874e-05 y: 180
prediction: 58, radius: 0.1886, PSR: 1.772847826040886e-05 y: 58
prediction: 84, radius: 0.3915, PSR: 6.183179012156771e-05 y: 84
prediction: 113, radius: 0.3893, PSR: 5.214608473744388e-05 y: 113
[91mprediction: -1, radius: 0.0000, PSR: 0.0 y: 99[0m
prediction: 89, radius: 0.0185, PSR: 1.4344938360828204e-07 y: 89
prediction: 171, radius: 0.0940, PSR: 2.379339021394398e-06 y: 171
prediction: 74, radius: 0.1021, PSR: 4.153475951955332e-06 y: 74
prediction: 16, radius: 0.0395, PSR: 3.7452254883774097e-07 y: 18
prediction: 170, radius: 0.2588, PSR: 2.0147012883726602e-05 y: 170
prediction: 115, radius: 0.5944, PSR: 9.956134965966581e-05 y: 115
prediction: 117, radius: 0.4905, PSR: 0.00010058943306116468 y: 117
prediction: 115, radius: 0.5315, PSR: 0.00012445945450303422 y: 115
prediction: 53, radius: 0.2583, PSR: 2.216963883645641e-05 y: 53
prediction: 132, radius: 0.3815, PSR: 4.4727835424428936e-05 y: 132
prediction: 67, radius: 0.1830, PSR: 1.2849235613020727e-05 y: 67
[91mprediction: -1, radius: 0.0000, PSR: 0.0 y: 10[0m
prediction: 82, radius: 0.6397, PSR: 0.00010932013730765252 y: 82
prediction: 205, radius: 0.3616, PSR: 5.751078713137765e-05 y: 205
prediction: 229, radius: 0.3388, PSR: 4.284412181984221e-05 y: 229
prediction: 51, radius: 0.2081, PSR: 2.2974275935969397e-05 y: 51
prediction: 139, radius: 0.0982, PSR: 4.547074713643249e-06 y: 139
prediction: 247, radius: 0.3137, PSR: 2.3013534586094502e-05 y: 247
prediction: 209, radius: 0.0014, PSR: 7.089688035640793e-10 y: 209
prediction: 178, radius: 0.6397, PSR: 0.00012213334501466787 y: 178
prediction: 23, radius: 0.3727, PSR: 3.1592570490213296e-05 y: 23
prediction: 179, radius: 0.0840, PSR: 2.5066597098357644e-06 y: 179
prediction: 275, radius: 0.0556, PSR: 1.3306692653239103e-06 y: 275
[91mprediction: -1, radius: 0.0000, PSR: 0.0 y: 26[0m
prediction: 132, radius: 0.2149, PSR: 1.6763217491085504e-05 y: 132
prediction: 233, radius: 0.6112, PSR: 9.538506936078277e-05 y: 233
prediction: 33, radius: 0.0784, PSR: 1.7315112422784693e-06 y: 15
prediction: 10, radius: 0.0090, PSR: 2.522370676655279e-08 y: 32
prediction: 64, radius: 0.1512, PSR: 7.983879583318932e-06 y: 64
prediction: 195, radius: 0.3036, PSR: 3.675491140981078e-05 y: 195
prediction: 110, radius: 0.5637, PSR: 0.00013041007831357955 y: 110
prediction: 165, radius: 0.5414, PSR: 7.694094080844873e-05 y: 165
prediction: 42, radius: 0.5211, PSR: 8.351630933925638e-05 y: 42
prediction: 217, radius: 0.4769, PSR: 6.33264536858992e-05 y: 217
prediction: 252, radius: 0.3451, PSR: 3.921061397958533e-05 y: 252
prediction: 21, radius: 0.5230, PSR: 6.258547110741416e-05 y: 21
prediction: 268, radius: 0.6397, PSR: 0.00017627383937424696 y: 268
[91mprediction: -1, radius: 0.0000, PSR: 0.0 y: 123[0m
prediction: 83, radius: 0.3685, PSR: 5.227504054678586e-05 y: 83
prediction: 55, radius: 0.4834, PSR: 0.0001222215782949378 y: 55
prediction: 239, radius: 0.0852, PSR: 2.1705980101102432e-06 y: 239
prediction: 162, radius: 0.4628, PSR: 7.503888041181234e-05 y: 162
prediction: 230, radius: 0.0601, PSR: 1.1177431283087436e-06 y: 230
prediction: 186, radius: 0.6228, PSR: 0.00012440583096014966 y: 186
prediction: 169, radius: 0.4473, PSR: 5.0331727187791255e-05 y: 169
prediction: 235, radius: 0.6397, PSR: 0.00010322669811952621 y: 235
prediction: 187, radius: 0.0763, PSR: 1.8858400013081054e-06 y: 187
prediction: 160, radius: 0.5879, PSR: 0.00013244562623268913 y: 160
prediction: 92, radius: 0.4997, PSR: 8.841905522432569e-05 y: 92
prediction: 57, radius: 0.2893, PSR: 3.624312226371307e-05 y: 57
prediction: 23, radius: 0.1029, PSR: 2.3733990119050783e-06 y: 6
[91mprediction: -1, radius: 0.0000, PSR: 0.0 y: 180[0m
prediction: 176, radius: 0.5072, PSR: 8.827946475380982e-05 y: 176
prediction: 254, radius: 0.1291, PSR: 6.765439414271626e-06 y: 254
prediction: 173, radius: 0.6397, PSR: 0.00012247229988026636 y: 173
prediction: 58, radius: 0.4759, PSR: 8.552523876349745e-05 y: 58
[91mprediction: -1, radius: 0.0000, PSR: 0.0 y: 19[0m
prediction: 44, radius: 0.3871, PSR: 6.878044056682326e-05 y: 44
prediction: 58, radius: 0.1668, PSR: 1.2646609587660027e-05 y: 58
prediction: 65, radius: 0.1914, PSR: 1.6787262029394107e-05 y: 65
prediction: 112, radius: 0.6397, PSR: 0.0001422567846425785 y: 112
prediction: 193, radius: 0.4823, PSR: 7.362364999373034e-05 y: 193
prediction: 200, radius: 0.5721, PSR: 0.0001020560605474432 y: 200
prediction: 194, radius: 0.1796, PSR: 1.234333593435437e-05 y: 194
[91mprediction: -1, radius: 0.0000, PSR: 0.0 y: 74[0m
prediction: 136, radius: 0.4494, PSR: 6.955032144670202e-05 y: 136
prediction: 117, radius: 0.4153, PSR: 7.727293220634786e-05 y: 117
prediction: 205, radius: 0.5192, PSR: 9.946561074042188e-05 y: 205
prediction: 222, radius: 0.3985, PSR: 6.277607088635956e-05 y: 222
prediction: 46, radius: 0.3801, PSR: 5.574841529644651e-05 y: 46
prediction: 107, radius: 0.0991, PSR: 4.134283977797995e-06 y: 107
prediction: 243, radius: 0.2095, PSR: 1.314202115590359e-05 y: 243
prediction: 230, radius: 0.2145, PSR: 1.1042992487704614e-05 y: 230
prediction: 28, radius: 0.2681, PSR: 2.0073666592080717e-05 y: 28
prediction: 104, radius: 0.6397, PSR: 9.540100634960792e-05 y: 104
prediction: 255, radius: 0.0808, PSR: 3.1228681678639863e-06 y: 263
prediction: 206, radius: 0.0133, PSR: 4.30124660060098e-08 y: 206
prediction: 260, radius: 0.3359, PSR: 3.6289647535316285e-05 y: 263
prediction: 20, radius: 0.6397, PSR: 9.277304846544986e-05 y: 39
prediction: 36, radius: 0.1469, PSR: 5.54232805507453e-06 y: 36
prediction: 88, radius: 0.3395, PSR: 4.2450940599335455e-05 y: 88
prediction: 109, radius: 0.5469, PSR: 8.670606851561888e-05 y: 109
[91mprediction: -1, radius: 0.0000, PSR: 0.0 y: 259[0m
prediction: 185, radius: 0.2682, PSR: 2.7765285546085908e-05 y: 185
prediction: 153, radius: 0.6397, PSR: 0.00015086431033722647 y: 153
prediction: 193, radius: 0.4267, PSR: 4.6476973999392e-05 y: 193
prediction: 95, radius: 0.0809, PSR: 2.1232281635203603e-06 y: 95
prediction: 150, radius: 0.4700, PSR: 8.560157370789008e-05 y: 150
prediction: 146, radius: 0.6397, PSR: 9.726201892331779e-05 y: 146
prediction: 103, radius: 0.1630, PSR: 9.638166166035873e-06 y: 103
prediction: 50, radius: 0.3468, PSR: 5.167269842764144e-05 y: 50
prediction: 268, radius: 0.6397, PSR: 0.00018567625892088735 y: 268
prediction: 16, radius: 0.0309, PSR: 2.5902966166289317e-07 y: 18
prediction: 112, radius: 0.5293, PSR: 0.00011628563159648314 y: 112
prediction: 244, radius: 0.5469, PSR: 7.716811550035076e-05 y: 244
prediction: 204, radius: 0.0109, PSR: 3.637438208589443e-08 y: 204
prediction: 265, radius: 0.1164, PSR: 5.44682214833363e-06 y: 265
prediction: 119, radius: 0.2966, PSR: 3.2910504281644534e-05 y: 119
prediction: 217, radius: 0.5721, PSR: 0.00011482272086825371 y: 217
prediction: 121, radius: 0.5414, PSR: 7.507488128656704e-05 y: 121
prediction: 218, radius: 0.4273, PSR: 8.009641976185809e-05 y: 218
prediction: 241, radius: 0.3171, PSR: 2.656749245636215e-05 y: 241
prediction: 271, radius: 0.3627, PSR: 5.5406505572032275e-05 y: 271
prediction: 146, radius: 0.6020, PSR: 0.00014174864665510327 y: 146
prediction: 175, radius: 0.4092, PSR: 5.548871545129606e-05 y: 175
prediction: 21, radius: 0.0189, PSR: 7.836267073035333e-08 y: 21
prediction: 273, radius: 0.5011, PSR: 8.684465478104252e-05 y: 273
prediction: 198, radius: 0.3116, PSR: 3.358814470013728e-05 y: 198
prediction: 249, radius: 0.0485, PSR: 5.511443727983051e-07 y: 249
prediction: 18, radius: 0.0650, PSR: 9.750475435329438e-07 y: 33
prediction: 59, radius: 0.5637, PSR: 0.00011326969266340142 y: 59
prediction: 249, radius: 0.4682, PSR: 7.57223700883236e-05 y: 249
prediction: 231, radius: 0.2361, PSR: 1.8992301029020715e-05 y: 231
prediction: 241, radius: 0.2651, PSR: 2.6724651913688092e-05 y: 241
prediction: 173, radius: 0.5721, PSR: 0.00012716063059679982 y: 173
prediction: 67, radius: 0.3934, PSR: 6.138811753559474e-05 y: 67
prediction: 172, radius: 0.0397, PSR: 4.7270132745072935e-07 y: 172
prediction: 64, radius: 0.0280, PSR: 2.516528412658494e-07 y: 64
prediction: 173, radius: 0.4868, PSR: 8.218823622035031e-05 y: 173
prediction: 133, radius: 0.1386, PSR: 7.231371260168824e-06 y: 133
prediction: 62, radius: 0.1981, PSR: 1.81258082022919e-05 y: 62
prediction: 177, radius: 0.2853, PSR: 2.4740438460501183e-05 y: 177
prediction: 61, radius: 0.2603, PSR: 3.2952487405162535e-05 y: 61
prediction: 228, radius: 0.4509, PSR: 7.515850688523199e-05 y: 228
prediction: 87, radius: 0.3312, PSR: 3.162381094766579e-05 y: 87
prediction: 141, radius: 0.3174, PSR: 3.483549933333038e-05 y: 141
prediction: 143, radius: 0.6397, PSR: 0.00012288641051125452 y: 143
prediction: 173, radius: 0.6397, PSR: 0.00013450567430393605 y: 173
prediction: 165, radius: 0.4307, PSR: 6.410028993419701e-05 y: 165
prediction: 24, radius: 0.4418, PSR: 4.991441181311298e-05 y: 24
prediction: 81, radius: 0.2734, PSR: 3.3901382949379326e-05 y: 81
prediction: 151, radius: 0.6397, PSR: 0.00015012778028447877 y: 151
prediction: 4, radius: 0.3527, PSR: 2.8916255960531798e-05 y: 4
prediction: 21, radius: 0.0121, PSR: 3.345241668479366e-08 y: 21
prediction: 41, radius: 0.4578, PSR: 7.443520362719185e-05 y: 41
prediction: 254, radius: 0.2504, PSR: 2.9868792675893666e-05 y: 254
prediction: 33, radius: 0.0201, PSR: 1.0126922297087159e-07 y: 19
prediction: 98, radius: 0.2378, PSR: 2.7408731586093584e-05 y: 98
prediction: 142, radius: 0.5230, PSR: 9.69904187309236e-05 y: 142
[91mprediction: -1, radius: 0.0000, PSR: 0.0 y: 192[0m
prediction: 68, radius: 0.1441, PSR: 6.323904105537417e-06 y: 270
prediction: 66, radius: 0.1674, PSR: 1.0700093682037089e-05 y: 66
prediction: 183, radius: 0.4655, PSR: 7.966692579657579e-05 y: 183
prediction: 127, radius: 0.3098, PSR: 2.724447532243121e-05 y: 127
prediction: 0, radius: 0.4516, PSR: 5.8380190586277385e-05 y: 0
prediction: 48, radius: 0.4425, PSR: 8.576399763419436e-05 y: 48
prediction: 18, radius: 0.3375, PSR: 2.6096091884832942e-05 y: 37
prediction: 186, radius: 0.5879, PSR: 8.800079781588593e-05 y: 186
prediction: 179, radius: 0.6397, PSR: 0.0001392082124097907 y: 179
[91mprediction: -1, radius: 0.0000, PSR: 0.0 y: 215[0m
prediction: 195, radius: 0.5944, PSR: 8.178209259494205e-05 y: 195
prediction: 154, radius: 0.5944, PSR: 8.80912320239262e-05 y: 154
prediction: 187, radius: 0.0250, PSR: 2.2716487679423782e-07 y: 187
prediction: 141, radius: 0.2464, PSR: 2.1878802853958102e-05 y: 141
prediction: 157, radius: 0.2948, PSR: 3.254430917313479e-05 y: 157
prediction: 8, radius: 0.3953, PSR: 3.741692598367862e-05 y: 8
prediction: 138, radius: 0.4092, PSR: 4.450210008804931e-05 y: 138
prediction: 209, radius: 0.1661, PSR: 7.546376698530422e-06 y: 209
prediction: 222, radius: 0.4251, PSR: 6.681106658351245e-05 y: 222
prediction: 25, radius: 0.3685, PSR: 4.058506455468583e-05 y: 25
prediction: 125, radius: 0.1856, PSR: 1.393420927027772e-05 y: 125
prediction: 115, radius: 0.5339, PSR: 8.796969308044526e-05 y: 115
prediction: 135, radius: 0.6397, PSR: 0.00015192272220582794 y: 135
prediction: 237, radius: 0.2951, PSR: 2.8073588066949927e-05 y: 237
prediction: 187, radius: 0.0108, PSR: 2.985880428795853e-08 y: 187
prediction: 138, radius: 0.5211, PSR: 8.64216827151491e-05 y: 138
prediction: 206, radius: 0.3961, PSR: 5.468928179987809e-05 y: 206
prediction: 164, radius: 0.5879, PSR: 9.233701143542152e-05 y: 164
prediction: 214, radius: 0.2032, PSR: 1.1742096512337947e-05 y: 214
prediction: 121, radius: 0.2534, PSR: 2.3349314733432922e-05 y: 121
prediction: 16, radius: 0.1776, PSR: 7.214955724586245e-06 y: 16
prediction: 56, radius: 0.2615, PSR: 2.5334318092917307e-05 y: 56
prediction: 132, radius: 0.1697, PSR: 1.1533826289111182e-05 y: 132
prediction: 260, radius: 0.2866, PSR: 3.981442633897416e-05 y: 260
prediction: 38, radius: 0.2580, PSR: 1.4383771795622643e-05 y: 38
prediction: 122, radius: 0.6397, PSR: 0.00010811761315989857 y: 122
prediction: 184, radius: 0.6397, PSR: 0.00015410581141862375 y: 184
prediction: 157, radius: 0.5192, PSR: 8.292542492348989e-05 y: 157
prediction: 41, radius: 0.6020, PSR: 0.00012551807813088064 y: 41
prediction: 89, radius: 0.1729, PSR: 1.1556016594874979e-05 y: 89
prediction: 226, radius: 0.6397, PSR: 0.00012831573587448734 y: 226
prediction: 179, radius: 0.6397, PSR: 0.0001401040218887105 y: 179
prediction: 254, radius: 0.1915, PSR: 1.0938936321155068e-05 y: 254
prediction: 2, radius: 0.6397, PSR: 0.00013508262641395203 y: 2
[91mprediction: -1, radius: 0.0000, PSR: 0.0 y: 215[0m
prediction: 201, radius: 0.6020, PSR: 9.819523076250607e-05 y: 201
prediction: 230, radius: 0.5879, PSR: 0.0001271281994401335 y: 230
[91mprediction: -1, radius: 0.0000, PSR: 0.0 y: 272[0m
[91mprediction: -1, radius: 0.0000, PSR: 0.0 y: 65[0m
prediction: 76, radius: 0.6397, PSR: 0.00015869082093225432 y: 76
prediction: 222, radius: 0.2077, PSR: 1.2716577328492674e-05 y: 222
prediction: 187, radius: 0.3922, PSR: 4.226891409978399e-05 y: 187
prediction: 261, radius: 0.3934, PSR: 7.238103904243752e-05 y: 261
prediction: 134, radius: 0.4235, PSR: 5.83360436343711e-05 y: 134
prediction: 117, radius: 0.5363, PSR: 8.374490804331776e-05 y: 117
prediction: 87, radius: 0.3676, PSR: 4.1269113393750004e-05 y: 87
prediction: 204, radius: 0.2428, PSR: 1.627405134230494e-05 y: 204
prediction: 11, radius: 0.1552, PSR: 5.696190331487318e-06 y: 17
prediction: 154, radius: 0.5469, PSR: 0.00011866541794630762 y: 154
prediction: 58, radius: 0.2309, PSR: 1.817989607584618e-05 y: 58
prediction: 102, radius: 0.2475, PSR: 2.4519663593371303e-05 y: 102
prediction: 228, radius: 0.5388, PSR: 9.683871771049319e-05 y: 228
prediction: 117, radius: 0.5721, PSR: 8.9390095300228e-05 y: 117
prediction: 224, radius: 0.3453, PSR: 4.450341096624115e-05 y: 224
prediction: 94, radius: 0.3375, PSR: 3.6828149634584976e-05 y: 94
prediction: 191, radius: 0.5637, PSR: 0.00011132959720878655 y: 191
prediction: 199, radius: 0.2844, PSR: 2.4871888324228256e-05 y: 199
prediction: 172, radius: 0.2470, PSR: 2.4988663569639194e-05 y: 172
prediction: 61, radius: 0.2922, PSR: 3.0318117377228383e-05 y: 61
prediction: 129, radius: 0.4502, PSR: 7.288764901316605e-05 y: 129
prediction: 207, radius: 0.4524, PSR: 7.264567121459167e-05 y: 207
prediction: 242, radius: 0.0181, PSR: 1.53588119268259e-07 y: 242
prediction: 243, radius: 0.1275, PSR: 5.405559575253382e-06 y: 243
prediction: 25, radius: 0.2884, PSR: 2.5166420189400824e-05 y: 32
prediction: 49, radius: 0.4710, PSR: 7.876519694464058e-05 y: 49
prediction: 105, radius: 0.2695, PSR: 2.6602258481501865e-05 y: 105
prediction: 63, radius: 0.5087, PSR: 8.508775405193032e-05 y: 63
prediction: 108, radius: 0.6397, PSR: 0.00015713528727342738 y: 108
prediction: 147, radius: 0.6397, PSR: 0.00015819201432712454 y: 147
prediction: 46, radius: 0.6397, PSR: 0.0001183851426639586 y: 46
prediction: 8, radius: 0.1139, PSR: 3.1243351043781466e-06 y: 8
prediction: 122, radius: 0.6112, PSR: 0.000124653334255063 y: 122
prediction: 22, radius: 0.6397, PSR: 0.00011007200192658183 y: 22
prediction: 123, radius: 0.2604, PSR: 2.780169611047434e-05 y: 123
prediction: 204, radius: 0.0964, PSR: 2.267230930252524e-06 y: 204
prediction: 167, radius: 0.6397, PSR: 0.00011887793012312873 y: 167
prediction: 36, radius: 0.0553, PSR: 7.547554319750813e-07 y: 36
prediction: 240, radius: 0.1788, PSR: 8.633106622312213e-06 y: 240
[91mprediction: -1, radius: 0.0000, PSR: 0.0 y: 215[0m
prediction: 156, radius: 0.5821, PSR: 0.0001041857033804049 y: 156
prediction: 57, radius: 0.0970, PSR: 3.848326943957793e-06 y: 57
prediction: 110, radius: 0.6397, PSR: 0.00010919217151234498 y: 110
prediction: 229, radius: 0.6397, PSR: 0.00010837977706075488 y: 229
prediction: 40, radius: 0.6397, PSR: 0.0001191392680666852 y: 40
prediction: 9, radius: 0.0165, PSR: 6.207284979658034e-08 y: 30
prediction: 68, radius: 0.1663, PSR: 1.3099141476204847e-05 y: 68
prediction: 109, radius: 0.4148, PSR: 5.4280628141514973e-05 y: 109
prediction: 42, radius: 0.4682, PSR: 7.235358798800846e-05 y: 42
prediction: 93, radius: 0.2319, PSR: 1.4816058841467658e-05 y: 93
prediction: 251, radius: 0.5469, PSR: 8.007244962783944e-05 y: 251
prediction: 271, radius: 0.4273, PSR: 7.344421216237333e-05 y: 271
prediction: 80, radius: 0.6397, PSR: 0.00014156210673414786 y: 80
prediction: 246, radius: 0.4092, PSR: 5.242168378774095e-05 y: 246
prediction: 133, radius: 0.0907, PSR: 3.18312743692129e-06 y: 133
prediction: 226, radius: 0.5944, PSR: 0.00011648105431929671 y: 226
prediction: 266, radius: 0.6397, PSR: 0.00015291397637604904 y: 266
prediction: 115, radius: 0.6228, PSR: 0.0001429421932119842 y: 115
prediction: 219, radius: 0.3885, PSR: 4.2451992811019835e-05 y: 219
prediction: 33, radius: 0.1468, PSR: 4.981922408225213e-06 y: 33
prediction: 147, radius: 0.3169, PSR: 3.661078663218034e-05 y: 147
prediction: 106, radius: 0.6397, PSR: 0.0002315442249695791 y: 106
prediction: 44, radius: 0.6397, PSR: 0.00013200412442947922 y: 44
prediction: 105, radius: 0.1999, PSR: 1.3496745140355144e-05 y: 105
prediction: 145, radius: 0.4956, PSR: 8.484079420677824e-05 y: 145
prediction: 80, radius: 0.6397, PSR: 0.00011708246741676987 y: 80
prediction: 111, radius: 0.0758, PSR: 2.5768959152815194e-06 y: 111
prediction: 252, radius: 0.3922, PSR: 4.9977672126447726e-05 y: 252
prediction: 56, radius: 0.2036, PSR: 1.80248089172557e-05 y: 56
prediction: 269, radius: 0.1715, PSR: 1.0510639197924892e-05 y: 269
prediction: 218, radius: 0.3889, PSR: 5.586384985486723e-05 y: 218
prediction: 8, radius: 0.0361, PSR: 3.049420973961339e-07 y: 8
[91mprediction: -1, radius: 0.0000, PSR: 0.0 y: 215[0m
prediction: 237, radius: 0.3157, PSR: 3.6829700645505755e-05 y: 237
prediction: 257, radius: 0.1476, PSR: 9.155342227295628e-06 y: 257
prediction: 214, radius: 0.2235, PSR: 1.6884710865120745e-05 y: 214
prediction: 257, radius: 0.3482, PSR: 4.2551636450298876e-05 y: 257
prediction: 105, radius: 0.2831, PSR: 2.9082653653924563e-05 y: 105
prediction: 55, radius: 0.3502, PSR: 5.808686036096759e-05 y: 55
prediction: 231, radius: 0.2442, PSR: 1.9718558490696916e-05 y: 231
prediction: 141, radius: 0.3782, PSR: 3.591227606493068e-05 y: 141
prediction: 78, radius: 0.3182, PSR: 4.7958699410222437e-05 y: 78
prediction: 131, radius: 0.0936, PSR: 4.340065050110335e-06 y: 131
[91mprediction: -1, radius: 0.0000, PSR: 0.0 y: 89[0m
prediction: 72, radius: 0.1348, PSR: 8.305227175528425e-06 y: 72
prediction: 156, radius: 0.3301, PSR: 4.373499069808261e-05 y: 156
prediction: 232, radius: 0.5138, PSR: 9.631448544798393e-05 y: 232
prediction: 100, radius: 0.1094, PSR: 5.363818065247351e-06 y: 100
prediction: 176, radius: 0.5173, PSR: 8.24756065305304e-05 y: 176
prediction: 216, radius: 0.2659, PSR: 2.894666527877933e-05 y: 216
prediction: 21, radius: 0.1849, PSR: 7.97750127267856e-06 y: 21
prediction: 64, radius: 0.3381, PSR: 3.575226765325121e-05 y: 64
prediction: 47, radius: 0.2782, PSR: 3.624791851507525e-05 y: 47
prediction: 204, radius: 0.1689, PSR: 9.88654232212671e-06 y: 204
prediction: 190, radius: 0.5011, PSR: 6.485741085279218e-05 y: 190
prediction: 56, radius: 0.1268, PSR: 7.74300897950813e-06 y: 56
prediction: 111, radius: 0.0392, PSR: 5.92995244641178e-07 y: 111
prediction: 165, radius: 0.4203, PSR: 6.181734863261257e-05 y: 165
prediction: 5, radius: 0.0739, PSR: 1.2456818717232636e-06 y: 29
prediction: 48, radius: 0.5944, PSR: 0.000132865610122456 y: 48
prediction: 257, radius: 0.5944, PSR: 8.986362987988682e-05 y: 257
[91mprediction: -1, radius: 0.0000, PSR: 0.0 y: 64[0m
prediction: 18, radius: 0.2463, PSR: 1.7544645316744807e-05 y: 15
prediction: 47, radius: 0.1034, PSR: 4.778280239852461e-06 y: 47
prediction: 209, radius: 0.0035, PSR: 2.9381644298875247e-09 y: 209
[91mprediction: -1, radius: 0.0000, PSR: 0.0 y: 214[0m
prediction: 271, radius: 0.4203, PSR: 7.676377658385718e-05 y: 271
prediction: 16, radius: 0.1770, PSR: 8.339351594434757e-06 y: 15
prediction: 73, radius: 0.1318, PSR: 5.847859300852068e-06 y: 73
prediction: 67, radius: 0.0124, PSR: 5.3634313017560435e-08 y: 103
prediction: 51, radius: 0.2585, PSR: 2.9618077209850746e-05 y: 51
prediction: 170, radius: 0.1235, PSR: 5.3605207285577115e-06 y: 170
prediction: 60, radius: 0.1762, PSR: 1.3325773510793247e-05 y: 60
prediction: 235, radius: 0.4097, PSR: 4.6084997892743916e-05 y: 235
prediction: 238, radius: 0.4480, PSR: 7.453830781120873e-05 y: 238
prediction: 136, radius: 0.6397, PSR: 0.0001444769137432755 y: 136
prediction: 92, radius: 0.3242, PSR: 4.61289054644628e-05 y: 92
prediction: 128, radius: 0.4373, PSR: 7.79765758085785e-05 y: 128
prediction: 238, radius: 0.2696, PSR: 2.4010131524471e-05 y: 238
prediction: 224, radius: 0.1679, PSR: 9.283832376614603e-06 y: 224
prediction: 194, radius: 0.2349, PSR: 1.9259715331610904e-05 y: 194
prediction: 73, radius: 0.1340, PSR: 6.510561406418751e-06 y: 73
prediction: 169, radius: 0.4834, PSR: 6.73764652419949e-05 y: 169
[91mprediction: -1, radius: 0.0000, PSR: 0.0 y: 270[0m
prediction: 171, radius: 0.2445, PSR: 1.8756525532452718e-05 y: 171
prediction: 260, radius: 0.2537, PSR: 2.3565503939119342e-05 y: 263
prediction: 137, radius: 0.4158, PSR: 6.874726206828133e-05 y: 137
prediction: 193, radius: 0.2021, PSR: 1.4303478917401728e-05 y: 193
prediction: 233, radius: 0.4124, PSR: 5.6891783939261835e-05 y: 233
prediction: 201, radius: 0.4139, PSR: 4.0986834891030785e-05 y: 201
prediction: 151, radius: 0.6397, PSR: 0.00014844569463294557 y: 151
prediction: 99, radius: 0.0310, PSR: 3.833955507517225e-07 y: 99
prediction: 189, radius: 0.2744, PSR: 1.941012170987726e-05 y: 189
prediction: 81, radius: 0.3973, PSR: 7.180538940096249e-05 y: 81
prediction: 168, radius: 0.3409, PSR: 3.04255823392471e-05 y: 168
prediction: 11, radius: 0.0081, PSR: 1.4781605033958722e-08 y: 26
Average radius for psr_0.5_std_1: 0.3607969525314053
---------------------------------------------------------------------------------------------------------
prediction: 67, radius: 0.0095, PSR: 3.474085369479781e-08 y: 90
prediction: 174, radius: 0.2573, PSR: 2.3193948953242093e-05 y: 174
prediction: 5, radius: 0.2980, PSR: 2.2820418092227907e-05 y: 5
prediction: 27, radius: 0.6397, PSR: 0.00010907959311452004 y: 27
prediction: 67, radius: 0.0445, PSR: 7.567685689824852e-07 y: 89
prediction: 20, radius: 0.6397, PSR: 0.00010415198078759635 y: 39
prediction: 131, radius: 0.3676, PSR: 4.508467484461787e-05 y: 131
prediction: 73, radius: 0.1749, PSR: 1.062677260487109e-05 y: 73
prediction: 119, radius: 0.2741, PSR: 3.12613142696218e-05 y: 119
prediction: 227, radius: 0.1987, PSR: 1.7044133268930486e-05 y: 227
prediction: 33, radius: 0.2284, PSR: 1.437231007627946e-05 y: 15
prediction: 87, radius: 0.3184, PSR: 3.465710418556928e-05 y: 87
prediction: 223, radius: 0.1508, PSR: 8.281556753304757e-06 y: 223
prediction: 59, radius: 0.4539, PSR: 8.123914218345651e-05 y: 59
prediction: 255, radius: 0.4392, PSR: 9.916849034430704e-05 y: 255
prediction: 20, radius: 0.6397, PSR: 9.832010392935505e-05 y: 39
prediction: 91, radius: 0.6397, PSR: 0.00023267790307162156 y: 91
[91mprediction: -1, radius: 0.0000, PSR: 0.0 y: 36[0m
prediction: 72, radius: 0.1845, PSR: 1.5003939666152979e-05 y: 72
prediction: 47, radius: 0.2017, PSR: 1.820679672249115e-05 y: 47
prediction: 117, radius: 0.6020, PSR: 9.883879190440458e-05 y: 117
prediction: 164, radius: 0.5155, PSR: 8.919019744133637e-05 y: 164
prediction: 163, radius: 0.4079, PSR: 5.17919588198936e-05 y: 163
prediction: 102, radius: 0.4418, PSR: 8.799431386327684e-05 y: 102
prediction: 166, radius: 0.1247, PSR: 4.545472667464722e-06 y: 166
prediction: 252, radius: 0.2343, PSR: 1.6325394613283538e-05 y: 252
prediction: 34, radius: 0.1563, PSR: 5.559067266315121e-06 y: 34
prediction: 201, radius: 0.0448, PSR: 4.960848216543965e-07 y: 201
prediction: 132, radius: 0.3490, PSR: 3.507130480547846e-05 y: 132
prediction: 251, radius: 0.3324, PSR: 3.329654582507451e-05 y: 251
prediction: 68, radius: 0.4801, PSR: 8.427516791812715e-05 y: 68
prediction: 155, radius: 0.3352, PSR: 3.5055250030053704e-05 y: 155
prediction: 238, radius: 0.3339, PSR: 4.535823631517852e-05 y: 238
prediction: 230, radius: 0.4700, PSR: 7.566603363808212e-05 y: 230
prediction: 92, radius: 0.2631, PSR: 3.0751508865246765e-05 y: 92
prediction: 179, radius: 0.6397, PSR: 0.00018570567392535604 y: 179
[91mprediction: -1, radius: 0.0000, PSR: 0.0 y: 131[0m
prediction: 253, radius: 0.6397, PSR: 0.0001148625451047003 y: 253
prediction: 182, radius: 0.3422, PSR: 4.6318510972729073e-05 y: 182
prediction: 167, radius: 0.6397, PSR: 0.0001538199146825668 y: 167
prediction: 10, radius: 0.0218, PSR: 1.5300871201510694e-07 y: 32
prediction: 217, radius: 0.1270, PSR: 4.329644940876197e-06 y: 217
prediction: 222, radius: 0.2972, PSR: 3.909059812919437e-05 y: 222
prediction: 91, radius: 0.6397, PSR: 0.0001759438999516272 y: 91
prediction: 62, radius: 0.4969, PSR: 8.9000183013678e-05 y: 62
prediction: 171, radius: 0.2961, PSR: 2.1840134140659542e-05 y: 171
prediction: 69, radius: 0.3641, PSR: 3.292604655526882e-05 y: 69
prediction: 251, radius: 0.1905, PSR: 1.0933505493891679e-05 y: 251
prediction: 194, radius: 0.0073, PSR: 1.7740216549604387e-08 y: 196
prediction: 232, radius: 0.4438, PSR: 6.684747019524215e-05 y: 232
prediction: 150, radius: 0.4319, PSR: 6.947238618380624e-05 y: 150
prediction: 143, radius: 0.4539, PSR: 9.00434378398386e-05 y: 143
[91mprediction: -1, radius: 0.0000, PSR: 0.0 y: 270[0m
prediction: 220, radius: 0.1691, PSR: 7.665323205023958e-06 y: 220
prediction: 258, radius: 0.6228, PSR: 0.00016839489927814036 y: 258
prediction: 274, radius: 0.1087, PSR: 4.871669093431896e-06 y: 274
prediction: 74, radius: 0.3973, PSR: 5.040866620975703e-05 y: 74
prediction: 255, radius: 0.0980, PSR: 3.2705444622660823e-06 y: 263
prediction: 167, radius: 0.6397, PSR: 0.0001265659121691615 y: 167
prediction: 155, radius: 0.3425, PSR: 4.0817747482650394e-05 y: 155
prediction: 64, radius: 0.2373, PSR: 1.9004667497832357e-05 y: 64
prediction: 137, radius: 0.5041, PSR: 0.00011608322954363412 y: 137
prediction: 81, radius: 0.2361, PSR: 2.353294026852399e-05 y: 81
prediction: 177, radius: 0.4301, PSR: 6.113152699595418e-05 y: 177
prediction: 202, radius: 0.3388, PSR: 3.295215934104898e-05 y: 202
prediction: 264, radius: 0.2152, PSR: 1.960424083461933e-05 y: 264
prediction: 123, radius: 0.2001, PSR: 1.6203985675780085e-05 y: 123
prediction: 100, radius: 0.4801, PSR: 7.054712394891778e-05 y: 100
prediction: 44, radius: 0.6397, PSR: 0.0001519216637828146 y: 44
prediction: 62, radius: 0.4026, PSR: 6.386766163109158e-05 y: 62
prediction: 196, radius: 0.1693, PSR: 9.04714734758805e-06 y: 196
prediction: 214, radius: 0.3527, PSR: 3.239663970335024e-05 y: 214
prediction: 4, radius: 0.3348, PSR: 2.613311023743406e-05 y: 4
prediction: 25, radius: 0.0383, PSR: 4.829473630413314e-07 y: 32
prediction: 12, radius: 0.2999, PSR: 2.163598093767117e-05 y: 12
prediction: 264, radius: 0.4324, PSR: 8.056962020672301e-05 y: 264
prediction: 189, radius: 0.4124, PSR: 6.993920967742172e-05 y: 189
prediction: 170, radius: 0.1372, PSR: 5.211642336313074e-06 y: 170
prediction: 236, radius: 0.0175, PSR: 8.463673303710963e-08 y: 236
prediction: 13, radius: 0.0706, PSR: 1.1027146535456545e-06 y: 13
prediction: 195, radius: 0.5678, PSR: 0.00010748894538693006 y: 195
prediction: 139, radius: 0.1406, PSR: 9.285387083031293e-06 y: 139
prediction: 132, radius: 0.2969, PSR: 2.6924453344173607e-05 y: 132
[91mprediction: -1, radius: 0.0000, PSR: 0.0 y: 211[0m
prediction: 53, radius: 0.0973, PSR: 4.3510529070971675e-06 y: 53
prediction: 224, radius: 0.0810, PSR: 2.3769121140925982e-06 y: 224
prediction: 56, radius: 0.2998, PSR: 4.372561185690175e-05 y: 56
prediction: 72, radius: 0.3006, PSR: 3.5314892240496975e-05 y: 72
prediction: 81, radius: 0.2507, PSR: 2.6044899215285383e-05 y: 81
prediction: 170, radius: 0.1402, PSR: 6.252673506789337e-06 y: 170
prediction: 156, radius: 0.5041, PSR: 8.60526015901494e-05 y: 156
prediction: 16, radius: 0.0889, PSR: 1.907534436523021e-06 y: 11
prediction: 197, radius: 0.2342, PSR: 2.1249197806136257e-05 y: 197
prediction: 262, radius: 0.2127, PSR: 1.7893441641043113e-05 y: 262
prediction: 135, radius: 0.6397, PSR: 0.00016346010757339717 y: 135
prediction: 231, radius: 0.1723, PSR: 1.036739254146097e-05 y: 231
prediction: 3, radius: 0.6397, PSR: 9.387627669141873e-05 y: 3
prediction: 89, radius: 0.0757, PSR: 2.2687175770401253e-06 y: 89
prediction: 110, radius: 0.6397, PSR: 0.00010825051242020242 y: 110
prediction: 25, radius: 0.5821, PSR: 0.00010230839242591208 y: 25
prediction: 74, radius: 0.1115, PSR: 5.296521821382865e-06 y: 74
prediction: 70, radius: 0.1136, PSR: 3.8069647185736707e-06 y: 70
prediction: 194, radius: 0.1653, PSR: 8.08889427904548e-06 y: 194
prediction: 167, radius: 0.6397, PSR: 0.00010824298898085169 y: 167
prediction: 79, radius: 0.2760, PSR: 3.020796847103622e-05 y: 79
[91mprediction: -1, radius: 0.0000, PSR: 0.0 y: 65[0m
prediction: 231, radius: 0.2800, PSR: 2.6197336486161908e-05 y: 231
prediction: 230, radius: 0.2875, PSR: 2.0942946484240484e-05 y: 230
prediction: 208, radius: 0.4367, PSR: 7.01108986448595e-05 y: 208
prediction: 254, radius: 0.1766, PSR: 1.1783691453141799e-05 y: 254
prediction: 206, radius: 0.3218, PSR: 3.6379186994107554e-05 y: 206
prediction: 139, radius: 0.1435, PSR: 7.2815842806025585e-06 y: 139
prediction: 180, radius: 0.4144, PSR: 4.32200029521189e-05 y: 180
prediction: 58, radius: 0.1790, PSR: 1.5970546112179724e-05 y: 58
prediction: 84, radius: 0.3829, PSR: 5.912870054029547e-05 y: 84
prediction: 113, radius: 0.3874, PSR: 5.165401917631153e-05 y: 113
[91mprediction: -1, radius: 0.0000, PSR: 0.0 y: 99[0m
prediction: 89, radius: 0.0109, PSR: 5.046779205277666e-08 y: 89
prediction: 171, radius: 0.0764, PSR: 1.5739904367856588e-06 y: 171
prediction: 74, radius: 0.0849, PSR: 2.8705144126279467e-06 y: 74
prediction: 16, radius: 0.0725, PSR: 1.2618076292049288e-06 y: 18
prediction: 170, radius: 0.2410, PSR: 1.7476761695093202e-05 y: 170
prediction: 115, radius: 0.6112, PSR: 0.00010521048720351845 y: 115
prediction: 117, radius: 0.4930, PSR: 0.00010161730620323467 y: 117
prediction: 115, radius: 0.5315, PSR: 0.00012443142446345973 y: 115
prediction: 53, radius: 0.2451, PSR: 1.994695619703298e-05 y: 53
prediction: 132, radius: 0.3782, PSR: 4.3944259838593185e-05 y: 132
prediction: 67, radius: 0.1739, PSR: 1.161159383137361e-05 y: 67
[91mprediction: -1, radius: 0.0000, PSR: 0.0 y: 10[0m
prediction: 82, radius: 0.6397, PSR: 0.00010931497448615395 y: 82
prediction: 205, radius: 0.3500, PSR: 5.387313947032631e-05 y: 205
prediction: 229, radius: 0.3228, PSR: 3.8891000999410553e-05 y: 229
prediction: 51, radius: 0.2095, PSR: 2.3286706248299504e-05 y: 51
prediction: 139, radius: 0.0868, PSR: 3.5555302191112228e-06 y: 139
prediction: 247, radius: 0.2789, PSR: 1.8185964212442334e-05 y: 247
[91mprediction: -1, radius: 0.0000, PSR: 0.0 y: 209[0m
prediction: 178, radius: 0.6397, PSR: 0.0001221332551231284 y: 178
prediction: 23, radius: 0.3559, PSR: 2.8796366292760602e-05 y: 23
prediction: 179, radius: 0.0608, PSR: 1.312953707786557e-06 y: 179
prediction: 275, radius: 0.0527, PSR: 1.1986993162325412e-06 y: 275
[91mprediction: -1, radius: 0.0000, PSR: 0.0 y: 26[0m
prediction: 132, radius: 0.2085, PSR: 1.578649224929147e-05 y: 132
prediction: 233, radius: 0.6228, PSR: 9.90606067009859e-05 y: 233
prediction: 33, radius: 0.0964, PSR: 2.6190894977346884e-06 y: 15
prediction: 10, radius: 0.0199, PSR: 1.2193362163632992e-07 y: 32
prediction: 64, radius: 0.1505, PSR: 7.912500866978748e-06 y: 64
prediction: 195, radius: 0.2974, PSR: 3.525980479001235e-05 y: 195
prediction: 110, radius: 0.5879, PSR: 0.00014180598794019257 y: 110
prediction: 165, radius: 0.5414, PSR: 7.694679484798094e-05 y: 165
prediction: 42, radius: 0.5293, PSR: 8.618079679647517e-05 y: 42
prediction: 217, radius: 0.4663, PSR: 6.0543579158645324e-05 y: 217
prediction: 252, radius: 0.3258, PSR: 3.4949124874263226e-05 y: 252
prediction: 21, radius: 0.5271, PSR: 6.35779424278402e-05 y: 21
prediction: 268, radius: 0.6397, PSR: 0.00017625973994446774 y: 268
[91mprediction: -1, radius: 0.0000, PSR: 0.0 y: 123[0m
prediction: 83, radius: 0.3658, PSR: 5.1530772332171656e-05 y: 83
prediction: 55, radius: 0.5026, PSR: 0.00013213857105600594 y: 55
prediction: 239, radius: 0.0583, PSR: 1.018065789149955e-06 y: 239
prediction: 162, radius: 0.4663, PSR: 7.616860620312027e-05 y: 162
prediction: 230, radius: 0.0397, PSR: 4.863557014880159e-07 y: 230
prediction: 186, radius: 0.6228, PSR: 0.00012439914157800268 y: 186
prediction: 169, radius: 0.4301, PSR: 4.653807755703999e-05 y: 169
prediction: 235, radius: 0.6397, PSR: 0.0001032152651035186 y: 235
prediction: 187, radius: 0.0535, PSR: 9.278911337711716e-07 y: 187
prediction: 160, radius: 0.5600, PSR: 0.00012017007936964212 y: 160
prediction: 92, radius: 0.4880, PSR: 8.431162256502187e-05 y: 92
prediction: 57, radius: 0.2890, PSR: 3.617030453230838e-05 y: 57
prediction: 23, radius: 0.1278, PSR: 3.6642023655694586e-06 y: 6
[91mprediction: -1, radius: 0.0000, PSR: 0.0 y: 180[0m
prediction: 176, radius: 0.4917, PSR: 8.29849750283533e-05 y: 176
prediction: 254, radius: 0.1031, PSR: 4.3161450475287846e-06 y: 254
prediction: 173, radius: 0.6397, PSR: 0.00012246064829370132 y: 173
prediction: 58, radius: 0.4719, PSR: 8.408659117090846e-05 y: 58
[91mprediction: -1, radius: 0.0000, PSR: 0.0 y: 19[0m
prediction: 44, radius: 0.3882, PSR: 6.914973553493551e-05 y: 44
prediction: 58, radius: 0.1506, PSR: 1.0306461525901141e-05 y: 58
prediction: 65, radius: 0.1967, PSR: 1.7727449135797094e-05 y: 65
prediction: 112, radius: 0.6397, PSR: 0.00014226911446919111 y: 112
prediction: 193, radius: 0.4892, PSR: 7.575168509716125e-05 y: 193
prediction: 200, radius: 0.5499, PSR: 9.429285337301319e-05 y: 200
prediction: 194, radius: 0.1754, PSR: 1.177029393356708e-05 y: 194
[91mprediction: -1, radius: 0.0000, PSR: 0.0 y: 74[0m
prediction: 136, radius: 0.4494, PSR: 6.953696195092203e-05 y: 136
prediction: 117, radius: 0.4307, PSR: 8.308982580063858e-05 y: 117
prediction: 205, radius: 0.4845, PSR: 8.663308728677707e-05 y: 205
prediction: 222, radius: 0.3973, PSR: 6.237838437584111e-05 y: 222
prediction: 46, radius: 0.3697, PSR: 5.271048318578428e-05 y: 46
prediction: 107, radius: 0.0857, PSR: 3.09639993860399e-06 y: 107
prediction: 243, radius: 0.1946, PSR: 1.1330341172594956e-05 y: 243
prediction: 230, radius: 0.1932, PSR: 8.960032849372562e-06 y: 230
prediction: 28, radius: 0.2499, PSR: 1.7447031246910662e-05 y: 28
prediction: 104, radius: 0.6397, PSR: 9.538829184202664e-05 y: 104
prediction: 255, radius: 0.0953, PSR: 4.347424962029547e-06 y: 263
[91mprediction: -1, radius: 0.0000, PSR: 0.0 y: 206[0m
prediction: 260, radius: 0.3559, PSR: 4.072298913764623e-05 y: 263
prediction: 20, radius: 0.6397, PSR: 9.276484373566877e-05 y: 39
prediction: 36, radius: 0.1194, PSR: 3.6592209868150703e-06 y: 36
prediction: 88, radius: 0.3252, PSR: 3.8951602507182445e-05 y: 88
prediction: 109, radius: 0.5230, PSR: 7.928732779510513e-05 y: 109
[91mprediction: -1, radius: 0.0000, PSR: 0.0 y: 259[0m
prediction: 185, radius: 0.2378, PSR: 2.1837032595266544e-05 y: 185
prediction: 153, radius: 0.6397, PSR: 0.0001508592284094928 y: 153
prediction: 193, radius: 0.4070, PSR: 4.226785550075459e-05 y: 193
prediction: 95, radius: 0.0654, PSR: 1.3902996005494939e-06 y: 95
prediction: 150, radius: 0.4570, PSR: 8.09202066859711e-05 y: 150
prediction: 146, radius: 0.5944, PSR: 8.396503452332623e-05 y: 146
prediction: 103, radius: 0.1464, PSR: 7.783245924316018e-06 y: 103
prediction: 50, radius: 0.3561, PSR: 5.449437227306017e-05 y: 50
prediction: 268, radius: 0.6397, PSR: 0.00018566000543219268 y: 268
prediction: 16, radius: 0.0502, PSR: 6.840670678439952e-07 y: 18
prediction: 112, radius: 0.5230, PSR: 0.00011354963261169993 y: 112
prediction: 244, radius: 0.5339, PSR: 7.350656751722173e-05 y: 244
[91mprediction: -1, radius: 0.0000, PSR: 0.0 y: 204[0m
prediction: 265, radius: 0.1038, PSR: 4.334863186910143e-06 y: 265
prediction: 119, radius: 0.2799, PSR: 2.9308885731599598e-05 y: 119
prediction: 217, radius: 0.5879, PSR: 0.00012121122447603115 y: 217
prediction: 121, radius: 0.5251, PSR: 7.061169172167756e-05 y: 121
prediction: 218, radius: 0.4319, PSR: 8.182467147566397e-05 y: 218
prediction: 241, radius: 0.3001, PSR: 2.3801071287148844e-05 y: 241
prediction: 271, radius: 0.3596, PSR: 5.4475993049448055e-05 y: 271
prediction: 146, radius: 0.5769, PSR: 0.0001301286879034033 y: 146
prediction: 175, radius: 0.3945, PSR: 5.1576524337766316e-05 y: 175
[91mprediction: -1, radius: 0.0000, PSR: 0.0 y: 21[0m
prediction: 273, radius: 0.4956, PSR: 8.493415093601045e-05 y: 273
prediction: 198, radius: 0.2939, PSR: 2.988481797745261e-05 y: 198
prediction: 249, radius: 0.0228, PSR: 1.222886560912211e-07 y: 249
prediction: 18, radius: 0.0879, PSR: 1.782876109801219e-06 y: 33
prediction: 59, radius: 0.5721, PSR: 0.00011665305590708881 y: 59
prediction: 249, radius: 0.4700, PSR: 7.632739631942933e-05 y: 249
prediction: 231, radius: 0.2242, PSR: 1.7125117890808148e-05 y: 231
prediction: 241, radius: 0.2447, PSR: 2.2772870137536515e-05 y: 241
prediction: 173, radius: 0.5879, PSR: 0.0001342483262436083 y: 173
prediction: 67, radius: 0.3829, PSR: 5.814404196454093e-05 y: 67
prediction: 172, radius: 0.0125, PSR: 4.6581171349195755e-08 y: 172
prediction: 64, radius: 0.0189, PSR: 1.1495419729641688e-07 y: 64
prediction: 173, radius: 0.4620, PSR: 7.399518220204777e-05 y: 173
prediction: 133, radius: 0.1258, PSR: 5.953030255598332e-06 y: 133
prediction: 62, radius: 0.1916, PSR: 1.6945392436954367e-05 y: 62
prediction: 177, radius: 0.2665, PSR: 2.15873690572456e-05 y: 177
prediction: 61, radius: 0.2562, PSR: 3.1918389561719846e-05 y: 61
prediction: 228, radius: 0.4399, PSR: 7.153355012420987e-05 y: 228
prediction: 87, radius: 0.3357, PSR: 3.248147871980189e-05 y: 87
prediction: 141, radius: 0.3063, PSR: 3.243132750476001e-05 y: 141
prediction: 143, radius: 0.6397, PSR: 0.00012288452267792888 y: 143
prediction: 173, radius: 0.6397, PSR: 0.00013448138941792015 y: 173
prediction: 165, radius: 0.4198, PSR: 6.090644741803734e-05 y: 165
prediction: 24, radius: 0.4198, PSR: 4.5059205235415336e-05 y: 24
prediction: 81, radius: 0.2546, PSR: 2.9403553069812353e-05 y: 81
prediction: 151, radius: 0.6397, PSR: 0.00015011636836332478 y: 151
prediction: 4, radius: 0.3232, PSR: 2.427543960768547e-05 y: 4
[91mprediction: -1, radius: 0.0000, PSR: 0.0 y: 21[0m
prediction: 41, radius: 0.4473, PSR: 7.103405188300856e-05 y: 41
prediction: 254, radius: 0.2434, PSR: 2.8232898045570372e-05 y: 254
prediction: 33, radius: 0.0541, PSR: 7.355581698979612e-07 y: 19
prediction: 98, radius: 0.2370, PSR: 2.7213308219570043e-05 y: 98
prediction: 142, radius: 0.5026, PSR: 8.957366582871016e-05 y: 142
[91mprediction: -1, radius: 0.0000, PSR: 0.0 y: 192[0m
prediction: 68, radius: 0.1603, PSR: 7.82700698660867e-06 y: 270
prediction: 66, radius: 0.1520, PSR: 8.824084094856142e-06 y: 66
prediction: 183, radius: 0.4562, PSR: 7.653599942006754e-05 y: 183
prediction: 127, radius: 0.2862, PSR: 2.3247757394947293e-05 y: 127
prediction: 0, radius: 0.4245, PSR: 5.1575441984602034e-05 y: 0
prediction: 48, radius: 0.4361, PSR: 8.329060781474704e-05 y: 48
prediction: 18, radius: 0.3383, PSR: 2.623260879868991e-05 y: 37
prediction: 186, radius: 0.5879, PSR: 8.798860132666012e-05 y: 186
prediction: 179, radius: 0.5944, PSR: 0.00012017881454388434 y: 179
[91mprediction: -1, radius: 0.0000, PSR: 0.0 y: 215[0m
prediction: 195, radius: 0.6112, PSR: 8.644447724411936e-05 y: 195
prediction: 154, radius: 0.5821, PSR: 8.445348025616677e-05 y: 154
prediction: 187, radius: 0.0014, PSR: 7.179696475511668e-10 y: 187
prediction: 141, radius: 0.2355, PSR: 1.9987885962849027e-05 y: 141
prediction: 157, radius: 0.2772, PSR: 2.876930950986532e-05 y: 157
prediction: 8, radius: 0.3724, PSR: 3.32033494845252e-05 y: 8
prediction: 138, radius: 0.4022, PSR: 4.298806557733126e-05 y: 138
prediction: 209, radius: 0.1465, PSR: 5.8698963939285635e-06 y: 209
prediction: 222, radius: 0.4148, PSR: 6.363386166992906e-05 y: 222
prediction: 25, radius: 0.3507, PSR: 3.676214364992566e-05 y: 25
prediction: 125, radius: 0.1736, PSR: 1.2186268032767828e-05 y: 125
prediction: 115, radius: 0.5600, PSR: 9.675221796084745e-05 y: 115
prediction: 135, radius: 0.6228, PSR: 0.00014395448066460546 y: 135
prediction: 237, radius: 0.2732, PSR: 2.4047815856231493e-05 y: 237
[91mprediction: -1, radius: 0.0000, PSR: 0.0 y: 187[0m
prediction: 138, radius: 0.4969, PSR: 7.860264302192275e-05 y: 138
prediction: 206, radius: 0.3772, PSR: 4.958790700053033e-05 y: 206
prediction: 164, radius: 0.5879, PSR: 9.232497610330827e-05 y: 164
prediction: 214, radius: 0.1919, PSR: 1.0477069350739034e-05 y: 214
prediction: 121, radius: 0.2442, PSR: 2.168857359723811e-05 y: 121
prediction: 16, radius: 0.1479, PSR: 5.002327899189164e-06 y: 16
prediction: 56, radius: 0.2440, PSR: 2.2049338519507282e-05 y: 56
prediction: 132, radius: 0.1638, PSR: 1.074723222374774e-05 y: 132
prediction: 260, radius: 0.2800, PSR: 3.7994490989078546e-05 y: 260
prediction: 38, radius: 0.2323, PSR: 1.1665230533538315e-05 y: 38
prediction: 122, radius: 0.6397, PSR: 0.00010811872148698975 y: 122
prediction: 184, radius: 0.6397, PSR: 0.00015410757567756866 y: 184
prediction: 157, radius: 0.5072, PSR: 7.912689585233538e-05 y: 157
prediction: 41, radius: 0.5879, PSR: 0.00011966687358122194 y: 41
prediction: 89, radius: 0.1605, PSR: 9.964669423660164e-06 y: 89
prediction: 226, radius: 0.6397, PSR: 0.00012831471352269092 y: 226
prediction: 179, radius: 0.6397, PSR: 0.00014008170717909216 y: 179
prediction: 254, radius: 0.1701, PSR: 8.632899686660094e-06 y: 254
prediction: 2, radius: 0.6397, PSR: 0.0001350725958991601 y: 2
[91mprediction: -1, radius: 0.0000, PSR: 0.0 y: 215[0m
prediction: 201, radius: 0.6397, PSR: 0.00011086295792158457 y: 201
prediction: 230, radius: 0.5944, PSR: 0.00012996528760316248 y: 230
prediction: 264, radius: 0.0025, PSR: 2.933592415667923e-09 y: 272
[91mprediction: -1, radius: 0.0000, PSR: 0.0 y: 65[0m
prediction: 76, radius: 0.6397, PSR: 0.0001586882689384635 y: 76
prediction: 222, radius: 0.1842, PSR: 1.0000266791811339e-05 y: 222
prediction: 187, radius: 0.3694, PSR: 3.7476264070358725e-05 y: 187
prediction: 261, radius: 0.3949, PSR: 7.29365354532802e-05 y: 261
prediction: 134, radius: 0.4153, PSR: 5.610948256487668e-05 y: 134
prediction: 117, radius: 0.5414, PSR: 8.533695699675239e-05 y: 117
prediction: 87, radius: 0.3641, PSR: 4.048315609372527e-05 y: 87
prediction: 204, radius: 0.2219, PSR: 1.35912856724896e-05 y: 204
prediction: 11, radius: 0.1707, PSR: 6.891210181428476e-06 y: 17
prediction: 154, radius: 0.5721, PSR: 0.00012982023179633798 y: 154
prediction: 58, radius: 0.2123, PSR: 1.537116254829482e-05 y: 58
prediction: 102, radius: 0.2396, PSR: 2.2982957766592216e-05 y: 102
prediction: 228, radius: 0.5531, PSR: 0.00010205110982451204 y: 228
prediction: 117, radius: 0.5879, PSR: 9.436280046430614e-05 y: 117
prediction: 224, radius: 0.3266, PSR: 3.9810940632917314e-05 y: 224
prediction: 94, radius: 0.3174, PSR: 3.258363764205323e-05 y: 94
prediction: 191, radius: 0.5769, PSR: 0.00011656503986147757 y: 191
prediction: 199, radius: 0.2705, PSR: 2.2503464147650776e-05 y: 199
prediction: 172, radius: 0.2282, PSR: 2.1333866414746423e-05 y: 172
prediction: 61, radius: 0.2820, PSR: 2.823500280247905e-05 y: 61
prediction: 129, radius: 0.4336, PSR: 6.762331757908866e-05 y: 129
prediction: 207, radius: 0.4425, PSR: 6.948785644117127e-05 y: 207
[91mprediction: -1, radius: 0.0000, PSR: 0.0 y: 242[0m
prediction: 243, radius: 0.1045, PSR: 3.634119135455102e-06 y: 243
prediction: 25, radius: 0.3105, PSR: 2.9164947167485466e-05 y: 32
prediction: 49, radius: 0.4570, PSR: 7.417387174689588e-05 y: 49
prediction: 105, radius: 0.2496, PSR: 2.281225428615284e-05 y: 105
prediction: 63, radius: 0.5104, PSR: 8.56172366442667e-05 y: 63
prediction: 108, radius: 0.6397, PSR: 0.0001571138311901739 y: 108
prediction: 147, radius: 0.6228, PSR: 0.00014991182817101508 y: 147
prediction: 46, radius: 0.6397, PSR: 0.0001183727559926241 y: 46
prediction: 8, radius: 0.0824, PSR: 1.6321961610849156e-06 y: 8
prediction: 122, radius: 0.6397, PSR: 0.00013658540703828897 y: 122
prediction: 22, radius: 0.6397, PSR: 0.00011006626246085268 y: 22
prediction: 123, radius: 0.2543, PSR: 2.6505647205474426e-05 y: 123
prediction: 204, radius: 0.0743, PSR: 1.3468746791915107e-06 y: 204
prediction: 167, radius: 0.6397, PSR: 0.000118870829176627 y: 167
prediction: 36, radius: 0.0198, PSR: 9.69202669034183e-08 y: 36
prediction: 240, radius: 0.1611, PSR: 7.008134849207993e-06 y: 240
[91mprediction: -1, radius: 0.0000, PSR: 0.0 y: 215[0m
prediction: 156, radius: 0.5944, PSR: 0.00010864335589057645 y: 156
prediction: 57, radius: 0.0877, PSR: 3.148812675171695e-06 y: 57
prediction: 110, radius: 0.6397, PSR: 0.00010918706903964969 y: 110
prediction: 229, radius: 0.6397, PSR: 0.00010837406543913606 y: 229
prediction: 40, radius: 0.6228, PSR: 0.00011292097276529533 y: 40
prediction: 9, radius: 0.0491, PSR: 5.468516269839915e-07 y: 30
prediction: 68, radius: 0.1627, PSR: 1.2527052521378262e-05 y: 68
prediction: 109, radius: 0.4074, PSR: 5.235404423473776e-05 y: 109
prediction: 42, radius: 0.4620, PSR: 7.044566830320913e-05 y: 42
prediction: 93, radius: 0.2087, PSR: 1.1998136244528298e-05 y: 93
prediction: 251, radius: 0.5531, PSR: 8.18821712695581e-05 y: 251
prediction: 271, radius: 0.4074, PSR: 6.67712450432679e-05 y: 271
prediction: 80, radius: 0.6397, PSR: 0.0001415382375112096 y: 80
prediction: 246, radius: 0.3856, PSR: 4.6554170180096416e-05 y: 246
prediction: 133, radius: 0.0858, PSR: 2.8538887980664926e-06 y: 133
prediction: 226, radius: 0.6228, PSR: 0.0001278427285151393 y: 226
prediction: 266, radius: 0.6112, PSR: 0.00013956430630096436 y: 266
prediction: 115, radius: 0.6228, PSR: 0.000142899951447615 y: 115
prediction: 219, radius: 0.3778, PSR: 4.014750644903849e-05 y: 219
prediction: 33, radius: 0.1207, PSR: 3.3701015122145925e-06 y: 33
prediction: 147, radius: 0.2990, PSR: 3.2586297671163315e-05 y: 147
prediction: 106, radius: 0.6397, PSR: 0.00023150293725833832 y: 106
prediction: 44, radius: 0.5821, PSR: 0.0001092556953170767 y: 44
prediction: 105, radius: 0.1736, PSR: 1.0179697214541906e-05 y: 105
prediction: 145, radius: 0.4917, PSR: 8.350721548963673e-05 y: 145
prediction: 80, radius: 0.6397, PSR: 0.00011705193406446755 y: 80
prediction: 111, radius: 0.0570, PSR: 1.454280855389191e-06 y: 111
prediction: 252, radius: 0.4001, PSR: 5.2005982940134974e-05 y: 252
prediction: 56, radius: 0.2004, PSR: 1.746485211205092e-05 y: 56
prediction: 269, radius: 0.1521, PSR: 8.264243966635274e-06 y: 269
prediction: 218, radius: 0.3724, PSR: 5.123831324878259e-05 y: 218
prediction: 8, radius: 0.0045, PSR: 4.761165117185461e-09 y: 8
[91mprediction: -1, radius: 0.0000, PSR: 0.0 y: 215[0m
prediction: 237, radius: 0.2947, PSR: 3.207451380453907e-05 y: 237
prediction: 257, radius: 0.1351, PSR: 7.665502280436265e-06 y: 257
prediction: 214, radius: 0.2111, PSR: 1.5054899196477647e-05 y: 214
prediction: 257, radius: 0.3453, PSR: 4.1835406625376804e-05 y: 257
prediction: 105, radius: 0.2616, PSR: 2.482644351205537e-05 y: 105
prediction: 55, radius: 0.3359, PSR: 5.3430803244820784e-05 y: 55
prediction: 231, radius: 0.2229, PSR: 1.6430451872757593e-05 y: 231
prediction: 141, radius: 0.3618, PSR: 3.287597269661944e-05 y: 141
prediction: 78, radius: 0.3061, PSR: 4.438966963924762e-05 y: 78
prediction: 131, radius: 0.0861, PSR: 3.670431782624772e-06 y: 131
[91mprediction: -1, radius: 0.0000, PSR: 0.0 y: 89[0m
prediction: 72, radius: 0.1256, PSR: 7.20875495079354e-06 y: 72
prediction: 156, radius: 0.3270, PSR: 4.2914916620543705e-05 y: 156
prediction: 232, radius: 0.4868, PSR: 8.648582284080169e-05 y: 232
prediction: 100, radius: 0.0985, PSR: 4.3497053991831055e-06 y: 100
prediction: 176, radius: 0.4930, PSR: 7.491857395025174e-05 y: 176
prediction: 216, radius: 0.2501, PSR: 2.5617809660126425e-05 y: 216
prediction: 21, radius: 0.1528, PSR: 5.451103631635873e-06 y: 21
prediction: 64, radius: 0.3548, PSR: 3.936905074047045e-05 y: 64
prediction: 47, radius: 0.2681, PSR: 3.3648314589192106e-05 y: 47
prediction: 204, radius: 0.1495, PSR: 7.751448991406958e-06 y: 204
prediction: 190, radius: 0.4749, PSR: 5.823381036161981e-05 y: 190
prediction: 56, radius: 0.1149, PSR: 6.354908602588392e-06 y: 56
prediction: 111, radius: 0.0173, PSR: 1.1600117766850839e-07 y: 111
prediction: 165, radius: 0.3896, PSR: 5.311744714522298e-05 y: 165
prediction: 5, radius: 0.1066, PSR: 2.593456652431096e-06 y: 29
prediction: 48, radius: 0.5879, PSR: 0.00012992980914777798 y: 48
prediction: 257, radius: 0.6020, PSR: 9.215807352990674e-05 y: 257
[91mprediction: -1, radius: 0.0000, PSR: 0.0 y: 64[0m
prediction: 18, radius: 0.2570, PSR: 1.910434289442225e-05 y: 15
prediction: 47, radius: 0.0913, PSR: 3.728370958967215e-06 y: 47
[91mprediction: -1, radius: 0.0000, PSR: 0.0 y: 209[0m
[91mprediction: -1, radius: 0.0000, PSR: 0.0 y: 214[0m
prediction: 271, radius: 0.4101, PSR: 7.306981428814118e-05 y: 271
prediction: 16, radius: 0.1876, PSR: 9.36753688220653e-06 y: 15
prediction: 73, radius: 0.1074, PSR: 3.883827982543967e-06 y: 73
prediction: 67, radius: 0.0351, PSR: 4.3188748795876165e-07 y: 103
prediction: 51, radius: 0.2556, PSR: 2.8964187370894295e-05 y: 51
prediction: 170, radius: 0.1047, PSR: 3.8562538951008376e-06 y: 170
prediction: 60, radius: 0.1535, PSR: 1.0109028897552582e-05 y: 60
prediction: 235, radius: 0.3871, PSR: 4.114276317542712e-05 y: 235
prediction: 238, radius: 0.4405, PSR: 7.207380254700989e-05 y: 238
prediction: 136, radius: 0.6112, PSR: 0.00013185914562172167 y: 136
prediction: 92, radius: 0.3335, PSR: 4.8811843827139704e-05 y: 92
prediction: 128, radius: 0.4392, PSR: 7.863928725027382e-05 y: 128
prediction: 238, radius: 0.2536, PSR: 2.1237708322998877e-05 y: 238
prediction: 224, radius: 0.1491, PSR: 7.313872053101287e-06 y: 224
prediction: 194, radius: 0.2219, PSR: 1.7174413448452204e-05 y: 194
prediction: 73, radius: 0.1091, PSR: 4.315409368157629e-06 y: 73
prediction: 169, radius: 0.4547, PSR: 5.961439547734001e-05 y: 169
[91mprediction: -1, radius: 0.0000, PSR: 0.0 y: 270[0m
prediction: 171, radius: 0.2249, PSR: 1.5855913643425858e-05 y: 171
prediction: 260, radius: 0.2778, PSR: 2.824430694013834e-05 y: 263
prediction: 137, radius: 0.4092, PSR: 6.656983944177666e-05 y: 137
prediction: 193, radius: 0.1799, PSR: 1.1330712433951223e-05 y: 193
prediction: 233, radius: 0.3919, PSR: 5.135429767151041e-05 y: 233
prediction: 201, radius: 0.3849, PSR: 3.5458794992319844e-05 y: 201
prediction: 151, radius: 0.6397, PSR: 0.00014846176247946993 y: 151
prediction: 99, radius: 0.0218, PSR: 1.8969516498459056e-07 y: 99
prediction: 189, radius: 0.2446, PSR: 1.5429788086750075e-05 y: 189
prediction: 81, radius: 0.3805, PSR: 6.585815096978072e-05 y: 81
prediction: 168, radius: 0.3252, PSR: 2.769163871381616e-05 y: 168
prediction: 11, radius: 0.0271, PSR: 1.64273879654975e-07 y: 26
Average radius for psr_0.5_std_1: 0.35534664433799595
---------------------------------------------------------------------------------------------------------
[91mprediction: -1, radius: 0.0000, PSR: 0.0 y: 90[0m
prediction: 174, radius: 0.3487, PSR: 4.265406379915291e-05 y: 174
prediction: 5, radius: 0.4361, PSR: 4.89780943478825e-05 y: 5
prediction: 27, radius: 0.6397, PSR: 0.00010866656586737065 y: 27
prediction: 67, radius: 0.0082, PSR: 2.5931964074849164e-08 y: 89
prediction: 20, radius: 0.6397, PSR: 0.00010436130763223075 y: 39
prediction: 131, radius: 0.3697, PSR: 4.5595786202449355e-05 y: 131
prediction: 73, radius: 0.2872, PSR: 2.8723095716419483e-05 y: 73
prediction: 119, radius: 0.3264, PSR: 4.439428382753482e-05 y: 119
prediction: 227, radius: 0.2268, PSR: 2.2228569833081787e-05 y: 227
prediction: 33, radius: 0.1190, PSR: 3.9059250532412615e-06 y: 15
prediction: 87, radius: 0.3618, PSR: 4.4919756766891626e-05 y: 87
prediction: 223, radius: 0.1880, PSR: 1.2884944103492567e-05 y: 223
prediction: 59, radius: 0.4578, PSR: 8.276320930594956e-05 y: 59
prediction: 255, radius: 0.4780, PSR: 0.00011780119788515875 y: 255
prediction: 20, radius: 0.6397, PSR: 9.835053484046616e-05 y: 39
prediction: 91, radius: 0.6397, PSR: 0.00023308273914446714 y: 91
prediction: 36, radius: 0.1479, PSR: 5.269445966577466e-06 y: 36
prediction: 72, radius: 0.2320, PSR: 2.3717579859547436e-05 y: 72
prediction: 47, radius: 0.2107, PSR: 1.982961695504911e-05 y: 47
prediction: 117, radius: 0.5769, PSR: 9.100287162271525e-05 y: 117
prediction: 164, radius: 0.5230, PSR: 9.180914074143111e-05 y: 164
prediction: 163, radius: 0.4739, PSR: 7.005070900880803e-05 y: 163
prediction: 102, radius: 0.3694, PSR: 6.13537857932382e-05 y: 102
prediction: 166, radius: 0.1830, PSR: 9.780666218251008e-06 y: 166
prediction: 252, radius: 0.2586, PSR: 1.990283236102114e-05 y: 252
prediction: 34, radius: 0.3630, PSR: 2.999717257118654e-05 y: 34
prediction: 201, radius: 0.1601, PSR: 6.332400030540844e-06 y: 201
prediction: 132, radius: 0.3737, PSR: 4.024214254486302e-05 y: 132
prediction: 251, radius: 0.3993, PSR: 4.7922128872295525e-05 y: 251
prediction: 68, radius: 0.4739, PSR: 8.21561276823715e-05 y: 68
prediction: 155, radius: 0.2910, PSR: 2.6403656043962096e-05 y: 155
prediction: 238, radius: 0.3548, PSR: 5.106049712104677e-05 y: 238
prediction: 230, radius: 0.5339, PSR: 9.749284470418283e-05 y: 230
prediction: 92, radius: 0.3046, PSR: 4.123213108870179e-05 y: 92
prediction: 179, radius: 0.6397, PSR: 0.00018590057212626007 y: 179
prediction: 131, radius: 0.0084, PSR: 3.625047015641936e-08 y: 131
prediction: 253, radius: 0.6397, PSR: 0.00011498772339469225 y: 253
prediction: 182, radius: 0.3752, PSR: 5.5704397722322796e-05 y: 182
prediction: 167, radius: 0.6397, PSR: 0.0001536611627424812 y: 167
prediction: 10, radius: 0.0821, PSR: 2.1764387566425554e-06 y: 32
prediction: 217, radius: 0.0451, PSR: 5.468886780698938e-07 y: 217
prediction: 222, radius: 0.3605, PSR: 5.7459863764670236e-05 y: 222
prediction: 91, radius: 0.6397, PSR: 0.00017584884879409565 y: 91
prediction: 62, radius: 0.4892, PSR: 8.626690467338387e-05 y: 62
prediction: 171, radius: 0.3957, PSR: 3.9004944317243035e-05 y: 171
prediction: 69, radius: 0.4438, PSR: 4.8949503762183507e-05 y: 69
prediction: 251, radius: 0.3091, PSR: 2.8719841161210754e-05 y: 251
prediction: 196, radius: 0.1302, PSR: 5.621706956342006e-06 y: 196
prediction: 232, radius: 0.4700, PSR: 7.497544546261708e-05 y: 232
prediction: 150, radius: 0.4578, PSR: 7.819281787718061e-05 y: 150
prediction: 143, radius: 0.5211, PSR: 0.00011892157437765496 y: 143
[91mprediction: -1, radius: 0.0000, PSR: 0.0 y: 270[0m
prediction: 220, radius: 0.3008, PSR: 2.4211092967047427e-05 y: 220
prediction: 258, radius: 0.6397, PSR: 0.00017756976839637887 y: 258
prediction: 274, radius: 0.1792, PSR: 1.326936890802675e-05 y: 274
prediction: 74, radius: 0.4466, PSR: 6.385535288842873e-05 y: 74
prediction: 255, radius: 0.1191, PSR: 4.8337705196952934e-06 y: 263
prediction: 167, radius: 0.6397, PSR: 0.00012650607652437006 y: 167
prediction: 155, radius: 0.3553, PSR: 4.393548436816947e-05 y: 155
prediction: 64, radius: 0.2276, PSR: 1.7524579123857007e-05 y: 64
prediction: 137, radius: 0.5155, PSR: 0.00012148313270733571 y: 137
prediction: 81, radius: 0.2834, PSR: 3.391814182797605e-05 y: 81
prediction: 177, radius: 0.5637, PSR: 0.00010519037933627226 y: 177
prediction: 202, radius: 0.4646, PSR: 6.190259772968063e-05 y: 202
prediction: 264, radius: 0.2138, PSR: 1.933123290091795e-05 y: 264
prediction: 123, radius: 0.2718, PSR: 2.996143558898496e-05 y: 123
prediction: 100, radius: 0.4868, PSR: 7.272479206174508e-05 y: 100
prediction: 44, radius: 0.5944, PSR: 0.00013136256516861654 y: 44
prediction: 62, radius: 0.3882, PSR: 5.9315689384177196e-05 y: 62
prediction: 196, radius: 0.3143, PSR: 3.120230569368122e-05 y: 196
prediction: 214, radius: 0.4120, PSR: 4.41941102433108e-05 y: 214
prediction: 4, radius: 0.5251, PSR: 6.433444147274043e-05 y: 4
prediction: 25, radius: 0.0488, PSR: 7.831621230620951e-07 y: 32
prediction: 12, radius: 0.3945, PSR: 3.737637957971502e-05 y: 12
prediction: 264, radius: 0.4392, PSR: 8.316679569781452e-05 y: 264
prediction: 189, radius: 0.4502, PSR: 8.321503009819418e-05 y: 189
prediction: 170, radius: 0.2431, PSR: 1.6380409024346432e-05 y: 170
prediction: 236, radius: 0.1760, PSR: 8.583595920309994e-06 y: 236
prediction: 13, radius: 0.2347, PSR: 1.2193345505142939e-05 y: 13
prediction: 195, radius: 0.5564, PSR: 0.00010317186683839413 y: 195
prediction: 139, radius: 0.1682, PSR: 1.3291053456835474e-05 y: 139
prediction: 132, radius: 0.3260, PSR: 3.250150099642882e-05 y: 132
prediction: 211, radius: 0.0306, PSR: 3.517809075524395e-07 y: 211
prediction: 53, radius: 0.0989, PSR: 4.518216218058262e-06 y: 53
prediction: 224, radius: 0.1848, PSR: 1.2361442261236638e-05 y: 224
prediction: 56, radius: 0.3502, PSR: 5.97515703306859e-05 y: 56
prediction: 72, radius: 0.3031, PSR: 3.590181279878903e-05 y: 72
prediction: 81, radius: 0.2993, PSR: 3.713697634192771e-05 y: 81
prediction: 170, radius: 0.2939, PSR: 2.7391423291330453e-05 y: 170
prediction: 156, radius: 0.5056, PSR: 8.678122523755966e-05 y: 156
prediction: 11, radius: 0.0152, PSR: 5.562571712147484e-08 y: 11
prediction: 197, radius: 0.2550, PSR: 2.5169294641802438e-05 y: 197
prediction: 262, radius: 0.2630, PSR: 2.742075555434715e-05 y: 262
prediction: 135, radius: 0.6228, PSR: 0.000155807447347935 y: 135
prediction: 231, radius: 0.2436, PSR: 2.0716987862778774e-05 y: 231
prediction: 3, radius: 0.6397, PSR: 9.366824897256073e-05 y: 3
prediction: 89, radius: 0.1204, PSR: 5.738771919164277e-06 y: 89
prediction: 110, radius: 0.6397, PSR: 0.00010837617066472422 y: 110
prediction: 25, radius: 0.5944, PSR: 0.00010676316984432734 y: 25
prediction: 74, radius: 0.1966, PSR: 1.6488215670831527e-05 y: 74
prediction: 70, radius: 0.2550, PSR: 1.9191267464748953e-05 y: 70
prediction: 194, radius: 0.2588, PSR: 1.989439275732337e-05 y: 194
prediction: 167, radius: 0.6397, PSR: 0.00010831405007148599 y: 167
prediction: 79, radius: 0.3756, PSR: 5.58920456464487e-05 y: 79
[91mprediction: -1, radius: 0.0000, PSR: 0.0 y: 65[0m
prediction: 231, radius: 0.2816, PSR: 2.652060381966354e-05 y: 231
prediction: 230, radius: 0.3832, PSR: 3.722045122674251e-05 y: 230
prediction: 208, radius: 0.4273, PSR: 6.717499563282903e-05 y: 208
prediction: 254, radius: 0.2165, PSR: 1.7694303788014144e-05 y: 254
prediction: 206, radius: 0.4031, PSR: 5.709862095107108e-05 y: 206
prediction: 139, radius: 0.2162, PSR: 1.6559256929760276e-05 y: 139
prediction: 180, radius: 0.4342, PSR: 4.753130931044433e-05 y: 180
prediction: 58, radius: 0.2281, PSR: 2.5979238509428844e-05 y: 58
prediction: 84, radius: 0.4235, PSR: 7.246917183388404e-05 y: 84
prediction: 113, radius: 0.3762, PSR: 4.8762840431914286e-05 y: 113
prediction: 99, radius: 0.0214, PSR: 1.973454336311917e-07 y: 99
prediction: 89, radius: 0.0037, PSR: 5.815136909806469e-09 y: 89
prediction: 171, radius: 0.1502, PSR: 6.068432912429299e-06 y: 171
prediction: 74, radius: 0.1835, PSR: 1.345126736521967e-05 y: 74
prediction: 18, radius: 0.1159, PSR: 3.2199311490341258e-06 y: 18
prediction: 170, radius: 0.3697, PSR: 4.098099303460131e-05 y: 170
prediction: 115, radius: 0.5879, PSR: 9.77660064205601e-05 y: 115
prediction: 117, radius: 0.4494, PSR: 8.454320264242604e-05 y: 117
prediction: 115, radius: 0.5271, PSR: 0.0001227432827142416 y: 115
prediction: 53, radius: 0.3444, PSR: 3.95123610071569e-05 y: 53
prediction: 132, radius: 0.4120, PSR: 5.2220870066927595e-05 y: 132
prediction: 67, radius: 0.1864, PSR: 1.333235404760845e-05 y: 67
[91mprediction: -1, radius: 0.0000, PSR: 0.0 y: 10[0m
prediction: 82, radius: 0.6397, PSR: 0.00010932556730948017 y: 82
prediction: 205, radius: 0.4001, PSR: 7.051415516101333e-05 y: 205
prediction: 229, radius: 0.4101, PSR: 6.28452188105147e-05 y: 229
prediction: 51, radius: 0.2333, PSR: 2.8920172748838876e-05 y: 51
prediction: 139, radius: 0.1665, PSR: 1.311404891402847e-05 y: 139
prediction: 247, radius: 0.3492, PSR: 2.8520627138501505e-05 y: 247
prediction: 209, radius: 0.0808, PSR: 2.347954147869294e-06 y: 209
prediction: 178, radius: 0.6397, PSR: 0.00012206048853328665 y: 178
prediction: 23, radius: 0.4892, PSR: 5.444785999888643e-05 y: 23
prediction: 179, radius: 0.1236, PSR: 5.444316984071108e-06 y: 179
prediction: 275, radius: 0.1167, PSR: 5.859817364162063e-06 y: 275
prediction: 26, radius: 0.1611, PSR: 6.025039024126166e-06 y: 26
prediction: 132, radius: 0.2884, PSR: 3.0216944347370857e-05 y: 132
prediction: 233, radius: 0.6228, PSR: 9.887438734321935e-05 y: 233
[91mprediction: -1, radius: 0.0000, PSR: 0.0 y: 15[0m
prediction: 10, radius: 0.0884, PSR: 2.4151915111776355e-06 y: 32
prediction: 64, radius: 0.2048, PSR: 1.462987875856311e-05 y: 64
prediction: 195, radius: 0.2925, PSR: 3.4147107657104955e-05 y: 195
prediction: 110, radius: 0.5721, PSR: 0.00013447666284471162 y: 110
prediction: 165, radius: 0.5944, PSR: 9.260562942126271e-05 y: 165
prediction: 42, radius: 0.5230, PSR: 8.404144012419337e-05 y: 42
prediction: 217, radius: 0.4603, PSR: 5.903781963363885e-05 y: 217
prediction: 252, radius: 0.3335, PSR: 3.6651558392257575e-05 y: 252
prediction: 21, radius: 0.5564, PSR: 7.072349447858074e-05 y: 21
prediction: 268, radius: 0.6397, PSR: 0.0001763911548685735 y: 268
prediction: 123, radius: 0.0267, PSR: 3.7273319122079964e-07 y: 123
prediction: 83, radius: 0.4083, PSR: 6.408550278085496e-05 y: 83
prediction: 55, radius: 0.5155, PSR: 0.00013886004626102838 y: 55
prediction: 239, radius: 0.1158, PSR: 4.019937803376983e-06 y: 239
prediction: 162, radius: 0.5104, PSR: 9.143094082796263e-05 y: 162
prediction: 230, radius: 0.1258, PSR: 4.893431055922824e-06 y: 230
prediction: 186, radius: 0.6397, PSR: 0.0001312948247533831 y: 186
prediction: 169, radius: 0.5339, PSR: 7.169706979411371e-05 y: 169
prediction: 235, radius: 0.6397, PSR: 0.00010332977728036397 y: 235
prediction: 187, radius: 0.1548, PSR: 7.79066784260108e-06 y: 187
prediction: 160, radius: 0.5944, PSR: 0.00013525719909736458 y: 160
prediction: 92, radius: 0.4663, PSR: 7.72155731860034e-05 y: 92
prediction: 57, radius: 0.3112, PSR: 4.187657740382254e-05 y: 57
[91mprediction: -1, radius: 0.0000, PSR: 0.0 y: 6[0m
prediction: 180, radius: 0.0011, PSR: 4.910185798716302e-10 y: 180
prediction: 176, radius: 0.5271, PSR: 9.53160073856434e-05 y: 176
prediction: 254, radius: 0.1744, PSR: 1.2334544591373959e-05 y: 254
prediction: 173, radius: 0.6397, PSR: 0.00012259178830930652 y: 173
prediction: 58, radius: 0.5041, PSR: 9.623426198063669e-05 y: 58
[91mprediction: -1, radius: 0.0000, PSR: 0.0 y: 19[0m
prediction: 44, radius: 0.4110, PSR: 7.779124369846248e-05 y: 44
prediction: 58, radius: 0.1923, PSR: 1.6787548445241113e-05 y: 58
prediction: 65, radius: 0.1945, PSR: 1.7311312723312443e-05 y: 65
prediction: 112, radius: 0.6397, PSR: 0.00014200130370375987 y: 112
prediction: 193, radius: 0.5564, PSR: 9.825190866338755e-05 y: 193
prediction: 200, radius: 0.6228, PSR: 0.00012090474799744647 y: 200
prediction: 194, radius: 0.2114, PSR: 1.7174509364571916e-05 y: 194
prediction: 74, radius: 0.0472, PSR: 1.0139220815535067e-06 y: 74
prediction: 136, radius: 0.4611, PSR: 7.338807815323259e-05 y: 136
prediction: 117, radius: 0.3922, PSR: 6.897063218856922e-05 y: 117
prediction: 205, radius: 0.5721, PSR: 0.00012069582084806955 y: 205
prediction: 222, radius: 0.4432, PSR: 7.792617693670913e-05 y: 222
prediction: 46, radius: 0.3907, PSR: 5.900955330245161e-05 y: 46
prediction: 107, radius: 0.0918, PSR: 3.553383284834756e-06 y: 107
prediction: 243, radius: 0.3161, PSR: 2.992312794250156e-05 y: 243
prediction: 230, radius: 0.2567, PSR: 1.5802897845155196e-05 y: 230
prediction: 28, radius: 0.3788, PSR: 4.007175486653967e-05 y: 28
prediction: 104, radius: 0.6397, PSR: 9.551711198408303e-05 y: 104
prediction: 255, radius: 0.1389, PSR: 9.231721132027462e-06 y: 263
prediction: 206, radius: 0.0636, PSR: 9.833520002216028e-07 y: 206
prediction: 260, radius: 0.2622, PSR: 2.217571979963628e-05 y: 263
prediction: 20, radius: 0.6397, PSR: 9.284829133888757e-05 y: 39
prediction: 36, radius: 0.3011, PSR: 2.330232411093066e-05 y: 36
prediction: 88, radius: 0.3624, PSR: 4.837165413259558e-05 y: 88
prediction: 109, radius: 0.5721, PSR: 9.489640112461557e-05 y: 109
prediction: 259, radius: 0.0742, PSR: 1.5989505410858249e-06 y: 259
prediction: 185, radius: 0.2844, PSR: 3.1235732026118665e-05 y: 185
prediction: 153, radius: 0.6397, PSR: 0.0001508617159811486 y: 153
prediction: 193, radius: 0.5721, PSR: 8.365561101842796e-05 y: 193
prediction: 95, radius: 0.1679, PSR: 9.161643016384273e-06 y: 95
prediction: 150, radius: 0.4880, PSR: 9.25431566081487e-05 y: 150
prediction: 146, radius: 0.5879, PSR: 8.228520450376783e-05 y: 146
prediction: 103, radius: 0.2060, PSR: 1.540982869871149e-05 y: 103
prediction: 50, radius: 0.3289, PSR: 4.657271009954866e-05 y: 50
prediction: 268, radius: 0.6397, PSR: 0.00018580790110604446 y: 268
prediction: 18, radius: 0.0312, PSR: 2.653071386687878e-07 y: 18
prediction: 112, radius: 0.4917, PSR: 0.00010025145050665208 y: 112
prediction: 244, radius: 0.5879, PSR: 8.933052848350315e-05 y: 244
prediction: 204, radius: 0.1314, PSR: 5.289663922175761e-06 y: 204
prediction: 265, radius: 0.1871, PSR: 1.4091408206857525e-05 y: 265
prediction: 119, radius: 0.3543, PSR: 4.6962943798225115e-05 y: 119
prediction: 217, radius: 0.5721, PSR: 0.00011504714011427471 y: 217
prediction: 121, radius: 0.5564, PSR: 7.937993526396236e-05 y: 121
prediction: 218, radius: 0.4061, PSR: 7.226493909919421e-05 y: 218
prediction: 241, radius: 0.3795, PSR: 3.810326428282862e-05 y: 241
prediction: 271, radius: 0.4056, PSR: 6.930951711610838e-05 y: 271
prediction: 146, radius: 0.5441, PSR: 0.00011591210119617798 y: 146
prediction: 175, radius: 0.4801, PSR: 7.640972386937418e-05 y: 175
prediction: 21, radius: 0.1657, PSR: 6.047253184056196e-06 y: 21
prediction: 273, radius: 0.5499, PSR: 0.00010454935632815367 y: 273
prediction: 198, radius: 0.3399, PSR: 4.0000566299293845e-05 y: 198
prediction: 249, radius: 0.1440, PSR: 4.856221707853918e-06 y: 249
[91mprediction: -1, radius: 0.0000, PSR: 0.0 y: 33[0m
prediction: 59, radius: 0.5531, PSR: 0.00010921042317295065 y: 59
prediction: 249, radius: 0.5155, PSR: 9.173977033456557e-05 y: 249
prediction: 231, radius: 0.3178, PSR: 3.448166792402219e-05 y: 231
prediction: 241, radius: 0.3413, PSR: 4.432672595963477e-05 y: 241
prediction: 173, radius: 0.6020, PSR: 0.00014089227854794815 y: 173
prediction: 67, radius: 0.3938, PSR: 6.153339758479168e-05 y: 67
prediction: 172, radius: 0.1686, PSR: 8.553390468459433e-06 y: 172
prediction: 64, radius: 0.1242, PSR: 4.968779631764823e-06 y: 64
prediction: 173, radius: 0.4700, PSR: 7.678814025473422e-05 y: 173
prediction: 133, radius: 0.1597, PSR: 9.63647342035784e-06 y: 133
prediction: 62, radius: 0.1884, PSR: 1.6394215710801536e-05 y: 62
prediction: 177, radius: 0.3060, PSR: 2.847436653691972e-05 y: 177
prediction: 61, radius: 0.2881, PSR: 4.045453352546175e-05 y: 61
prediction: 228, radius: 0.4969, PSR: 9.103821448799006e-05 y: 228
prediction: 87, radius: 0.3938, PSR: 4.493018686470921e-05 y: 87
prediction: 141, radius: 0.3930, PSR: 5.349242277693158e-05 y: 141
prediction: 143, radius: 0.6397, PSR: 0.00012284677600761675 y: 143
prediction: 173, radius: 0.6228, PSR: 0.00012777378755780762 y: 173
prediction: 165, radius: 0.4710, PSR: 7.654212942984832e-05 y: 165
prediction: 24, radius: 0.5251, PSR: 7.059754495748361e-05 y: 24
prediction: 81, radius: 0.3182, PSR: 4.586154848857291e-05 y: 81
prediction: 151, radius: 0.6397, PSR: 0.00015022410116535953 y: 151
prediction: 4, radius: 0.4834, PSR: 5.428685140203882e-05 y: 4
prediction: 21, radius: 0.1391, PSR: 4.450009040348355e-06 y: 21
prediction: 41, radius: 0.5072, PSR: 9.145422379192116e-05 y: 41
prediction: 254, radius: 0.2837, PSR: 3.843616625363044e-05 y: 254
prediction: 19, radius: 0.1340, PSR: 4.525490017888186e-06 y: 19
prediction: 98, radius: 0.2691, PSR: 3.509454184158091e-05 y: 98
prediction: 142, radius: 0.5531, PSR: 0.00010815538077666702 y: 142
prediction: 192, radius: 0.0814, PSR: 1.8154751404581295e-06 y: 192
prediction: 68, radius: 0.1637, PSR: 8.156279440207864e-06 y: 270
prediction: 66, radius: 0.2650, PSR: 2.684973929381289e-05 y: 66
prediction: 183, radius: 0.5120, PSR: 9.658806119516976e-05 y: 183
prediction: 127, radius: 0.3530, PSR: 3.5441410719609895e-05 y: 127
prediction: 0, radius: 0.5056, PSR: 7.326995748529951e-05 y: 0
prediction: 48, radius: 0.4857, PSR: 0.00010335643602185921 y: 48
prediction: 18, radius: 0.3139, PSR: 2.2598443067995866e-05 y: 37
prediction: 186, radius: 0.6112, PSR: 9.524982431293691e-05 y: 186
prediction: 179, radius: 0.6020, PSR: 0.00012348773319042686 y: 179
[91mprediction: -1, radius: 0.0000, PSR: 0.0 y: 215[0m
prediction: 195, radius: 0.6112, PSR: 8.647436535935399e-05 y: 195
prediction: 154, radius: 0.6112, PSR: 9.326823555971974e-05 y: 154
prediction: 187, radius: 0.1322, PSR: 6.3719708328618164e-06 y: 187
prediction: 141, radius: 0.2799, PSR: 2.826420172311801e-05 y: 141
prediction: 157, radius: 0.3762, PSR: 5.3139807182476174e-05 y: 157
prediction: 8, radius: 0.4983, PSR: 5.956338376062271e-05 y: 8
prediction: 138, radius: 0.4646, PSR: 5.7420899107441984e-05 y: 138
prediction: 209, radius: 0.2172, PSR: 1.2891820650753833e-05 y: 209
prediction: 222, radius: 0.5192, PSR: 9.952094766282654e-05 y: 222
prediction: 25, radius: 0.3985, PSR: 4.752227376244725e-05 y: 25
prediction: 125, radius: 0.2140, PSR: 1.8580467485271314e-05 y: 125
prediction: 115, radius: 0.5637, PSR: 9.844884911246994e-05 y: 115
prediction: 135, radius: 0.6112, PSR: 0.00013910916167371 y: 135
prediction: 237, radius: 0.4262, PSR: 5.8542578288092796e-05 y: 237
prediction: 187, radius: 0.1318, PSR: 4.423264187817713e-06 y: 187
prediction: 138, radius: 0.5293, PSR: 8.916271843216236e-05 y: 138
prediction: 206, radius: 0.4655, PSR: 7.54909124054137e-05 y: 206
prediction: 164, radius: 0.5821, PSR: 9.06573221684568e-05 y: 164
prediction: 214, radius: 0.2836, PSR: 2.282911590149245e-05 y: 214
prediction: 121, radius: 0.3248, PSR: 3.840215313002996e-05 y: 121
prediction: 16, radius: 0.3301, PSR: 2.4922762762709825e-05 y: 16
prediction: 56, radius: 0.3134, PSR: 3.641360094338541e-05 y: 56
prediction: 132, radius: 0.2158, PSR: 1.8655568175904088e-05 y: 132
prediction: 260, radius: 0.3108, PSR: 4.6879520025480545e-05 y: 260
prediction: 38, radius: 0.3216, PSR: 2.2390765197720902e-05 y: 38
prediction: 122, radius: 0.6397, PSR: 0.00010803233770044389 y: 122
prediction: 184, radius: 0.6397, PSR: 0.00015399848481667053 y: 184
prediction: 157, radius: 0.5879, PSR: 0.00010642232845441618 y: 157
prediction: 41, radius: 0.6112, PSR: 0.00012952860130007325 y: 41
prediction: 89, radius: 0.1598, PSR: 9.861873962663547e-06 y: 89
prediction: 226, radius: 0.6397, PSR: 0.00012826621694526488 y: 226
prediction: 179, radius: 0.6397, PSR: 0.00014034695226842643 y: 179
prediction: 254, radius: 0.2112, PSR: 1.3318042739490571e-05 y: 254
prediction: 2, radius: 0.6397, PSR: 0.00013515793888475226 y: 2
[91mprediction: -1, radius: 0.0000, PSR: 0.0 y: 215[0m
prediction: 201, radius: 0.6397, PSR: 0.00011096375251598564 y: 201
prediction: 230, radius: 0.5821, PSR: 0.00012479146649582015 y: 230
prediction: 264, radius: 0.0189, PSR: 1.6668423952272228e-07 y: 272
[91mprediction: -1, radius: 0.0000, PSR: 0.0 y: 65[0m
prediction: 76, radius: 0.6397, PSR: 0.00015862977476142974 y: 76
prediction: 222, radius: 0.3128, PSR: 2.8820980236805356e-05 y: 222
prediction: 187, radius: 0.4729, PSR: 6.160999498004308e-05 y: 187
prediction: 261, radius: 0.4115, PSR: 7.940302160735233e-05 y: 261
prediction: 134, radius: 0.5011, PSR: 8.175584599770859e-05 y: 134
prediction: 117, radius: 0.5138, PSR: 7.696200100871777e-05 y: 117
prediction: 87, radius: 0.3896, PSR: 4.645920563564516e-05 y: 87
prediction: 204, radius: 0.2836, PSR: 2.215412550937668e-05 y: 204
prediction: 11, radius: 0.0975, PSR: 2.246815449802588e-06 y: 17
prediction: 154, radius: 0.6020, PSR: 0.00014405829171251205 y: 154
prediction: 58, radius: 0.2818, PSR: 2.7048499341851e-05 y: 58
prediction: 102, radius: 0.2629, PSR: 2.7643414427683214e-05 y: 102
prediction: 228, radius: 0.5600, PSR: 0.00010463766715167668 y: 228
prediction: 117, radius: 0.5637, PSR: 8.696049926651768e-05 y: 117
prediction: 224, radius: 0.3930, PSR: 5.7640080962811905e-05 y: 224
prediction: 94, radius: 0.2356, PSR: 1.797540836894138e-05 y: 94
prediction: 191, radius: 0.6112, PSR: 0.00013105325491512344 y: 191
prediction: 199, radius: 0.4010, PSR: 4.925229032460173e-05 y: 199
prediction: 172, radius: 0.3460, PSR: 4.910703165140808e-05 y: 172
prediction: 61, radius: 0.3201, PSR: 3.6429297994848476e-05 y: 61
prediction: 129, radius: 0.4780, PSR: 8.229214739796309e-05 y: 129
prediction: 207, radius: 0.5271, PSR: 9.880818123111919e-05 y: 207
prediction: 191, radius: 0.0033, PSR: 5.142277772130764e-09 y: 242
prediction: 243, radius: 0.1636, PSR: 8.882653275963253e-06 y: 243
prediction: 25, radius: 0.3572, PSR: 3.8651921716156144e-05 y: 32
prediction: 49, radius: 0.4892, PSR: 8.496614302951563e-05 y: 49
prediction: 105, radius: 0.3641, PSR: 4.863209107675421e-05 y: 105
prediction: 63, radius: 0.5363, PSR: 9.474759850934883e-05 y: 63
prediction: 108, radius: 0.6228, PSR: 0.0001491378784420834 y: 108
prediction: 147, radius: 0.6397, PSR: 0.0001584461238455714 y: 147
prediction: 46, radius: 0.6112, PSR: 0.00010815775058655008 y: 46
prediction: 8, radius: 0.2410, PSR: 1.3973876373272158e-05 y: 8
prediction: 122, radius: 0.6228, PSR: 0.00012923058867536923 y: 122
prediction: 22, radius: 0.6397, PSR: 0.0001100952773135403 y: 22
prediction: 123, radius: 0.2866, PSR: 3.3805881395197915e-05 y: 123
prediction: 204, radius: 0.1960, PSR: 9.34265672913067e-06 y: 204
prediction: 167, radius: 0.6397, PSR: 0.0001189208681155212 y: 167
prediction: 36, radius: 0.2067, PSR: 1.0552360303251391e-05 y: 36
prediction: 240, radius: 0.2408, PSR: 1.5706484977880966e-05 y: 240
[91mprediction: -1, radius: 0.0000, PSR: 0.0 y: 215[0m
prediction: 156, radius: 0.5721, PSR: 0.00010077772958913081 y: 156
prediction: 57, radius: 0.1376, PSR: 7.738710796532657e-06 y: 57
prediction: 110, radius: 0.6397, PSR: 0.00010920368578844867 y: 110
prediction: 229, radius: 0.6397, PSR: 0.00010840306380071882 y: 229
prediction: 40, radius: 0.6397, PSR: 0.00011905629334270533 y: 40
prediction: 30, radius: 0.0734, PSR: 1.2241219060317694e-06 y: 30
prediction: 68, radius: 0.2073, PSR: 2.0345507219152326e-05 y: 68
prediction: 109, radius: 0.4801, PSR: 7.26813195671892e-05 y: 109
prediction: 42, radius: 0.4759, PSR: 7.486945194929958e-05 y: 42
prediction: 93, radius: 0.3126, PSR: 2.6939971239352277e-05 y: 93
prediction: 251, radius: 0.5879, PSR: 9.245469580352129e-05 y: 251
prediction: 271, radius: 0.4330, PSR: 7.543379169240236e-05 y: 271
prediction: 80, radius: 0.6397, PSR: 0.00014183889226660436 y: 80
prediction: 246, radius: 0.4425, PSR: 6.13430246314514e-05 y: 246
prediction: 133, radius: 0.0706, PSR: 1.9348165078342524e-06 y: 133
prediction: 226, radius: 0.6397, PSR: 0.00013513652165391185 y: 226
prediction: 266, radius: 0.6397, PSR: 0.00015286484679868383 y: 266
prediction: 115, radius: 0.6228, PSR: 0.000143481270668188 y: 115
prediction: 219, radius: 0.4524, PSR: 5.753289854981497e-05 y: 219
prediction: 33, radius: 0.2770, PSR: 1.772677185079154e-05 y: 33
prediction: 147, radius: 0.3439, PSR: 4.321876225016958e-05 y: 147
prediction: 106, radius: 0.6228, PSR: 0.00021992307889181736 y: 106
prediction: 44, radius: 0.5944, PSR: 0.00011438858285376054 y: 44
prediction: 105, radius: 0.3066, PSR: 3.177003352439605e-05 y: 105
prediction: 145, radius: 0.5173, PSR: 9.25107453648523e-05 y: 145
prediction: 80, radius: 0.6397, PSR: 0.00011746925976235871 y: 80
prediction: 111, radius: 0.1128, PSR: 5.693714764597827e-06 y: 111
prediction: 252, radius: 0.4313, PSR: 6.045468365575984e-05 y: 252
prediction: 56, radius: 0.2433, PSR: 2.574055775842539e-05 y: 56
prediction: 269, radius: 0.2322, PSR: 1.928982558589441e-05 y: 269
prediction: 218, radius: 0.3525, PSR: 4.581493737305921e-05 y: 218
prediction: 8, radius: 0.1482, PSR: 5.13283743996955e-06 y: 8
[91mprediction: -1, radius: 0.0000, PSR: 0.0 y: 215[0m
prediction: 237, radius: 0.3743, PSR: 5.178351303297557e-05 y: 237
prediction: 257, radius: 0.1682, PSR: 1.1905989847732657e-05 y: 257
prediction: 214, radius: 0.2874, PSR: 2.7989528822432888e-05 y: 214
prediction: 257, radius: 0.4022, PSR: 5.688864610694243e-05 y: 257
prediction: 105, radius: 0.3567, PSR: 4.629932675535354e-05 y: 105
prediction: 55, radius: 0.3829, PSR: 6.95149294611536e-05 y: 55
prediction: 231, radius: 0.2551, PSR: 2.1516446408593995e-05 y: 231
prediction: 141, radius: 0.4445, PSR: 4.968350233996667e-05 y: 141
prediction: 78, radius: 0.3126, PSR: 4.6356219562569624e-05 y: 78
prediction: 131, radius: 0.0824, PSR: 3.362943924122422e-06 y: 131
[91mprediction: -1, radius: 0.0000, PSR: 0.0 y: 89[0m
prediction: 72, radius: 0.1536, PSR: 1.0796686706814997e-05 y: 72
prediction: 156, radius: 0.3226, PSR: 4.179559145980585e-05 y: 156
prediction: 232, radius: 0.5211, PSR: 9.901754260470222e-05 y: 232
prediction: 100, radius: 0.1724, PSR: 1.3330839092243019e-05 y: 100
prediction: 176, radius: 0.5821, PSR: 0.00010401189472066165 y: 176
prediction: 216, radius: 0.3309, PSR: 4.4847868159656644e-05 y: 216
prediction: 21, radius: 0.3070, PSR: 2.199265016420756e-05 y: 21
prediction: 64, radius: 0.3038, PSR: 2.8834869859346288e-05 y: 64
prediction: 47, radius: 0.2916, PSR: 3.986312064388407e-05 y: 47
prediction: 204, radius: 0.2378, PSR: 1.956286450328085e-05 y: 204
prediction: 190, radius: 0.5104, PSR: 6.731405486300829e-05 y: 190
prediction: 56, radius: 0.1915, PSR: 1.7657222595402004e-05 y: 56
prediction: 111, radius: 0.1160, PSR: 5.190284055091972e-06 y: 111
prediction: 165, radius: 0.5230, PSR: 9.564504545637526e-05 y: 165
prediction: 29, radius: 0.0378, PSR: 3.255850806229355e-07 y: 29
prediction: 48, radius: 0.6020, PSR: 0.00013650693774904034 y: 48
prediction: 257, radius: 0.6397, PSR: 0.00010432360362211557 y: 257
[91mprediction: -1, radius: 0.0000, PSR: 0.0 y: 64[0m
prediction: 18, radius: 0.1781, PSR: 9.175742856728035e-06 y: 15
prediction: 47, radius: 0.1807, PSR: 1.4585709232380778e-05 y: 47
prediction: 209, radius: 0.0992, PSR: 2.416644623654573e-06 y: 209
prediction: 214, radius: 0.0452, PSR: 1.0228955756037114e-06 y: 214
prediction: 271, radius: 0.4418, PSR: 8.502936331024494e-05 y: 271
prediction: 16, radius: 0.1084, PSR: 3.1307365440216726e-06 y: 15
prediction: 73, radius: 0.1972, PSR: 1.3135420800191213e-05 y: 73
[91mprediction: -1, radius: 0.0000, PSR: 0.0 y: 103[0m
prediction: 51, radius: 0.3172, PSR: 4.46054413602653e-05 y: 51
prediction: 170, radius: 0.2244, PSR: 1.7675055569860792e-05 y: 170
prediction: 60, radius: 0.2580, PSR: 2.8719404826982806e-05 y: 60
prediction: 235, radius: 0.5011, PSR: 6.890593443802914e-05 y: 235
prediction: 238, radius: 0.4459, PSR: 7.369395951492301e-05 y: 238
prediction: 136, radius: 0.6397, PSR: 0.00014449659619564473 y: 136
prediction: 92, radius: 0.3226, PSR: 4.573114034891319e-05 y: 92
prediction: 128, radius: 0.4319, PSR: 7.624200995086627e-05 y: 128
prediction: 238, radius: 0.2948, PSR: 2.8789862814855703e-05 y: 238
prediction: 224, radius: 0.2202, PSR: 1.5967584592228448e-05 y: 224
prediction: 194, radius: 0.3114, PSR: 3.391304338884673e-05 y: 194
prediction: 73, radius: 0.2067, PSR: 1.5530973464770184e-05 y: 73
prediction: 169, radius: 0.5271, PSR: 8.007548708294995e-05 y: 169
[91mprediction: -1, radius: 0.0000, PSR: 0.0 y: 270[0m
prediction: 171, radius: 0.2986, PSR: 2.8063176266532066e-05 y: 171
prediction: 260, radius: 0.1767, PSR: 1.1450737841626834e-05 y: 263
prediction: 137, radius: 0.4516, PSR: 8.130006834448462e-05 y: 137
prediction: 193, radius: 0.3303, PSR: 3.832556770710157e-05 y: 193
prediction: 233, radius: 0.4555, PSR: 6.930956882550044e-05 y: 233
prediction: 201, radius: 0.4672, PSR: 5.217064061884231e-05 y: 201
prediction: 151, radius: 0.6397, PSR: 0.00014813573813836519 y: 151
prediction: 99, radius: 0.0423, PSR: 7.160370247579369e-07 y: 99
prediction: 189, radius: 0.3258, PSR: 2.7366629914169757e-05 y: 189
prediction: 81, radius: 0.4198, PSR: 8.010066126250834e-05 y: 81
prediction: 168, radius: 0.3610, PSR: 3.415542932150385e-05 y: 168
prediction: 26, radius: 0.0166, PSR: 6.211070380015113e-08 y: 26
Average radius for psr_0.5_std_1: 0.35575114404300995
---------------------------------------------------------------------------------------------------------
prediction: 67, radius: 0.0002, PSR: 8.725915449526153e-12 y: 90
prediction: 174, radius: 0.2781, PSR: 2.712003297130772e-05 y: 174
prediction: 5, radius: 0.3195, PSR: 2.6293310956711966e-05 y: 5
prediction: 27, radius: 0.6397, PSR: 0.0001086539454146393 y: 27
prediction: 67, radius: 0.0877, PSR: 2.946824000981286e-06 y: 89
prediction: 20, radius: 0.6397, PSR: 0.00010435482480539813 y: 39
prediction: 131, radius: 0.3264, PSR: 3.554386778363409e-05 y: 131
prediction: 73, radius: 0.1942, PSR: 1.3134239408327757e-05 y: 73
prediction: 119, radius: 0.2535, PSR: 2.6771925300208028e-05 y: 119
prediction: 227, radius: 0.1525, PSR: 1.0043389371519192e-05 y: 227
prediction: 33, radius: 0.1973, PSR: 1.0745629231607128e-05 y: 15
prediction: 87, radius: 0.3232, PSR: 3.583725667816355e-05 y: 87
prediction: 223, radius: 0.1058, PSR: 4.081963346342063e-06 y: 223
prediction: 59, radius: 0.4203, PSR: 6.974907843716495e-05 y: 59
prediction: 255, radius: 0.4562, PSR: 0.00010733785106268191 y: 255
prediction: 20, radius: 0.6397, PSR: 9.834509488852679e-05 y: 39
prediction: 91, radius: 0.6397, PSR: 0.00023308008416997956 y: 91
prediction: 36, radius: 0.0308, PSR: 2.2818706237874807e-07 y: 36
prediction: 72, radius: 0.2101, PSR: 1.9438361792963483e-05 y: 72
prediction: 47, radius: 0.1741, PSR: 1.3536292050892907e-05 y: 47
prediction: 117, radius: 0.5678, PSR: 8.814853544325427e-05 y: 117
prediction: 164, radius: 0.3961, PSR: 5.2652325981425484e-05 y: 164
prediction: 163, radius: 0.4256, PSR: 5.6506262272411516e-05 y: 163
prediction: 102, radius: 0.3871, PSR: 6.73702454005843e-05 y: 102
prediction: 166, radius: 0.0602, PSR: 1.0601714324954344e-06 y: 166
prediction: 252, radius: 0.1504, PSR: 6.728388706531465e-06 y: 252
prediction: 34, radius: 0.2379, PSR: 1.2891294026339457e-05 y: 34
prediction: 201, radius: 0.0180, PSR: 7.999587889245733e-08 y: 201
prediction: 132, radius: 0.3274, PSR: 3.0894651763211814e-05 y: 132
prediction: 251, radius: 0.3207, PSR: 3.0902164854240756e-05 y: 251
prediction: 68, radius: 0.4997, PSR: 9.134973962064532e-05 y: 68
prediction: 155, radius: 0.1415, PSR: 6.247602106047296e-06 y: 155
prediction: 238, radius: 0.3145, PSR: 4.01037829878118e-05 y: 238
prediction: 230, radius: 0.4759, PSR: 7.74677209463363e-05 y: 230
prediction: 92, radius: 0.2910, PSR: 3.762285952593293e-05 y: 92
prediction: 179, radius: 0.6397, PSR: 0.00018589740055037433 y: 179
[91mprediction: -1, radius: 0.0000, PSR: 0.0 y: 131[0m
prediction: 253, radius: 0.6397, PSR: 0.00011497827141304957 y: 253
prediction: 182, radius: 0.3390, PSR: 4.546772590600805e-05 y: 182
prediction: 167, radius: 0.6397, PSR: 0.00015365229554225552 y: 167
prediction: 10, radius: 0.1703, PSR: 9.35398933062764e-06 y: 32
[91mprediction: -1, radius: 0.0000, PSR: 0.0 y: 217[0m
prediction: 222, radius: 0.3222, PSR: 4.5914338457283373e-05 y: 222
prediction: 91, radius: 0.6397, PSR: 0.00017583638847727356 y: 91
prediction: 62, radius: 0.4857, PSR: 8.500787700064228e-05 y: 62
prediction: 171, radius: 0.3197, PSR: 2.5458313627008952e-05 y: 171
prediction: 69, radius: 0.4168, PSR: 4.316477762819854e-05 y: 69
prediction: 251, radius: 0.2417, PSR: 1.7560457958068292e-05 y: 251
prediction: 196, radius: 0.0069, PSR: 1.589582476910527e-08 y: 196
prediction: 232, radius: 0.4834, PSR: 7.929150858259673e-05 y: 232
prediction: 150, radius: 0.3553, PSR: 4.709699067787651e-05 y: 150
prediction: 143, radius: 0.4459, PSR: 8.707732658160428e-05 y: 143
[91mprediction: -1, radius: 0.0000, PSR: 0.0 y: 270[0m
prediction: 220, radius: 0.2011, PSR: 1.0825633818589739e-05 y: 220
prediction: 258, radius: 0.6397, PSR: 0.00017756193588588996 y: 258
prediction: 274, radius: 0.1363, PSR: 7.682834713803154e-06 y: 274
prediction: 74, radius: 0.4101, PSR: 5.385253843673601e-05 y: 74
prediction: 255, radius: 0.2369, PSR: 1.9130754597360215e-05 y: 263
prediction: 167, radius: 0.6397, PSR: 0.00012649707848090943 y: 167
prediction: 155, radius: 0.2361, PSR: 1.9388967249635267e-05 y: 155
prediction: 64, radius: 0.2184, PSR: 1.6138580628853046e-05 y: 64
prediction: 137, radius: 0.5271, PSR: 0.0001270238075677043 y: 137
prediction: 81, radius: 0.2093, PSR: 1.8504651903355487e-05 y: 81
prediction: 177, radius: 0.4956, PSR: 8.129913896244932e-05 y: 177
prediction: 202, radius: 0.4129, PSR: 4.890197658586634e-05 y: 202
prediction: 264, radius: 0.1317, PSR: 7.339877847496099e-06 y: 264
prediction: 123, radius: 0.2156, PSR: 1.8850498159837543e-05 y: 123
prediction: 100, radius: 0.4780, PSR: 7.009205368590448e-05 y: 100
prediction: 44, radius: 0.5944, PSR: 0.0001313543069792081 y: 44
prediction: 62, radius: 0.4001, PSR: 6.30282044430203e-05 y: 62
prediction: 196, radius: 0.2122, PSR: 1.422898939641221e-05 y: 196
prediction: 214, radius: 0.3993, PSR: 4.151600554348495e-05 y: 214
prediction: 4, radius: 0.3904, PSR: 3.555714252252178e-05 y: 4
prediction: 25, radius: 0.1885, PSR: 1.1703528075114228e-05 y: 32
prediction: 12, radius: 0.3011, PSR: 2.1766883808625912e-05 y: 12
prediction: 264, radius: 0.4386, PSR: 8.292065252490528e-05 y: 264
prediction: 189, radius: 0.3945, PSR: 6.391408067496928e-05 y: 189
prediction: 170, radius: 0.1511, PSR: 6.327879190806939e-06 y: 170
prediction: 236, radius: 0.1098, PSR: 3.337795966655721e-06 y: 236
prediction: 13, radius: 0.1018, PSR: 2.2925710749251656e-06 y: 13
prediction: 195, radius: 0.5499, PSR: 0.0001007762387216291 y: 195
prediction: 139, radius: 0.1447, PSR: 9.833552185420697e-06 y: 139
prediction: 132, radius: 0.2782, PSR: 2.366817999024464e-05 y: 132
[91mprediction: -1, radius: 0.0000, PSR: 0.0 y: 211[0m
prediction: 53, radius: 0.0500, PSR: 1.1542798926841144e-06 y: 53
prediction: 224, radius: 0.0953, PSR: 3.2913586865714044e-06 y: 224
prediction: 56, radius: 0.3436, PSR: 5.7530467222916335e-05 y: 56
prediction: 72, radius: 0.2802, PSR: 3.067331803556235e-05 y: 72
prediction: 81, radius: 0.2181, PSR: 1.9728067591722948e-05 y: 81
prediction: 170, radius: 0.2058, PSR: 1.3431533874077653e-05 y: 170
prediction: 156, radius: 0.5173, PSR: 9.084213914054924e-05 y: 156
prediction: 16, radius: 0.0872, PSR: 1.8387890333551385e-06 y: 11
prediction: 197, radius: 0.2124, PSR: 1.7463390746874624e-05 y: 197
prediction: 262, radius: 0.2144, PSR: 1.8228477892542087e-05 y: 262
prediction: 135, radius: 0.5879, PSR: 0.0001388230827079568 y: 135
prediction: 231, radius: 0.1627, PSR: 9.233989226784562e-06 y: 231
prediction: 3, radius: 0.6397, PSR: 9.36597422178398e-05 y: 3
prediction: 89, radius: 0.0652, PSR: 1.6840285267506165e-06 y: 89
prediction: 110, radius: 0.6228, PSR: 0.00010270863860256295 y: 110
prediction: 25, radius: 0.5769, PSR: 0.00010053819073556561 y: 25
prediction: 74, radius: 0.1455, PSR: 9.036251592717669e-06 y: 74
prediction: 70, radius: 0.2092, PSR: 1.2911894416676768e-05 y: 70
prediction: 194, radius: 0.1408, PSR: 5.883253754174414e-06 y: 194
prediction: 167, radius: 0.6397, PSR: 0.00010830827785080209 y: 167
prediction: 79, radius: 0.2914, PSR: 3.365085865398377e-05 y: 79
[91mprediction: -1, radius: 0.0000, PSR: 0.0 y: 65[0m
prediction: 231, radius: 0.1649, PSR: 9.095073616193043e-06 y: 231
prediction: 230, radius: 0.3157, PSR: 2.526869164625033e-05 y: 230
prediction: 208, radius: 0.4134, PSR: 6.287931504075591e-05 y: 208
prediction: 254, radius: 0.1288, PSR: 6.2673618847346475e-06 y: 254
prediction: 206, radius: 0.3344, PSR: 3.92930926096032e-05 y: 206
prediction: 139, radius: 0.1590, PSR: 8.95542743436456e-06 y: 139
prediction: 180, radius: 0.3591, PSR: 3.2500264239076404e-05 y: 180
prediction: 58, radius: 0.1917, PSR: 1.8343549864777907e-05 y: 58
prediction: 84, radius: 0.3740, PSR: 5.6519318681951086e-05 y: 84
prediction: 113, radius: 0.3517, PSR: 4.2618311123812366e-05 y: 113
[91mprediction: -1, radius: 0.0000, PSR: 0.0 y: 99[0m
[91mprediction: -1, radius: 0.0000, PSR: 0.0 y: 89[0m
prediction: 171, radius: 0.0607, PSR: 9.914043009248106e-07 y: 171
prediction: 74, radius: 0.1013, PSR: 4.0989473608196235e-06 y: 74
[91mprediction: -1, radius: 0.0000, PSR: 0.0 y: 18[0m
prediction: 170, radius: 0.3427, PSR: 3.5217792870238585e-05 y: 170
prediction: 115, radius: 0.5821, PSR: 9.584110091014441e-05 y: 115
prediction: 117, radius: 0.4603, PSR: 8.867470499609691e-05 y: 117
prediction: 115, radius: 0.5388, PSR: 0.00012820289291930943 y: 115
prediction: 53, radius: 0.2817, PSR: 2.6441277816623384e-05 y: 53
prediction: 132, radius: 0.3436, PSR: 3.6331341014984265e-05 y: 132
prediction: 67, radius: 0.0754, PSR: 2.1807596572251545e-06 y: 67
prediction: 32, radius: 0.0117, PSR: 4.046572785410511e-08 y: 10
prediction: 82, radius: 0.6397, PSR: 0.00010931401481869334 y: 82
prediction: 205, radius: 0.3439, PSR: 5.208053749052969e-05 y: 205
prediction: 229, radius: 0.3377, PSR: 4.260050371263219e-05 y: 229
prediction: 51, radius: 0.2121, PSR: 2.3919437713985763e-05 y: 51
prediction: 139, radius: 0.1199, PSR: 6.804748244508081e-06 y: 139
prediction: 247, radius: 0.2154, PSR: 1.0855204935669072e-05 y: 247
prediction: 209, radius: 0.0241, PSR: 2.0931497599415795e-07 y: 209
prediction: 178, radius: 0.6228, PSR: 0.00011567710372759927 y: 178
prediction: 23, radius: 0.4178, PSR: 3.9705391132502716e-05 y: 23
[91mprediction: -1, radius: 0.0000, PSR: 0.0 y: 179[0m
prediction: 275, radius: 0.0865, PSR: 3.2230436106749094e-06 y: 275
prediction: 26, radius: 0.0212, PSR: 1.0461563282571865e-07 y: 26
prediction: 132, radius: 0.2351, PSR: 2.0081557148862385e-05 y: 132
prediction: 233, radius: 0.5637, PSR: 8.100269362675661e-05 y: 233
prediction: 33, radius: 0.0676, PSR: 1.2867373264467825e-06 y: 15
prediction: 10, radius: 0.2096, PSR: 1.3592518064140782e-05 y: 32
prediction: 64, radius: 0.1880, PSR: 1.2337697775728242e-05 y: 64
prediction: 195, radius: 0.2363, PSR: 2.227869766274105e-05 y: 195
prediction: 110, radius: 0.5721, PSR: 0.00013446493616119015 y: 110
prediction: 165, radius: 0.5271, PSR: 7.28212943192684e-05 y: 165
prediction: 42, radius: 0.5315, PSR: 8.679048912253234e-05 y: 42
prediction: 217, radius: 0.4048, PSR: 4.5652086961702036e-05 y: 217
prediction: 252, radius: 0.2264, PSR: 1.6892557851522832e-05 y: 252
prediction: 21, radius: 0.5138, PSR: 6.0291306231555605e-05 y: 21
prediction: 268, radius: 0.6397, PSR: 0.00017638279045963665 y: 268
[91mprediction: -1, radius: 0.0000, PSR: 0.0 y: 123[0m
prediction: 83, radius: 0.3822, PSR: 5.614237983326222e-05 y: 83
prediction: 55, radius: 0.4905, PSR: 0.00012568831059282928 y: 55
[91mprediction: -1, radius: 0.0000, PSR: 0.0 y: 239[0m
prediction: 162, radius: 0.4790, PSR: 8.053318505741363e-05 y: 162
prediction: 230, radius: 0.0421, PSR: 5.492866922415994e-07 y: 230
prediction: 186, radius: 0.6228, PSR: 0.00012443392100223953 y: 186
prediction: 169, radius: 0.4812, PSR: 5.823761518063192e-05 y: 169
prediction: 235, radius: 0.6397, PSR: 0.000103320016982873 y: 235
prediction: 187, radius: 0.0374, PSR: 4.549801408738799e-07 y: 187
prediction: 160, radius: 0.5499, PSR: 0.00011575808800783625 y: 160
prediction: 92, radius: 0.4663, PSR: 7.721286764974173e-05 y: 92
prediction: 57, radius: 0.2961, PSR: 3.790595401723829e-05 y: 57
prediction: 23, radius: 0.1074, PSR: 2.5908932785480943e-06 y: 6
[91mprediction: -1, radius: 0.0000, PSR: 0.0 y: 180[0m
prediction: 176, radius: 0.5056, PSR: 8.768150545224838e-05 y: 176
prediction: 254, radius: 0.0815, PSR: 2.696028410620956e-06 y: 254
prediction: 173, radius: 0.6397, PSR: 0.00012259054991753678 y: 173
prediction: 58, radius: 0.4790, PSR: 8.68945655751744e-05 y: 58
[91mprediction: -1, radius: 0.0000, PSR: 0.0 y: 19[0m
prediction: 44, radius: 0.3849, PSR: 6.822151409683453e-05 y: 44
prediction: 58, radius: 0.1410, PSR: 9.03173732467784e-06 y: 58
prediction: 65, radius: 0.1875, PSR: 1.6087731708720124e-05 y: 65
prediction: 112, radius: 0.6397, PSR: 0.00014199167724338917 y: 112
prediction: 193, radius: 0.5414, PSR: 9.300601002999703e-05 y: 193
prediction: 200, radius: 0.5769, PSR: 0.00010372367752854398 y: 200
prediction: 194, radius: 0.1709, PSR: 1.1219202035599956e-05 y: 194
prediction: 62, radius: 0.0020, PSR: 1.8310221080855157e-09 y: 74
prediction: 136, radius: 0.3969, PSR: 5.436342887801035e-05 y: 136
prediction: 117, radius: 0.4139, PSR: 7.678636488914813e-05 y: 117
prediction: 205, radius: 0.5230, PSR: 0.00010086804321607544 y: 205
prediction: 222, radius: 0.4562, PSR: 8.259616288113217e-05 y: 222
prediction: 46, radius: 0.3180, PSR: 3.908159857179554e-05 y: 46
prediction: 107, radius: 0.0627, PSR: 1.659940737687441e-06 y: 107
prediction: 243, radius: 0.2559, PSR: 1.96153202943085e-05 y: 243
prediction: 230, radius: 0.1471, PSR: 5.191540831871821e-06 y: 230
prediction: 28, radius: 0.2789, PSR: 2.1718880840154784e-05 y: 28
prediction: 104, radius: 0.6397, PSR: 9.550379607208721e-05 y: 104
prediction: 255, radius: 0.2483, PSR: 2.951915328980555e-05 y: 263
prediction: 230, radius: 0.0750, PSR: 1.3647894687737084e-06 y: 206
prediction: 260, radius: 0.3697, PSR: 4.4061952293275876e-05 y: 263
prediction: 20, radius: 0.6397, PSR: 9.284476562188925e-05 y: 39
prediction: 36, radius: 0.1800, PSR: 8.329317025628005e-06 y: 36
prediction: 88, radius: 0.3482, PSR: 4.465837773558564e-05 y: 88
prediction: 109, radius: 0.5637, PSR: 9.21248340433932e-05 y: 109
[91mprediction: -1, radius: 0.0000, PSR: 0.0 y: 259[0m
prediction: 185, radius: 0.1748, PSR: 1.1801019248779624e-05 y: 185
prediction: 153, radius: 0.6397, PSR: 0.00015085385674244435 y: 153
prediction: 193, radius: 0.4983, PSR: 6.346267371731805e-05 y: 193
prediction: 95, radius: 0.0810, PSR: 2.132056507307115e-06 y: 95
prediction: 150, radius: 0.4284, PSR: 7.130734731243993e-05 y: 150
prediction: 146, radius: 0.5821, PSR: 8.066329391769553e-05 y: 146
prediction: 103, radius: 0.1111, PSR: 4.481659695293469e-06 y: 103
prediction: 50, radius: 0.3278, PSR: 4.6280142323871856e-05 y: 50
prediction: 268, radius: 0.6397, PSR: 0.00018579400549126803 y: 268
prediction: 16, radius: 0.0213, PSR: 1.237827686488883e-07 y: 18
prediction: 112, radius: 0.4459, PSR: 8.242784793268403e-05 y: 112
prediction: 244, radius: 0.5211, PSR: 7.017721302748858e-05 y: 244
prediction: 204, radius: 0.0184, PSR: 1.031223366703693e-07 y: 204
prediction: 265, radius: 0.1370, PSR: 7.561950496718175e-06 y: 265
prediction: 119, radius: 0.3352, PSR: 4.2044585124451643e-05 y: 119
prediction: 217, radius: 0.4997, PSR: 8.776638430376608e-05 y: 217
prediction: 121, radius: 0.5339, PSR: 7.30663658950655e-05 y: 121
prediction: 218, radius: 0.3280, PSR: 4.715211121792021e-05 y: 218
prediction: 241, radius: 0.3110, PSR: 2.5594772486623956e-05 y: 241
prediction: 271, radius: 0.3655, PSR: 5.6279948555127424e-05 y: 271
prediction: 146, radius: 0.5531, PSR: 0.00011976885538517821 y: 146
prediction: 175, radius: 0.4480, PSR: 6.65344170142848e-05 y: 175
prediction: 21, radius: 0.0466, PSR: 4.790871460767097e-07 y: 21
prediction: 273, radius: 0.5388, PSR: 0.00010034109986695322 y: 273
prediction: 198, radius: 0.2756, PSR: 2.6290493002212307e-05 y: 198
[91mprediction: -1, radius: 0.0000, PSR: 0.0 y: 249[0m
prediction: 18, radius: 0.0543, PSR: 6.829568352209928e-07 y: 33
prediction: 59, radius: 0.5531, PSR: 0.00010920268221814567 y: 59
prediction: 249, radius: 0.4719, PSR: 7.688103750062829e-05 y: 249
prediction: 231, radius: 0.2465, PSR: 2.0746663769902684e-05 y: 231
prediction: 241, radius: 0.2913, PSR: 3.2281064789749186e-05 y: 241
prediction: 173, radius: 0.5469, PSR: 0.00011628335455104416 y: 173
prediction: 67, radius: 0.4018, PSR: 6.406246773142768e-05 y: 67
prediction: 172, radius: 0.0440, PSR: 5.838405467758762e-07 y: 172
prediction: 64, radius: 0.0914, PSR: 2.688848213647075e-06 y: 64
prediction: 173, radius: 0.3727, PSR: 4.828789372454953e-05 y: 173
prediction: 133, radius: 0.1002, PSR: 3.7947955615617387e-06 y: 133
prediction: 62, radius: 0.1703, PSR: 1.3398914427990725e-05 y: 62
prediction: 177, radius: 0.1908, PSR: 1.107057538248458e-05 y: 177
prediction: 61, radius: 0.2640, PSR: 3.396408881773327e-05 y: 61
prediction: 228, radius: 0.4628, PSR: 7.896216723598798e-05 y: 228
prediction: 87, radius: 0.3512, PSR: 3.574327168709479e-05 y: 87
prediction: 141, radius: 0.3621, PSR: 4.541472548785302e-05 y: 141
prediction: 143, radius: 0.6397, PSR: 0.00012283834647160158 y: 143
prediction: 173, radius: 0.6397, PSR: 0.0001348139400537636 y: 173
prediction: 165, radius: 0.4148, PSR: 5.9378353057924076e-05 y: 165
prediction: 24, radius: 0.4348, PSR: 4.8423333462353325e-05 y: 24
prediction: 81, radius: 0.2536, PSR: 2.9130185225205556e-05 y: 81
prediction: 151, radius: 0.6397, PSR: 0.0001502190722663142 y: 151
prediction: 4, radius: 0.3749, PSR: 3.265868862553803e-05 y: 4
prediction: 21, radius: 0.0106, PSR: 2.6041937365893413e-08 y: 21
prediction: 41, radius: 0.4539, PSR: 7.325462312487376e-05 y: 41
prediction: 254, radius: 0.2377, PSR: 2.698721965086796e-05 y: 254
prediction: 33, radius: 0.0018, PSR: 7.761707328696238e-10 y: 19
prediction: 98, radius: 0.2371, PSR: 2.724596689834887e-05 y: 98
prediction: 142, radius: 0.4983, PSR: 8.779161866684395e-05 y: 142
[91mprediction: -1, radius: 0.0000, PSR: 0.0 y: 192[0m
prediction: 68, radius: 0.2631, PSR: 2.1059149115265833e-05 y: 270
prediction: 66, radius: 0.2099, PSR: 1.684255942487377e-05 y: 66
prediction: 183, radius: 0.4547, PSR: 7.615816400115555e-05 y: 183
prediction: 127, radius: 0.3041, PSR: 2.6299423644781097e-05 y: 127
prediction: 0, radius: 0.4120, PSR: 4.864269425751612e-05 y: 0
prediction: 48, radius: 0.4595, PSR: 9.250230936219694e-05 y: 48
prediction: 18, radius: 0.3561, PSR: 2.9084226300342717e-05 y: 37
prediction: 186, radius: 0.5944, PSR: 9.010100068884905e-05 y: 186
prediction: 179, radius: 0.5821, PSR: 0.0001154273102380251 y: 179
[91mprediction: -1, radius: 0.0000, PSR: 0.0 y: 215[0m
prediction: 195, radius: 0.5637, PSR: 7.356648174016883e-05 y: 195
prediction: 154, radius: 0.5821, PSR: 8.459350545945475e-05 y: 154
prediction: 187, radius: 0.0423, PSR: 6.523741387330468e-07 y: 187
prediction: 141, radius: 0.1776, PSR: 1.1386661543949282e-05 y: 141
prediction: 157, radius: 0.3618, PSR: 4.9155264459838136e-05 y: 157
prediction: 8, radius: 0.4466, PSR: 4.783549851353318e-05 y: 8
prediction: 138, radius: 0.4295, PSR: 4.908275455978588e-05 y: 138
prediction: 209, radius: 0.1514, PSR: 6.2664028139440095e-06 y: 209
prediction: 222, radius: 0.4392, PSR: 7.122372095903023e-05 y: 222
prediction: 25, radius: 0.3100, PSR: 2.8749336254243686e-05 y: 25
prediction: 125, radius: 0.1772, PSR: 1.2740081333365676e-05 y: 125
prediction: 115, radius: 0.5469, PSR: 9.266991702443758e-05 y: 115
prediction: 135, radius: 0.6112, PSR: 0.00013910358545489386 y: 135
prediction: 237, radius: 0.3156, PSR: 3.209531718544663e-05 y: 237
[91mprediction: -1, radius: 0.0000, PSR: 0.0 y: 187[0m
prediction: 138, radius: 0.5138, PSR: 8.399478284922229e-05 y: 138
prediction: 206, radius: 0.3652, PSR: 4.6482612006154305e-05 y: 206
prediction: 164, radius: 0.5600, PSR: 8.389611883887178e-05 y: 164
prediction: 214, radius: 0.2282, PSR: 1.4784583947282111e-05 y: 214
prediction: 121, radius: 0.2749, PSR: 2.7511971521317047e-05 y: 121
prediction: 16, radius: 0.1905, PSR: 8.295743300781378e-06 y: 16
prediction: 56, radius: 0.2530, PSR: 2.373694846989353e-05 y: 56
prediction: 132, radius: 0.1734, PSR: 1.2043997722488205e-05 y: 132
prediction: 260, radius: 0.2536, PSR: 3.11999369426394e-05 y: 260
prediction: 38, radius: 0.1989, PSR: 8.562853056629128e-06 y: 38
prediction: 122, radius: 0.6397, PSR: 0.00010802065408000512 y: 122
prediction: 184, radius: 0.6397, PSR: 0.00015398882407010965 y: 184
prediction: 157, radius: 0.5531, PSR: 9.419653631170244e-05 y: 157
prediction: 41, radius: 0.5821, PSR: 0.00011748813838416502 y: 41
prediction: 89, radius: 0.0992, PSR: 3.7968922400270553e-06 y: 89
prediction: 226, radius: 0.6397, PSR: 0.00012825973756565507 y: 226
prediction: 179, radius: 0.6112, PSR: 0.00012808508662448127 y: 179
prediction: 254, radius: 0.1319, PSR: 5.194364213378664e-06 y: 254
prediction: 2, radius: 0.6397, PSR: 0.00013515014046427986 y: 2
[91mprediction: -1, radius: 0.0000, PSR: 0.0 y: 215[0m
prediction: 201, radius: 0.6228, PSR: 0.00010516512663946481 y: 201
prediction: 230, radius: 0.5363, PSR: 0.00010591375171426058 y: 230
prediction: 264, radius: 0.1278, PSR: 7.620721599607577e-06 y: 272
prediction: 67, radius: 0.0739, PSR: 2.568317970098102e-06 y: 65
prediction: 76, radius: 0.6397, PSR: 0.00015861412154476062 y: 76
prediction: 222, radius: 0.2210, PSR: 1.4382297930667965e-05 y: 222
prediction: 187, radius: 0.3673, PSR: 3.716210828109505e-05 y: 187
prediction: 261, radius: 0.3997, PSR: 7.491600611490464e-05 y: 261
prediction: 134, radius: 0.4710, PSR: 7.220325126855913e-05 y: 134
prediction: 117, radius: 0.5315, PSR: 8.237595592347561e-05 y: 117
prediction: 87, radius: 0.3829, PSR: 4.48570927960846e-05 y: 87
prediction: 204, radius: 0.1858, PSR: 9.510886591209608e-06 y: 204
prediction: 11, radius: 0.1742, PSR: 7.1745832872541005e-06 y: 17
prediction: 154, radius: 0.5469, PSR: 0.00011889332786687421 y: 154
prediction: 58, radius: 0.2107, PSR: 1.5114468898888438e-05 y: 58
prediction: 102, radius: 0.1947, PSR: 1.5167520065429209e-05 y: 102
prediction: 228, radius: 0.5271, PSR: 9.273215296968568e-05 y: 228
prediction: 117, radius: 0.5469, PSR: 8.185542029835375e-05 y: 117
prediction: 224, radius: 0.3393, PSR: 4.295036275865771e-05 y: 224
prediction: 94, radius: 0.0897, PSR: 2.604624381650858e-06 y: 94
prediction: 191, radius: 0.5637, PSR: 0.00011149515441769841 y: 191
prediction: 199, radius: 0.3487, PSR: 3.7250902063385994e-05 y: 199
prediction: 172, radius: 0.2833, PSR: 3.290913207506469e-05 y: 172
prediction: 61, radius: 0.2826, PSR: 2.838692392458268e-05 y: 61
prediction: 129, radius: 0.4595, PSR: 7.604435144046118e-05 y: 129
prediction: 207, radius: 0.4801, PSR: 8.19497648625193e-05 y: 207
prediction: 191, radius: 0.1231, PSR: 7.104096655696818e-06 y: 242
prediction: 243, radius: 0.0457, PSR: 6.916330251607811e-07 y: 243
prediction: 25, radius: 0.5041, PSR: 7.697328003487048e-05 y: 32
prediction: 49, radius: 0.4719, PSR: 7.905530754465188e-05 y: 49
prediction: 105, radius: 0.3226, PSR: 3.817900454245266e-05 y: 105
prediction: 63, radius: 0.5192, PSR: 8.879871312552346e-05 y: 63
prediction: 108, radius: 0.6397, PSR: 0.00015733874371402228 y: 108
prediction: 147, radius: 0.6228, PSR: 0.00015016883324868045 y: 147
prediction: 46, radius: 0.6397, PSR: 0.00011849490527968742 y: 46
prediction: 8, radius: 0.1222, PSR: 3.5907177140751126e-06 y: 8
prediction: 122, radius: 0.6397, PSR: 0.00013633619691565945 y: 122
prediction: 22, radius: 0.6397, PSR: 0.00011008776910735573 y: 22
prediction: 123, radius: 0.2695, PSR: 2.9880902104984078e-05 y: 123
prediction: 204, radius: 0.1014, PSR: 2.5024170190794944e-06 y: 204
prediction: 167, radius: 0.6397, PSR: 0.00011891471118066706 y: 167
prediction: 36, radius: 0.0877, PSR: 1.8992217369681068e-06 y: 36
prediction: 240, radius: 0.1486, PSR: 5.979092045050095e-06 y: 240
prediction: 192, radius: 0.0071, PSR: 1.7460304714467715e-08 y: 215
prediction: 156, radius: 0.5678, PSR: 9.924106262332925e-05 y: 156
prediction: 57, radius: 0.0889, PSR: 3.225669581741461e-06 y: 57
prediction: 110, radius: 0.6397, PSR: 0.00010919499397924063 y: 110
prediction: 229, radius: 0.6397, PSR: 0.0001083954612826494 y: 229
prediction: 40, radius: 0.6228, PSR: 0.00011283578824314992 y: 40
prediction: 9, radius: 0.0105, PSR: 2.501354156055853e-08 y: 30
prediction: 68, radius: 0.1608, PSR: 1.2243955086850278e-05 y: 68
prediction: 109, radius: 0.4637, PSR: 6.780158507457447e-05 y: 109
prediction: 42, radius: 0.4749, PSR: 7.454685231097192e-05 y: 42
prediction: 93, radius: 0.2473, PSR: 1.685520780409351e-05 y: 93
prediction: 251, radius: 0.5721, PSR: 8.756411672275606e-05 y: 251
prediction: 271, radius: 0.3874, PSR: 6.0379633030825424e-05 y: 271
prediction: 80, radius: 0.6397, PSR: 0.0001418322694584515 y: 80
prediction: 246, radius: 0.3694, PSR: 4.2744318407872825e-05 y: 246
prediction: 133, radius: 0.0253, PSR: 2.4813307290227385e-07 y: 133
prediction: 226, radius: 0.6020, PSR: 0.00011968011367370057 y: 226
prediction: 266, radius: 0.5944, PSR: 0.00013198401985131132 y: 266
prediction: 115, radius: 0.6228, PSR: 0.00014347254214031605 y: 115
prediction: 219, radius: 0.4158, PSR: 4.860020820913332e-05 y: 219
prediction: 33, radius: 0.1710, PSR: 6.75936299875136e-06 y: 33
prediction: 147, radius: 0.3096, PSR: 3.503138785321989e-05 y: 147
prediction: 106, radius: 0.6112, PSR: 0.00021177477598638677 y: 106
prediction: 44, radius: 0.5879, PSR: 0.0001118726694073427 y: 44
prediction: 105, radius: 0.2264, PSR: 1.7320694840524328e-05 y: 105
prediction: 145, radius: 0.4682, PSR: 7.576254784584335e-05 y: 145
prediction: 80, radius: 0.6397, PSR: 0.00011746402460251193 y: 80
prediction: 111, radius: 0.0407, PSR: 7.410076791365237e-07 y: 111
prediction: 252, radius: 0.3572, PSR: 4.146714058071936e-05 y: 252
prediction: 56, radius: 0.2086, PSR: 1.8923894207146526e-05 y: 56
prediction: 269, radius: 0.1827, PSR: 1.1931893870940987e-05 y: 269
prediction: 218, radius: 0.2521, PSR: 2.3430626229303233e-05 y: 218
prediction: 8, radius: 0.0263, PSR: 1.622159112942173e-07 y: 8
[91mprediction: -1, radius: 0.0000, PSR: 0.0 y: 215[0m
prediction: 237, radius: 0.2953, PSR: 3.222946542185238e-05 y: 237
prediction: 257, radius: 0.1309, PSR: 7.215557638181643e-06 y: 257
prediction: 214, radius: 0.2435, PSR: 2.0102806672523228e-05 y: 214
prediction: 257, radius: 0.3647, PSR: 4.676215258403056e-05 y: 257
prediction: 105, radius: 0.2833, PSR: 2.920676112102271e-05 y: 105
prediction: 55, radius: 0.3551, PSR: 5.97882861984733e-05 y: 55
prediction: 231, radius: 0.1792, PSR: 1.062108960983986e-05 y: 231
prediction: 141, radius: 0.4214, PSR: 4.4641507474784825e-05 y: 141
prediction: 78, radius: 0.3086, PSR: 4.515016008264109e-05 y: 78
prediction: 131, radius: 0.0636, PSR: 2.0075913469004475e-06 y: 131
[91mprediction: -1, radius: 0.0000, PSR: 0.0 y: 89[0m
prediction: 72, radius: 0.1091, PSR: 5.447690635472595e-06 y: 72
prediction: 156, radius: 0.2843, PSR: 3.2453155660768694e-05 y: 156
prediction: 232, radius: 0.5120, PSR: 9.561029571441076e-05 y: 232
prediction: 100, radius: 0.1351, PSR: 8.184252345808581e-06 y: 100
prediction: 176, radius: 0.5230, PSR: 8.397539546145739e-05 y: 176
prediction: 216, radius: 0.2908, PSR: 3.4627596420452684e-05 y: 216
prediction: 21, radius: 0.1745, PSR: 7.10229876693865e-06 y: 21
prediction: 64, radius: 0.2886, PSR: 2.6018686304496138e-05 y: 64
prediction: 47, radius: 0.2659, PSR: 3.314390097550181e-05 y: 47
prediction: 204, radius: 0.1645, PSR: 9.35321261708435e-06 y: 204
prediction: 190, radius: 0.4587, PSR: 5.4357390845001845e-05 y: 190
prediction: 56, radius: 0.1344, PSR: 8.696888993458727e-06 y: 56
prediction: 111, radius: 0.0384, PSR: 5.678398870099392e-07 y: 111
prediction: 165, radius: 0.4595, PSR: 7.380605652453141e-05 y: 165
prediction: 5, radius: 0.1286, PSR: 3.7665554614199134e-06 y: 29
prediction: 48, radius: 0.6020, PSR: 0.0001364995832436173 y: 48
prediction: 257, radius: 0.6397, PSR: 0.00010431575397874998 y: 257
[91mprediction: -1, radius: 0.0000, PSR: 0.0 y: 64[0m
prediction: 18, radius: 0.2213, PSR: 1.4162766408684664e-05 y: 15
prediction: 47, radius: 0.1034, PSR: 4.774197793898823e-06 y: 47
prediction: 209, radius: 0.0149, PSR: 5.42663345920941e-08 y: 209
prediction: 214, radius: 0.0034, PSR: 5.827847438658815e-09 y: 214
prediction: 271, radius: 0.4348, PSR: 8.236438078116296e-05 y: 271
prediction: 16, radius: 0.1701, PSR: 7.710701922094925e-06 y: 15
prediction: 73, radius: 0.0963, PSR: 3.128933932247767e-06 y: 73
prediction: 67, radius: 0.0964, PSR: 3.265139617026734e-06 y: 103
prediction: 51, radius: 0.2905, PSR: 3.74025730902153e-05 y: 51
prediction: 170, radius: 0.1550, PSR: 8.436475749538707e-06 y: 170
prediction: 60, radius: 0.2137, PSR: 1.9705298541583587e-05 y: 60
prediction: 235, radius: 0.4134, PSR: 4.688563684104087e-05 y: 235
prediction: 238, radius: 0.4438, PSR: 7.301166781732509e-05 y: 238
prediction: 136, radius: 0.6397, PSR: 0.00014448874868467913 y: 136
prediction: 92, radius: 0.3209, PSR: 4.523380133783373e-05 y: 92
prediction: 128, radius: 0.4245, PSR: 7.367713789273272e-05 y: 128
prediction: 238, radius: 0.2378, PSR: 1.8734271410644865e-05 y: 238
prediction: 224, radius: 0.1446, PSR: 6.8815083097947825e-06 y: 224
prediction: 194, radius: 0.2407, PSR: 2.026624887127613e-05 y: 194
prediction: 73, radius: 0.1190, PSR: 5.144349654959312e-06 y: 73
prediction: 169, radius: 0.5011, PSR: 7.236419508225028e-05 y: 169
[91mprediction: -1, radius: 0.0000, PSR: 0.0 y: 270[0m
prediction: 171, radius: 0.2443, PSR: 1.877879446705617e-05 y: 171
prediction: 260, radius: 0.2609, PSR: 2.4974252596911183e-05 y: 263
prediction: 137, radius: 0.4502, PSR: 8.076427372132962e-05 y: 137
prediction: 193, radius: 0.2759, PSR: 2.6730665503118193e-05 y: 193
prediction: 233, radius: 0.3439, PSR: 3.9507489256138885e-05 y: 233
prediction: 201, radius: 0.3630, PSR: 3.14795322744755e-05 y: 201
prediction: 151, radius: 0.6397, PSR: 0.00014812687367282264 y: 151
[91mprediction: -1, radius: 0.0000, PSR: 0.0 y: 99[0m
prediction: 189, radius: 0.2021, PSR: 1.052658320216473e-05 y: 189
prediction: 81, radius: 0.3919, PSR: 6.978421149408869e-05 y: 81
prediction: 168, radius: 0.2259, PSR: 1.3376983031284416e-05 y: 168
prediction: 11, radius: 0.0216, PSR: 1.045585817246869e-07 y: 26
Average radius for psr_0.5_std_1: 0.35215751958544295
---------------------------------------------------------------------------------------------------------
prediction: 67, radius: 0.0092, PSR: 3.2896394184384354e-08 y: 90
prediction: 174, radius: 0.2286, PSR: 1.8330036867838578e-05 y: 174
prediction: 5, radius: 0.2181, PSR: 1.2245529925445881e-05 y: 5
prediction: 27, radius: 0.6397, PSR: 0.0001086426841270007 y: 27
prediction: 67, radius: 0.1497, PSR: 8.582083860027489e-06 y: 89
prediction: 20, radius: 0.6397, PSR: 0.00010434833372347458 y: 39
prediction: 131, radius: 0.2881, PSR: 2.7690995544094e-05 y: 131
prediction: 73, radius: 0.1396, PSR: 6.7829017222449424e-06 y: 73
prediction: 119, radius: 0.2077, PSR: 1.798179355215467e-05 y: 119
prediction: 227, radius: 0.0815, PSR: 2.8680266988732287e-06 y: 227
prediction: 33, radius: 0.2451, PSR: 1.6578282645427645e-05 y: 15
prediction: 87, radius: 0.2880, PSR: 2.8445966099228387e-05 y: 87
prediction: 223, radius: 0.0402, PSR: 5.898495783331455e-07 y: 223
prediction: 59, radius: 0.3893, PSR: 5.9814711418815805e-05 y: 59
prediction: 255, radius: 0.4198, PSR: 9.087285835917434e-05 y: 255
prediction: 20, radius: 0.6397, PSR: 9.83394912198794e-05 y: 39
prediction: 91, radius: 0.6397, PSR: 0.00023307465745284607 y: 91
[91mprediction: -1, radius: 0.0000, PSR: 0.0 y: 36[0m
prediction: 72, radius: 0.1891, PSR: 1.5748427987243673e-05 y: 72
prediction: 47, radius: 0.1481, PSR: 9.798970488319681e-06 y: 47
prediction: 117, radius: 0.5769, PSR: 9.099194330936719e-05 y: 117
prediction: 164, radius: 0.3011, PSR: 3.04217127810618e-05 y: 164
prediction: 163, radius: 0.3559, PSR: 3.949991808941253e-05 y: 163
prediction: 102, radius: 0.3839, PSR: 6.626332926202414e-05 y: 102
[91mprediction: -1, radius: 0.0000, PSR: 0.0 y: 166[0m
prediction: 252, radius: 0.0584, PSR: 1.0166800648496332e-06 y: 252
prediction: 34, radius: 0.1385, PSR: 4.369630005615552e-06 y: 34
prediction: 190, radius: 0.0738, PSR: 1.3443150644916236e-06 y: 201
prediction: 132, radius: 0.2901, PSR: 2.4244463176722288e-05 y: 132
prediction: 251, radius: 0.2615, PSR: 2.055056502704616e-05 y: 251
prediction: 68, radius: 0.5087, PSR: 9.467571856335213e-05 y: 68
prediction: 155, radius: 0.0188, PSR: 1.0967313282306813e-07 y: 155
prediction: 238, radius: 0.2866, PSR: 3.331647686872703e-05 y: 238
prediction: 230, radius: 0.4245, PSR: 6.164593389707358e-05 y: 230
prediction: 92, radius: 0.2793, PSR: 3.466790904877432e-05 y: 92
prediction: 179, radius: 0.6397, PSR: 0.0001858922636848298 y: 179
[91mprediction: -1, radius: 0.0000, PSR: 0.0 y: 131[0m
prediction: 253, radius: 0.6397, PSR: 0.0001149693482413755 y: 253
prediction: 182, radius: 0.2982, PSR: 3.516678414416527e-05 y: 182
prediction: 167, radius: 0.6397, PSR: 0.00015364325824577632 y: 167
prediction: 10, radius: 0.2253, PSR: 1.637818334589595e-05 y: 32
[91mprediction: -1, radius: 0.0000, PSR: 0.0 y: 217[0m
prediction: 222, radius: 0.2990, PSR: 3.952524396109096e-05 y: 222
prediction: 91, radius: 0.6397, PSR: 0.00017582427222107447 y: 91
prediction: 62, radius: 0.4801, PSR: 8.305835151324237e-05 y: 62
prediction: 171, radius: 0.2498, PSR: 1.553981617020349e-05 y: 171
prediction: 69, radius: 0.3829, PSR: 3.641990292345631e-05 y: 69
prediction: 251, radius: 0.1827, PSR: 1.0038111921376551e-05 y: 251
prediction: 194, radius: 0.0739, PSR: 1.8096782164405427e-06 y: 196
prediction: 232, radius: 0.4759, PSR: 7.684883645241534e-05 y: 232
prediction: 150, radius: 0.2940, PSR: 3.224915296639824e-05 y: 150
prediction: 143, radius: 0.4163, PSR: 7.5901453099382e-05 y: 143
[91mprediction: -1, radius: 0.0000, PSR: 0.0 y: 270[0m
prediction: 220, radius: 0.1222, PSR: 3.995730472002509e-06 y: 220
prediction: 258, radius: 0.6397, PSR: 0.00017755334451377314 y: 258
prediction: 274, radius: 0.1003, PSR: 4.160160996130181e-06 y: 274
prediction: 74, radius: 0.3762, PSR: 4.531206185191068e-05 y: 74
prediction: 255, radius: 0.3238, PSR: 3.5738853293337466e-05 y: 263
prediction: 167, radius: 0.6397, PSR: 0.00012648833589032034 y: 167
prediction: 155, radius: 0.1438, PSR: 7.193150734804602e-06 y: 155
prediction: 64, radius: 0.2019, PSR: 1.3786614089324784e-05 y: 64
prediction: 137, radius: 0.5251, PSR: 0.00012601333095305398 y: 137
prediction: 81, radius: 0.1464, PSR: 9.054436727402262e-06 y: 81
prediction: 177, radius: 0.4691, PSR: 7.282733625999127e-05 y: 177
prediction: 202, radius: 0.3749, PSR: 4.031539407340875e-05 y: 202
prediction: 264, radius: 0.0665, PSR: 1.867989755178883e-06 y: 264
prediction: 123, radius: 0.1806, PSR: 1.322808281234315e-05 y: 123
prediction: 100, radius: 0.4739, PSR: 6.889856193983314e-05 y: 100
prediction: 44, radius: 0.6020, PSR: 0.0001347268047486194 y: 44
prediction: 62, radius: 0.3896, PSR: 5.975635690871156e-05 y: 62
prediction: 196, radius: 0.1400, PSR: 6.194317210913265e-06 y: 196
prediction: 214, radius: 0.3527, PSR: 3.239546014314818e-05 y: 214
prediction: 4, radius: 0.3152, PSR: 2.3180285582694474e-05 y: 4
prediction: 25, radius: 0.2928, PSR: 2.823114688802478e-05 y: 32
prediction: 12, radius: 0.2159, PSR: 1.1191823823188133e-05 y: 12
prediction: 264, radius: 0.4386, PSR: 8.291601306168863e-05 y: 264
prediction: 189, radius: 0.3551, PSR: 5.176456348510056e-05 y: 189
prediction: 170, radius: 0.0859, PSR: 2.045138463943854e-06 y: 170
prediction: 236, radius: 0.0593, PSR: 9.735403083112814e-07 y: 236
prediction: 13, radius: 0.0099, PSR: 2.1645290025691223e-08 y: 13
prediction: 195, radius: 0.5414, PSR: 9.765575272460216e-05 y: 195
prediction: 139, radius: 0.1195, PSR: 6.705408308572569e-06 y: 139
prediction: 132, radius: 0.2420, PSR: 1.7910287044419e-05 y: 132
[91mprediction: -1, radius: 0.0000, PSR: 0.0 y: 211[0m
prediction: 53, radius: 0.0119, PSR: 6.535082863419923e-08 y: 53
prediction: 224, radius: 0.0262, PSR: 2.493366085728233e-07 y: 224
prediction: 56, radius: 0.3220, PSR: 5.051597428670382e-05 y: 56
prediction: 72, radius: 0.2548, PSR: 2.5365237482534667e-05 y: 72
prediction: 81, radius: 0.1525, PSR: 9.636076544457397e-06 y: 81
prediction: 170, radius: 0.1405, PSR: 6.259005467546698e-06 y: 170
prediction: 156, radius: 0.4956, PSR: 8.337304634559554e-05 y: 156
prediction: 16, radius: 0.1863, PSR: 8.383455386024068e-06 y: 11
prediction: 197, radius: 0.1804, PSR: 1.259585225200732e-05 y: 197
prediction: 262, radius: 0.1754, PSR: 1.2191423920890239e-05 y: 262
prediction: 135, radius: 0.5600, PSR: 0.00012594878165070588 y: 135
prediction: 231, radius: 0.0950, PSR: 3.1496146066881102e-06 y: 231
prediction: 3, radius: 0.6397, PSR: 9.365185430860422e-05 y: 3
prediction: 89, radius: 0.0166, PSR: 1.0950112347297272e-07 y: 89
prediction: 110, radius: 0.6397, PSR: 0.0001083568988805291 y: 110
prediction: 25, radius: 0.5678, PSR: 9.738361135969647e-05 y: 25
prediction: 74, radius: 0.1017, PSR: 4.415134415666219e-06 y: 74
prediction: 70, radius: 0.1664, PSR: 8.172284025201518e-06 y: 70
prediction: 194, radius: 0.0443, PSR: 5.815881711382225e-07 y: 194
prediction: 167, radius: 0.6397, PSR: 0.00010830227436046414 y: 167
prediction: 79, radius: 0.2195, PSR: 1.9083682182378187e-05 y: 79
[91mprediction: -1, radius: 0.0000, PSR: 0.0 y: 65[0m
prediction: 231, radius: 0.0765, PSR: 1.959922940383062e-06 y: 231
prediction: 230, radius: 0.2603, PSR: 1.7169476690209913e-05 y: 230
prediction: 208, radius: 0.3730, PSR: 5.1200910242295415e-05 y: 208
prediction: 254, radius: 0.0518, PSR: 1.0145473774846701e-06 y: 254
prediction: 206, radius: 0.2827, PSR: 2.808662662512393e-05 y: 206
prediction: 139, radius: 0.1041, PSR: 3.842927380778087e-06 y: 139
prediction: 180, radius: 0.2883, PSR: 2.09424892026535e-05 y: 180
prediction: 58, radius: 0.1608, PSR: 1.2912460200502291e-05 y: 58
prediction: 84, radius: 0.3500, PSR: 4.948782580348217e-05 y: 84
prediction: 113, radius: 0.3197, PSR: 3.520974743103492e-05 y: 113
prediction: 67, radius: 0.0056, PSR: 1.3628680082706973e-08 y: 99
[91mprediction: -1, radius: 0.0000, PSR: 0.0 y: 89[0m
[91mprediction: -1, radius: 0.0000, PSR: 0.0 y: 171[0m
prediction: 74, radius: 0.0440, PSR: 7.73081474231121e-07 y: 74
prediction: 16, radius: 0.1002, PSR: 2.4083639724743247e-06 y: 18
prediction: 170, radius: 0.3044, PSR: 2.7788180659180648e-05 y: 170
prediction: 115, radius: 0.5879, PSR: 9.775355868033857e-05 y: 115
prediction: 117, radius: 0.4587, PSR: 8.803776382482632e-05 y: 117
prediction: 115, radius: 0.5192, PSR: 0.00011903785817847584 y: 115
prediction: 53, radius: 0.2350, PSR: 1.8401712643568528e-05 y: 53
prediction: 132, radius: 0.2988, PSR: 2.7467149258862058e-05 y: 132
[91mprediction: -1, radius: 0.0000, PSR: 0.0 y: 67[0m
prediction: 32, radius: 0.0378, PSR: 4.181287098281193e-07 y: 10
prediction: 82, radius: 0.6397, PSR: 0.00010930356299860919 y: 82
prediction: 205, radius: 0.3034, PSR: 4.05438026203569e-05 y: 205
prediction: 229, radius: 0.2857, PSR: 3.0502874176103077e-05 y: 229
prediction: 51, radius: 0.1909, PSR: 1.9360404799119044e-05 y: 51
prediction: 139, radius: 0.0734, PSR: 2.548757435121337e-06 y: 139
prediction: 247, radius: 0.1058, PSR: 2.6168945264274807e-06 y: 247
[91mprediction: -1, radius: 0.0000, PSR: 0.0 y: 209[0m
prediction: 178, radius: 0.5564, PSR: 9.232567323393557e-05 y: 178
prediction: 23, radius: 0.3613, PSR: 2.969087782969632e-05 y: 23
prediction: 155, radius: 0.0863, PSR: 2.653116115955251e-06 y: 179
prediction: 275, radius: 0.0626, PSR: 1.688767337078039e-06 y: 275
[91mprediction: -1, radius: 0.0000, PSR: 0.0 y: 26[0m
prediction: 132, radius: 0.1901, PSR: 1.3131278591646358e-05 y: 132
prediction: 233, radius: 0.5056, PSR: 6.515850918257486e-05 y: 233
prediction: 33, radius: 0.1245, PSR: 4.364462374155068e-06 y: 15
prediction: 10, radius: 0.2970, PSR: 2.729338470498742e-05 y: 32
prediction: 64, radius: 0.1658, PSR: 9.586600591854106e-06 y: 64
prediction: 195, radius: 0.1852, PSR: 1.3684250912007e-05 y: 195
prediction: 110, radius: 0.5600, PSR: 0.0001287955870902786 y: 110
prediction: 165, radius: 0.4780, PSR: 5.98603838102259e-05 y: 165
prediction: 42, radius: 0.5315, PSR: 8.678409776502772e-05 y: 42
prediction: 217, radius: 0.3618, PSR: 3.647868970907035e-05 y: 217
prediction: 252, radius: 0.1459, PSR: 7.014498062615945e-06 y: 252
prediction: 21, radius: 0.4587, PSR: 4.8049262016884027e-05 y: 21
prediction: 268, radius: 0.6397, PSR: 0.00017637380820359307 y: 268
[91mprediction: -1, radius: 0.0000, PSR: 0.0 y: 123[0m
prediction: 83, radius: 0.3621, PSR: 5.040331749242524e-05 y: 83
prediction: 55, radius: 0.5251, PSR: 0.00014403661902399108 y: 55
prediction: 182, radius: 0.0136, PSR: 5.552844175658966e-08 y: 239
prediction: 162, radius: 0.4917, PSR: 8.485594334687998e-05 y: 162
[91mprediction: -1, radius: 0.0000, PSR: 0.0 y: 230[0m
prediction: 186, radius: 0.6228, PSR: 0.00012442724830313492 y: 186
prediction: 169, radius: 0.4361, PSR: 4.782969881467293e-05 y: 169
prediction: 235, radius: 0.6397, PSR: 0.0001033110269984766 y: 235
prediction: 194, radius: 0.0075, PSR: 1.8417612806909323e-08 y: 187
prediction: 160, radius: 0.5293, PSR: 0.00010722941094047784 y: 160
prediction: 92, radius: 0.4348, PSR: 6.713170877682805e-05 y: 92
prediction: 57, radius: 0.2785, PSR: 3.352880509842383e-05 y: 57
prediction: 23, radius: 0.1694, PSR: 6.449844055035163e-06 y: 6
[91mprediction: -1, radius: 0.0000, PSR: 0.0 y: 180[0m
prediction: 176, radius: 0.4646, PSR: 7.402211451861223e-05 y: 176
prediction: 254, radius: 0.0006, PSR: 1.233911065360075e-10 y: 254
prediction: 173, radius: 0.6397, PSR: 0.0001225878169210134 y: 173
prediction: 58, radius: 0.4943, PSR: 9.2518955358986e-05 y: 58
[91mprediction: -1, radius: 0.0000, PSR: 0.0 y: 19[0m
prediction: 44, radius: 0.3752, PSR: 6.482580982616938e-05 y: 44
prediction: 58, radius: 0.1022, PSR: 4.74143072196496e-06 y: 58
prediction: 65, radius: 0.1836, PSR: 1.5427849414469798e-05 y: 65
prediction: 112, radius: 0.5821, PSR: 0.00011754740925739955 y: 112
prediction: 193, radius: 0.4637, PSR: 6.822959893023008e-05 y: 193
prediction: 200, radius: 0.5414, PSR: 9.134748597383721e-05 y: 200
prediction: 194, radius: 0.1331, PSR: 6.803213750310236e-06 y: 194
prediction: 62, radius: 0.0711, PSR: 2.3017985639175037e-06 y: 74
prediction: 136, radius: 0.3650, PSR: 4.5965287316300354e-05 y: 136
prediction: 117, radius: 0.4290, PSR: 8.24842609095104e-05 y: 117
prediction: 205, radius: 0.4997, PSR: 9.206968522134806e-05 y: 205
prediction: 222, radius: 0.4445, PSR: 7.839749740024274e-05 y: 222
prediction: 46, radius: 0.2844, PSR: 3.1265769558396235e-05 y: 46
prediction: 107, radius: 0.0373, PSR: 5.854889846287111e-07 y: 107
prediction: 243, radius: 0.1995, PSR: 1.1917002797557382e-05 y: 243
prediction: 230, radius: 0.0608, PSR: 8.873852503900301e-07 y: 230
prediction: 28, radius: 0.1735, PSR: 8.403540974480077e-06 y: 28
prediction: 104, radius: 0.6397, PSR: 9.549219296383668e-05 y: 104
prediction: 255, radius: 0.3207, PSR: 4.92244557788638e-05 y: 263
prediction: 230, radius: 0.1872, PSR: 8.504847446835977e-06 y: 206
prediction: 260, radius: 0.4342, PSR: 6.079374159708706e-05 y: 263
prediction: 20, radius: 0.6397, PSR: 9.284071042519966e-05 y: 39
prediction: 36, radius: 0.0821, PSR: 1.7316100707217838e-06 y: 36
prediction: 88, radius: 0.3254, PSR: 3.899205148264278e-05 y: 88
prediction: 109, radius: 0.5414, PSR: 8.495878409638628e-05 y: 109
prediction: 267, radius: 0.0358, PSR: 3.730626531756517e-07 y: 259
prediction: 185, radius: 0.0834, PSR: 2.6819699180720857e-06 y: 185
prediction: 153, radius: 0.6397, PSR: 0.0001508456333689281 y: 153
prediction: 193, radius: 0.4198, PSR: 4.503909543499326e-05 y: 193
prediction: 95, radius: 0.0160, PSR: 8.300786370331736e-08 y: 95
prediction: 150, radius: 0.3832, PSR: 5.705137639669767e-05 y: 150
prediction: 146, radius: 0.5414, PSR: 6.977061928228018e-05 y: 146
prediction: 103, radius: 0.0392, PSR: 5.58260375473431e-07 y: 103
prediction: 50, radius: 0.3226, PSR: 4.481753762747694e-05 y: 50
prediction: 268, radius: 0.6397, PSR: 0.00018578064339239576 y: 268
prediction: 16, radius: 0.0926, PSR: 2.3340277319520146e-06 y: 18
prediction: 112, radius: 0.4129, PSR: 7.06841230342575e-05 y: 112
prediction: 244, radius: 0.4780, PSR: 5.904031478552158e-05 y: 244
prediction: 157, radius: 0.0487, PSR: 7.266833753832908e-07 y: 204
prediction: 265, radius: 0.1057, PSR: 4.5001462237268415e-06 y: 265
prediction: 119, radius: 0.3228, PSR: 3.898021160103512e-05 y: 119
prediction: 217, radius: 0.4917, PSR: 8.49738164986371e-05 y: 217
prediction: 121, radius: 0.5339, PSR: 7.306013644773193e-05 y: 121
prediction: 218, radius: 0.2575, PSR: 2.905256760252935e-05 y: 218
prediction: 241, radius: 0.2490, PSR: 1.640266552726192e-05 y: 241
prediction: 271, radius: 0.3425, PSR: 4.940065110036599e-05 y: 271
prediction: 146, radius: 0.5388, PSR: 0.00011363819452652489 y: 146
prediction: 175, radius: 0.4144, PSR: 5.691241264040293e-05 y: 175
[91mprediction: -1, radius: 0.0000, PSR: 0.0 y: 21[0m
prediction: 273, radius: 0.5441, PSR: 0.00010233190921035424 y: 273
prediction: 198, radius: 0.2336, PSR: 1.8883092297139172e-05 y: 198
prediction: 194, radius: 0.0208, PSR: 1.0158395852780379e-07 y: 249
prediction: 18, radius: 0.1128, PSR: 2.9392555084345325e-06 y: 33
prediction: 59, radius: 0.5173, PSR: 9.552656576798493e-05 y: 59
prediction: 249, radius: 0.4229, PSR: 6.17428662725947e-05 y: 249
prediction: 231, radius: 0.1868, PSR: 1.1906444703371676e-05 y: 231
prediction: 241, radius: 0.2476, PSR: 2.3333470440490473e-05 y: 241
prediction: 173, radius: 0.4892, PSR: 9.303655103552371e-05 y: 173
prediction: 67, radius: 0.4039, PSR: 6.473441540971443e-05 y: 67
prediction: 171, radius: 0.0279, PSR: 2.3368059467947214e-07 y: 172
prediction: 64, radius: 0.0699, PSR: 1.5750280776068117e-06 y: 64
prediction: 173, radius: 0.2800, PSR: 2.725085716725368e-05 y: 173
prediction: 133, radius: 0.0530, PSR: 1.0608731242912027e-06 y: 133
prediction: 62, radius: 0.1425, PSR: 9.38560886573215e-06 y: 62
prediction: 177, radius: 0.1142, PSR: 3.965460789135941e-06 y: 177
prediction: 61, radius: 0.2451, PSR: 2.9270517432311037e-05 y: 61
prediction: 228, radius: 0.4144, PSR: 6.32827600287618e-05 y: 228
prediction: 87, radius: 0.3564, PSR: 3.6803526922992184e-05 y: 87
prediction: 141, radius: 0.3346, PSR: 3.8769558859053315e-05 y: 141
prediction: 143, radius: 0.6397, PSR: 0.00012283009319714175 y: 143
prediction: 173, radius: 0.6397, PSR: 0.00013481348808606184 y: 173
prediction: 165, radius: 0.3703, PSR: 4.7303436103519986e-05 y: 165
prediction: 24, radius: 0.3505, PSR: 3.145305922712362e-05 y: 24
prediction: 81, radius: 0.1977, PSR: 1.7707586931611594e-05 y: 81
prediction: 151, radius: 0.6397, PSR: 0.00015021302938997709 y: 151
prediction: 4, radius: 0.2796, PSR: 1.816032377996359e-05 y: 4
[91mprediction: -1, radius: 0.0000, PSR: 0.0 y: 21[0m
prediction: 41, radius: 0.4106, PSR: 5.9933835195247045e-05 y: 41
prediction: 254, radius: 0.1911, PSR: 1.743794256640102e-05 y: 254
prediction: 33, radius: 0.1164, PSR: 3.4099771528017998e-06 y: 19
prediction: 98, radius: 0.1936, PSR: 1.815697899707651e-05 y: 98
prediction: 142, radius: 0.4595, PSR: 7.463323332738667e-05 y: 142
[91mprediction: -1, radius: 0.0000, PSR: 0.0 y: 192[0m
prediction: 68, radius: 0.3244, PSR: 3.200843962769819e-05 y: 270
prediction: 66, radius: 0.1658, PSR: 1.0504650199831101e-05 y: 66
prediction: 183, radius: 0.3977, PSR: 5.826150874331097e-05 y: 183
prediction: 127, radius: 0.2549, PSR: 1.847555678192823e-05 y: 127
prediction: 0, radius: 0.3209, PSR: 2.9502448562994494e-05 y: 0
prediction: 48, radius: 0.4208, PSR: 7.759597890821441e-05 y: 48
prediction: 18, radius: 0.3934, PSR: 3.5484409925637964e-05 y: 37
prediction: 186, radius: 0.6020, PSR: 9.241377075323566e-05 y: 186
prediction: 179, radius: 0.4868, PSR: 8.074035892714722e-05 y: 179
prediction: 197, radius: 0.0230, PSR: 1.681425292209457e-07 y: 215
prediction: 195, radius: 0.5155, PSR: 6.15175774188591e-05 y: 195
prediction: 154, radius: 0.5821, PSR: 8.458560658870929e-05 y: 154
[91mprediction: -1, radius: 0.0000, PSR: 0.0 y: 187[0m
prediction: 141, radius: 0.0988, PSR: 3.5244711834863664e-06 y: 141
prediction: 157, radius: 0.3307, PSR: 4.1065636330125955e-05 y: 157
prediction: 8, radius: 0.3938, PSR: 3.718672291468986e-05 y: 8
prediction: 138, radius: 0.4022, PSR: 4.3033419600336796e-05 y: 138
prediction: 209, radius: 0.1018, PSR: 2.829828373549754e-06 y: 209
prediction: 222, radius: 0.3849, PSR: 5.4705058113180696e-05 y: 222
prediction: 25, radius: 0.2513, PSR: 1.8892958849158917e-05 y: 25
prediction: 125, radius: 0.1444, PSR: 8.458575350545787e-06 y: 125
prediction: 115, radius: 0.5271, PSR: 8.607813956164952e-05 y: 115
prediction: 135, radius: 0.5721, PSR: 0.00012189523078443782 y: 135
prediction: 237, radius: 0.2435, PSR: 1.9114818795855875e-05 y: 237
prediction: 194, radius: 0.0524, PSR: 6.980101174918468e-07 y: 187
prediction: 138, radius: 0.4834, PSR: 7.435085865605495e-05 y: 138
prediction: 206, radius: 0.2875, PSR: 2.8800071917322475e-05 y: 206
prediction: 164, radius: 0.5041, PSR: 6.79886437867877e-05 y: 164
prediction: 214, radius: 0.1803, PSR: 9.231246637947613e-06 y: 214
prediction: 121, radius: 0.2367, PSR: 2.0390781234443042e-05 y: 121
prediction: 16, radius: 0.0957, PSR: 2.0964212623734265e-06 y: 16
prediction: 56, radius: 0.1925, PSR: 1.3739166948634328e-05 y: 56
prediction: 132, radius: 0.1408, PSR: 7.941726069701269e-06 y: 132
prediction: 260, radius: 0.1966, PSR: 1.8757580101988916e-05 y: 260
prediction: 38, radius: 0.0934, PSR: 1.88867872284622e-06 y: 38
prediction: 122, radius: 0.6397, PSR: 0.00010801012051761038 y: 122
prediction: 184, radius: 0.6397, PSR: 0.00015397917315497134 y: 184
prediction: 157, radius: 0.5251, PSR: 8.488683193801688e-05 y: 157
prediction: 41, radius: 0.5564, PSR: 0.00010735438399227392 y: 41
prediction: 89, radius: 0.0507, PSR: 9.917985452260465e-07 y: 89
prediction: 226, radius: 0.6397, PSR: 0.00012825290137397392 y: 226
prediction: 179, radius: 0.5678, PSR: 0.00011053223986471204 y: 179
prediction: 254, radius: 0.0661, PSR: 1.305441748214698e-06 y: 254
prediction: 2, radius: 0.6397, PSR: 0.00013514219219010326 y: 2
[91mprediction: -1, radius: 0.0000, PSR: 0.0 y: 215[0m
prediction: 201, radius: 0.5879, PSR: 9.369624086315998e-05 y: 201
prediction: 230, radius: 0.5531, PSR: 0.00011265665293034158 y: 230
prediction: 264, radius: 0.2122, PSR: 2.100516762838067e-05 y: 272
prediction: 67, radius: 0.1275, PSR: 7.642321441582108e-06 y: 65
prediction: 76, radius: 0.6397, PSR: 0.00015859980688307285 y: 76
prediction: 222, radius: 0.1481, PSR: 6.4607748248876535e-06 y: 222
prediction: 187, radius: 0.2916, PSR: 2.3418849521235864e-05 y: 187
prediction: 261, radius: 0.3778, PSR: 6.693279418348078e-05 y: 261
prediction: 134, radius: 0.4203, PSR: 5.7505330655596354e-05 y: 134
prediction: 117, radius: 0.5315, PSR: 8.236985614375681e-05 y: 117
prediction: 87, radius: 0.3801, PSR: 4.422038572090939e-05 y: 87
prediction: 204, radius: 0.1145, PSR: 3.614232218977103e-06 y: 204
prediction: 11, radius: 0.2326, PSR: 1.2801408034072255e-05 y: 17
prediction: 154, radius: 0.5414, PSR: 0.00011647623542157678 y: 154
prediction: 58, radius: 0.1492, PSR: 7.578713103699371e-06 y: 58
prediction: 102, radius: 0.1409, PSR: 7.939540567432123e-06 y: 102
prediction: 228, radius: 0.4917, PSR: 8.068137863841978e-05 y: 228
prediction: 117, radius: 0.5678, PSR: 8.819979358200076e-05 y: 117
prediction: 224, radius: 0.3021, PSR: 3.4052884097691945e-05 y: 224
prediction: 110, radius: 0.0062, PSR: 1.2529307481041114e-08 y: 94
prediction: 191, radius: 0.5441, PSR: 0.00010386156522219897 y: 191
prediction: 199, radius: 0.3068, PSR: 2.8835466495275223e-05 y: 199
prediction: 172, radius: 0.2273, PSR: 2.1189057769919297e-05 y: 172
prediction: 61, radius: 0.2580, PSR: 2.366134111747178e-05 y: 61
prediction: 129, radius: 0.4229, PSR: 6.442642350632648e-05 y: 129
prediction: 207, radius: 0.4516, PSR: 7.25269869597453e-05 y: 207
prediction: 191, radius: 0.2195, PSR: 2.2595557745919853e-05 y: 242
[91mprediction: -1, radius: 0.0000, PSR: 0.0 y: 243[0m
prediction: 25, radius: 0.5821, PSR: 0.0001026251351184386 y: 32
prediction: 49, radius: 0.4168, PSR: 6.165686509800871e-05 y: 49
prediction: 105, radius: 0.2770, PSR: 2.8136883872980875e-05 y: 105
prediction: 63, radius: 0.5211, PSR: 8.944724778428815e-05 y: 63
prediction: 108, radius: 0.6397, PSR: 0.0001573256212950024 y: 108
prediction: 147, radius: 0.6397, PSR: 0.00015843407512652395 y: 147
prediction: 46, radius: 0.6020, PSR: 0.00010493904446473008 y: 46
prediction: 8, radius: 0.0310, PSR: 2.3143763567313953e-07 y: 8
prediction: 122, radius: 0.6112, PSR: 0.00012442415814534725 y: 122
prediction: 22, radius: 0.6397, PSR: 0.00011008040807122314 y: 22
prediction: 123, radius: 0.2502, PSR: 2.5766432555542065e-05 y: 123
prediction: 204, radius: 0.0286, PSR: 1.9869380499274662e-07 y: 204
prediction: 167, radius: 0.6397, PSR: 0.000118908258280762 y: 167
[91mprediction: -1, radius: 0.0000, PSR: 0.0 y: 36[0m
prediction: 240, radius: 0.0729, PSR: 1.4373217416325934e-06 y: 240
prediction: 192, radius: 0.0354, PSR: 4.3126686823831546e-07 y: 215
prediction: 156, radius: 0.5944, PSR: 0.00010877643862642322 y: 156
prediction: 57, radius: 0.0540, PSR: 1.190311502145559e-06 y: 57
prediction: 110, radius: 0.6397, PSR: 0.00010918673804523087 y: 110
prediction: 229, radius: 0.6397, PSR: 0.00010838805252537658 y: 229
prediction: 40, radius: 0.5769, PSR: 9.680150687347337e-05 y: 40
prediction: 9, radius: 0.0972, PSR: 2.1479305088528583e-06 y: 30
prediction: 68, radius: 0.1139, PSR: 6.1398168656346265e-06 y: 68
prediction: 109, radius: 0.4392, PSR: 6.0828719096290686e-05 y: 109
prediction: 42, radius: 0.4494, PSR: 6.676745872780003e-05 y: 42
prediction: 93, radius: 0.1783, PSR: 8.763665936816098e-06 y: 93
prediction: 251, radius: 0.5721, PSR: 8.756058279967214e-05 y: 251
prediction: 271, radius: 0.3434, PSR: 4.743562121556368e-05 y: 271
prediction: 80, radius: 0.6397, PSR: 0.0001418251258088063 y: 80
prediction: 246, radius: 0.3070, PSR: 2.9524520446635045e-05 y: 246
[91mprediction: -1, radius: 0.0000, PSR: 0.0 y: 133[0m
prediction: 226, radius: 0.5499, PSR: 9.98588301118405e-05 y: 226
prediction: 266, radius: 0.6228, PSR: 0.0001448740377117108 y: 266
prediction: 115, radius: 0.6397, PSR: 0.00015136619906696056 y: 115
prediction: 219, radius: 0.3922, PSR: 4.3242804300400346e-05 y: 219
prediction: 33, radius: 0.0917, PSR: 1.944043851825847e-06 y: 33
prediction: 147, radius: 0.2782, PSR: 2.828364976593004e-05 y: 147
prediction: 106, radius: 0.6020, PSR: 0.00020548963359186089 y: 106
prediction: 44, radius: 0.5721, PSR: 0.00010595344463008428 y: 44
prediction: 105, radius: 0.1533, PSR: 7.938363449489032e-06 y: 105
prediction: 145, radius: 0.4432, PSR: 6.788140340179937e-05 y: 145
prediction: 80, radius: 0.6397, PSR: 0.00011745829992077509 y: 80
[91mprediction: -1, radius: 0.0000, PSR: 0.0 y: 111[0m
prediction: 252, radius: 0.3148, PSR: 3.221094287471281e-05 y: 252
prediction: 56, radius: 0.1775, PSR: 1.3695015000945044e-05 y: 56
prediction: 269, radius: 0.1462, PSR: 7.648009335307496e-06 y: 269
prediction: 218, radius: 0.1620, PSR: 9.670883118886334e-06 y: 218
[91mprediction: -1, radius: 0.0000, PSR: 0.0 y: 8[0m
[91mprediction: -1, radius: 0.0000, PSR: 0.0 y: 215[0m
prediction: 237, radius: 0.2347, PSR: 2.035829335287963e-05 y: 237
prediction: 257, radius: 0.1082, PSR: 4.927658600917726e-06 y: 257
prediction: 214, radius: 0.2030, PSR: 1.3968919292700752e-05 y: 214
prediction: 257, radius: 0.3399, PSR: 4.06310822873372e-05 y: 257
prediction: 105, radius: 0.2318, PSR: 1.956081477481288e-05 y: 105
prediction: 55, radius: 0.3402, PSR: 5.486799670976452e-05 y: 55
prediction: 231, radius: 0.1213, PSR: 4.861220783756985e-06 y: 231
prediction: 141, radius: 0.3907, PSR: 3.838688188334906e-05 y: 141
prediction: 78, radius: 0.3018, PSR: 4.317960387319521e-05 y: 78
prediction: 131, radius: 0.0541, PSR: 1.4501984598494348e-06 y: 131
prediction: 67, radius: 0.0249, PSR: 2.533451536612313e-07 y: 89
prediction: 72, radius: 0.0695, PSR: 2.2068606593153285e-06 y: 72
prediction: 156, radius: 0.2592, PSR: 2.697337484513698e-05 y: 156
prediction: 232, radius: 0.4749, PSR: 8.223020903764512e-05 y: 232
prediction: 100, radius: 0.1163, PSR: 6.062118273344093e-06 y: 100
prediction: 176, radius: 0.5041, PSR: 7.799516662113712e-05 y: 176
prediction: 216, radius: 0.2500, PSR: 2.559157853818267e-05 y: 216
prediction: 21, radius: 0.0819, PSR: 1.5657934164247018e-06 y: 21
prediction: 64, radius: 0.2818, PSR: 2.482155245807118e-05 y: 64
prediction: 47, radius: 0.2341, PSR: 2.5688602308058892e-05 y: 47
prediction: 204, radius: 0.1043, PSR: 3.759175359858202e-06 y: 204
prediction: 190, radius: 0.4494, PSR: 5.2191225815431426e-05 y: 190
prediction: 56, radius: 0.0879, PSR: 3.719874907653394e-06 y: 56
[91mprediction: -1, radius: 0.0000, PSR: 0.0 y: 111[0m
prediction: 165, radius: 0.4031, PSR: 5.679216782244667e-05 y: 165
prediction: 5, radius: 0.2665, PSR: 1.616438873314579e-05 y: 29
prediction: 48, radius: 0.5821, PSR: 0.00012759153005435827 y: 48
prediction: 257, radius: 0.6397, PSR: 0.0001043082150229927 y: 257
[91mprediction: -1, radius: 0.0000, PSR: 0.0 y: 64[0m
prediction: 18, radius: 0.2505, PSR: 1.8145502008791633e-05 y: 15
prediction: 47, radius: 0.0468, PSR: 9.799309238724109e-07 y: 47
[91mprediction: -1, radius: 0.0000, PSR: 0.0 y: 209[0m
[91mprediction: -1, radius: 0.0000, PSR: 0.0 y: 214[0m
prediction: 271, radius: 0.4163, PSR: 7.548688405356075e-05 y: 271
prediction: 16, radius: 0.2167, PSR: 1.2512494864633803e-05 y: 15
[91mprediction: -1, radius: 0.0000, PSR: 0.0 y: 73[0m
prediction: 67, radius: 0.1848, PSR: 1.2002203256089126e-05 y: 103
prediction: 51, radius: 0.2736, PSR: 3.31651890402094e-05 y: 51
prediction: 170, radius: 0.0998, PSR: 3.4974853468477148e-06 y: 170
prediction: 60, radius: 0.1742, PSR: 1.3099511961034113e-05 y: 60
prediction: 235, radius: 0.3451, PSR: 3.266588749071556e-05 y: 235
prediction: 238, radius: 0.4203, PSR: 6.547914925564529e-05 y: 238
prediction: 136, radius: 0.6397, PSR: 0.0001444806269006938 y: 136
prediction: 92, radius: 0.3171, PSR: 4.4165181676935026e-05 y: 92
prediction: 128, radius: 0.4245, PSR: 7.367385897496982e-05 y: 128
prediction: 238, radius: 0.1834, PSR: 1.113383890042312e-05 y: 238
prediction: 224, radius: 0.0830, PSR: 2.269020019687534e-06 y: 224
prediction: 194, radius: 0.1991, PSR: 1.3860203785412398e-05 y: 194
prediction: 73, radius: 0.0535, PSR: 1.0409508278925918e-06 y: 73
prediction: 169, radius: 0.4620, PSR: 6.149078473009575e-05 y: 169
prediction: 273, radius: 0.0121, PSR: 3.695317792317339e-08 y: 270
prediction: 171, radius: 0.2041, PSR: 1.3100122491229101e-05 y: 171
prediction: 260, radius: 0.3282, PSR: 3.9529916478873464e-05 y: 263
prediction: 137, radius: 0.4330, PSR: 7.473094693355864e-05 y: 137
prediction: 193, radius: 0.2407, PSR: 2.0352393682161497e-05 y: 193
prediction: 233, radius: 0.2548, PSR: 2.1682836001543355e-05 y: 233
prediction: 201, radius: 0.2811, PSR: 1.888495083930278e-05 y: 201
prediction: 151, radius: 0.6397, PSR: 0.00014811791885694457 y: 151
[91mprediction: -1, radius: 0.0000, PSR: 0.0 y: 99[0m
prediction: 189, radius: 0.0926, PSR: 2.211818350447111e-06 y: 189
prediction: 81, radius: 0.3333, PSR: 5.0479189565948465e-05 y: 81
prediction: 168, radius: 0.1186, PSR: 3.6853303630827583e-06 y: 168
prediction: 11, radius: 0.0885, PSR: 1.7588341021739628e-06 y: 26
Average radius for psr_0.5_std_1: 0.3468703452843819
---------------------------------------------------------------------------------------------------------
prediction: 67, radius: 0.0131, PSR: 6.626601827585762e-08 y: 90
prediction: 174, radius: 0.1945, PSR: 1.3264549062911557e-05 y: 174
prediction: 5, radius: 0.1331, PSR: 4.5603291903609415e-06 y: 5
prediction: 27, radius: 0.6397, PSR: 0.00010863212707960167 y: 27
prediction: 67, radius: 0.2040, PSR: 1.5922076244016784e-05 y: 89
prediction: 20, radius: 0.6397, PSR: 0.00010434183875956493 y: 39
prediction: 131, radius: 0.2674, PSR: 2.3854446068954173e-05 y: 131
prediction: 73, radius: 0.0790, PSR: 2.1701095894084775e-06 y: 73
prediction: 119, radius: 0.1509, PSR: 9.486433590518704e-06 y: 119
prediction: 227, radius: 0.0285, PSR: 3.503666170531248e-07 y: 227
prediction: 33, radius: 0.2810, PSR: 2.179299873635601e-05 y: 15
prediction: 87, radius: 0.2545, PSR: 2.2224332932553528e-05 y: 87
[91mprediction: -1, radius: 0.0000, PSR: 0.0 y: 223[0m
prediction: 59, radius: 0.3644, PSR: 5.241294377005983e-05 y: 59
prediction: 255, radius: 0.3812, PSR: 7.490459007900715e-05 y: 255
prediction: 20, radius: 0.6397, PSR: 9.83338031421985e-05 y: 39
prediction: 91, radius: 0.6397, PSR: 0.00023306779629022755 y: 91
[91mprediction: -1, radius: 0.0000, PSR: 0.0 y: 36[0m
prediction: 72, radius: 0.1710, PSR: 1.2884016809888453e-05 y: 72
prediction: 47, radius: 0.1274, PSR: 7.248020879022067e-06 y: 47
prediction: 117, radius: 0.5944, PSR: 9.661279073121575e-05 y: 117
prediction: 164, radius: 0.2197, PSR: 1.6190196260366753e-05 y: 164
prediction: 163, radius: 0.3068, PSR: 2.9360767275246702e-05 y: 163
prediction: 102, radius: 0.3930, PSR: 6.943769272073955e-05 y: 102
prediction: 203, radius: 0.0462, PSR: 6.226696006470342e-07 y: 166
[91mprediction: -1, radius: 0.0000, PSR: 0.0 y: 252[0m
prediction: 34, radius: 0.0662, PSR: 9.975090196927474e-07 y: 34
prediction: 190, radius: 0.1689, PSR: 7.044372545099782e-06 y: 201
prediction: 132, radius: 0.2575, PSR: 1.9105871081282603e-05 y: 132
prediction: 251, radius: 0.2085, PSR: 1.3057466003213301e-05 y: 251
prediction: 68, radius: 0.5363, PSR: 0.00010518456238831897 y: 68
prediction: 173, radius: 0.0696, PSR: 1.5091093531094172e-06 y: 155
prediction: 238, radius: 0.2581, PSR: 2.701342478633425e-05 y: 238
prediction: 230, radius: 0.3957, PSR: 5.3554610254251445e-05 y: 230
prediction: 92, radius: 0.2625, PSR: 3.061757974261435e-05 y: 92
prediction: 179, radius: 0.6397, PSR: 0.00018588610981091285 y: 179
[91mprediction: -1, radius: 0.0000, PSR: 0.0 y: 131[0m
prediction: 253, radius: 0.6397, PSR: 0.00011496069934203321 y: 253
prediction: 182, radius: 0.2720, PSR: 2.9258669491852093e-05 y: 182
prediction: 167, radius: 0.6397, PSR: 0.00015363413344487599 y: 167
prediction: 10, radius: 0.2678, PSR: 2.312932661049655e-05 y: 32
[91mprediction: -1, radius: 0.0000, PSR: 0.0 y: 217[0m
prediction: 222, radius: 0.2710, PSR: 3.248506182670093e-05 y: 222
prediction: 91, radius: 0.6397, PSR: 0.00017581233479553184 y: 91
prediction: 62, radius: 0.4603, PSR: 7.634974690997511e-05 y: 62
prediction: 171, radius: 0.1948, PSR: 9.450581539733633e-06 y: 171
prediction: 69, radius: 0.3368, PSR: 2.818011614433329e-05 y: 69
prediction: 251, radius: 0.1340, PSR: 5.399689572514974e-06 y: 251
prediction: 194, radius: 0.1573, PSR: 8.202373006930047e-06 y: 196
prediction: 232, radius: 0.4432, PSR: 6.66336403788142e-05 y: 232
prediction: 150, radius: 0.2375, PSR: 2.104168804906308e-05 y: 150
prediction: 143, radius: 0.3878, PSR: 6.586050142838552e-05 y: 143
[91mprediction: -1, radius: 0.0000, PSR: 0.0 y: 270[0m
prediction: 220, radius: 0.0613, PSR: 1.0055624920874746e-06 y: 220
prediction: 258, radius: 0.6228, PSR: 0.00016827522662196627 y: 258
prediction: 274, radius: 0.0762, PSR: 2.397623743992138e-06 y: 274
prediction: 74, radius: 0.3390, PSR: 3.6796045259685395e-05 y: 74
prediction: 255, radius: 0.4001, PSR: 5.45738542245598e-05 y: 263
prediction: 167, radius: 0.6397, PSR: 0.00012647972605991722 y: 167
prediction: 155, radius: 0.0569, PSR: 1.1272470399231889e-06 y: 155
prediction: 64, radius: 0.1796, PSR: 1.0904102899991073e-05 y: 64
prediction: 137, radius: 0.5104, PSR: 0.00011905990001259559 y: 137
prediction: 81, radius: 0.1000, PSR: 4.2202719989736435e-06 y: 81
prediction: 177, radius: 0.4379, PSR: 6.347424971912507e-05 y: 177
prediction: 202, radius: 0.3559, PSR: 3.63175432127599e-05 y: 202
prediction: 264, radius: 0.0043, PSR: 7.68831149068697e-09 y: 264
prediction: 123, radius: 0.1465, PSR: 8.701452871641828e-06 y: 123
prediction: 100, radius: 0.4587, PSR: 6.453615475427291e-05 y: 100
prediction: 44, radius: 0.5769, PSR: 0.0001236891953316733 y: 44
prediction: 62, radius: 0.3785, PSR: 5.638624807141122e-05 y: 62
prediction: 196, radius: 0.0709, PSR: 1.588403083075661e-06 y: 196
prediction: 214, radius: 0.3359, PSR: 2.937430537312869e-05 y: 214
prediction: 4, radius: 0.2343, PSR: 1.280687934291924e-05 y: 4
prediction: 25, radius: 0.3607, PSR: 4.284447607232654e-05 y: 32
prediction: 12, radius: 0.1587, PSR: 6.04673830650701e-06 y: 12
prediction: 264, radius: 0.4278, PSR: 7.890030461155522e-05 y: 264
prediction: 189, radius: 0.3070, PSR: 3.869103025634445e-05 y: 189
prediction: 170, radius: 0.0249, PSR: 1.7147044146340958e-07 y: 170
prediction: 236, radius: 0.0146, PSR: 5.9180668299588287e-08 y: 236
[91mprediction: -1, radius: 0.0000, PSR: 0.0 y: 13[0m
prediction: 195, radius: 0.5469, PSR: 9.967103919802852e-05 y: 195
prediction: 139, radius: 0.1010, PSR: 4.785972582139226e-06 y: 139
prediction: 132, radius: 0.2127, PSR: 1.3832010798556172e-05 y: 132
[91mprediction: -1, radius: 0.0000, PSR: 0.0 y: 211[0m
[91mprediction: -1, radius: 0.0000, PSR: 0.0 y: 53[0m
[91mprediction: -1, radius: 0.0000, PSR: 0.0 y: 224[0m
prediction: 56, radius: 0.3054, PSR: 4.544654565170557e-05 y: 56
prediction: 72, radius: 0.2339, PSR: 2.1375330058459162e-05 y: 72
prediction: 81, radius: 0.0920, PSR: 3.5088730106277807e-06 y: 81
prediction: 170, radius: 0.0878, PSR: 2.444229516127096e-06 y: 170
prediction: 156, radius: 0.4930, PSR: 8.249092868273002e-05 y: 156
prediction: 16, radius: 0.2646, PSR: 1.6915643293434827e-05 y: 11
prediction: 197, radius: 0.1408, PSR: 7.666920537531493e-06 y: 197
prediction: 262, radius: 0.1485, PSR: 8.744855312241324e-06 y: 262
prediction: 135, radius: 0.5339, PSR: 0.00011448019025219359 y: 135
prediction: 231, radius: 0.0330, PSR: 3.802449480591449e-07 y: 231
prediction: 3, radius: 0.6397, PSR: 9.36442872155063e-05 y: 3
[91mprediction: -1, radius: 0.0000, PSR: 0.0 y: 89[0m
prediction: 110, radius: 0.6397, PSR: 0.00010834803283092567 y: 110
prediction: 25, radius: 0.5499, PSR: 9.135803757529817e-05 y: 25
prediction: 74, radius: 0.0663, PSR: 1.8758629784147735e-06 y: 74
prediction: 70, radius: 0.1253, PSR: 4.635859397414244e-06 y: 70
[91mprediction: -1, radius: 0.0000, PSR: 0.0 y: 194[0m
prediction: 167, radius: 0.6397, PSR: 0.00010829615151690081 y: 167
prediction: 79, radius: 0.1658, PSR: 1.0895101560207569e-05 y: 79
[91mprediction: -1, radius: 0.0000, PSR: 0.0 y: 65[0m
[91mprediction: -1, radius: 0.0000, PSR: 0.0 y: 231[0m
prediction: 230, radius: 0.2062, PSR: 1.0770470881836998e-05 y: 230
prediction: 208, radius: 0.3468, PSR: 4.423752976467349e-05 y: 208
[91mprediction: -1, radius: 0.0000, PSR: 0.0 y: 254[0m
prediction: 206, radius: 0.2400, PSR: 2.0235619861601638e-05 y: 206
prediction: 139, radius: 0.0631, PSR: 1.410698452536317e-06 y: 139
prediction: 180, radius: 0.2460, PSR: 1.5247365909474212e-05 y: 180
prediction: 58, radius: 0.1390, PSR: 9.644618652295492e-06 y: 58
prediction: 84, radius: 0.3222, PSR: 4.195119829036526e-05 y: 84
prediction: 113, radius: 0.2860, PSR: 2.8182387598320642e-05 y: 113
prediction: 67, radius: 0.0371, PSR: 5.925630118465566e-07 y: 99
[91mprediction: -1, radius: 0.0000, PSR: 0.0 y: 89[0m
prediction: 193, radius: 0.0002, PSR: 1.0815529974539582e-11 y: 171
[91mprediction: -1, radius: 0.0000, PSR: 0.0 y: 74[0m
prediction: 16, radius: 0.1848, PSR: 8.187548154904154e-06 y: 18
prediction: 170, radius: 0.2695, PSR: 2.1772378723897218e-05 y: 170
prediction: 115, radius: 0.5769, PSR: 9.412108183753264e-05 y: 115
prediction: 117, radius: 0.4637, PSR: 8.997955606842675e-05 y: 117
prediction: 115, radius: 0.5230, PSR: 0.00012081019570581763 y: 115
prediction: 53, radius: 0.1971, PSR: 1.2947285257347989e-05 y: 53
prediction: 132, radius: 0.2651, PSR: 2.1621484062664103e-05 y: 132
prediction: 65, radius: 0.0419, PSR: 6.743610144773363e-07 y: 67
prediction: 32, radius: 0.0544, PSR: 8.673149624426611e-07 y: 10
prediction: 82, radius: 0.6397, PSR: 0.00010929368156235557 y: 82
prediction: 205, radius: 0.2664, PSR: 3.125027643495841e-05 y: 205
prediction: 229, radius: 0.2396, PSR: 2.1454022553595735e-05 y: 229
prediction: 51, radius: 0.1772, PSR: 1.6683847337606794e-05 y: 51
prediction: 139, radius: 0.0437, PSR: 9.029477280959752e-07 y: 139
prediction: 247, radius: 0.0163, PSR: 6.237680065544898e-08 y: 247
[91mprediction: -1, radius: 0.0000, PSR: 0.0 y: 209[0m
prediction: 178, radius: 0.5363, PSR: 8.575054764817395e-05 y: 178
prediction: 23, radius: 0.2990, PSR: 2.0331746526608816e-05 y: 23
prediction: 155, radius: 0.1702, PSR: 1.0322622256100962e-05 y: 179
prediction: 275, radius: 0.0358, PSR: 5.525512747568599e-07 y: 275
[91mprediction: -1, radius: 0.0000, PSR: 0.0 y: 26[0m
prediction: 132, radius: 0.1617, PSR: 9.493713512847305e-06 y: 132
prediction: 233, radius: 0.4628, PSR: 5.459704322253954e-05 y: 233
prediction: 33, radius: 0.1718, PSR: 8.311067600305367e-06 y: 15
prediction: 10, radius: 0.3540, PSR: 3.8768503102399414e-05 y: 32
prediction: 64, radius: 0.1534, PSR: 8.20495589691121e-06 y: 64
prediction: 195, radius: 0.1458, PSR: 8.488137861383924e-06 y: 195
prediction: 110, radius: 0.5251, PSR: 0.00011323449024009369 y: 110
prediction: 165, radius: 0.4361, PSR: 4.9824058415933944e-05 y: 165
prediction: 42, radius: 0.5531, PSR: 9.395570810533694e-05 y: 42
prediction: 217, radius: 0.3214, PSR: 2.878616300159212e-05 y: 217
prediction: 252, radius: 0.0726, PSR: 1.738460340168593e-06 y: 252
prediction: 21, radius: 0.4001, PSR: 3.65680520393229e-05 y: 21
prediction: 268, radius: 0.6397, PSR: 0.00017636450666485304 y: 268
[91mprediction: -1, radius: 0.0000, PSR: 0.0 y: 123[0m
prediction: 83, radius: 0.3624, PSR: 5.047932137608209e-05 y: 83
prediction: 55, radius: 0.4834, PSR: 0.0001220717093744553 y: 55
prediction: 182, radius: 0.0581, PSR: 1.0108601392270102e-06 y: 239
prediction: 162, radius: 0.4759, PSR: 7.947886093787663e-05 y: 162
prediction: 195, radius: 0.0471, PSR: 6.862068730661937e-07 y: 230
prediction: 186, radius: 0.6228, PSR: 0.00012442040316657486 y: 186
prediction: 169, radius: 0.4014, PSR: 4.0518562421093076e-05 y: 169
prediction: 235, radius: 0.6397, PSR: 0.0001033024363027062 y: 235
prediction: 194, radius: 0.0807, PSR: 2.117189952866188e-06 y: 187
prediction: 160, radius: 0.5251, PSR: 0.00010550842667995534 y: 160
prediction: 92, radius: 0.4405, PSR: 6.888871622382537e-05 y: 92
prediction: 57, radius: 0.2606, PSR: 2.9371122368173547e-05 y: 57
prediction: 23, radius: 0.2151, PSR: 1.0395309054756641e-05 y: 6
[91mprediction: -1, radius: 0.0000, PSR: 0.0 y: 180[0m
prediction: 176, radius: 0.4273, PSR: 6.261279166969074e-05 y: 176
prediction: 253, radius: 0.0449, PSR: 8.185378067195262e-07 y: 254
prediction: 173, radius: 0.6397, PSR: 0.00012258431041785303 y: 173
prediction: 58, radius: 0.4823, PSR: 8.806975414506615e-05 y: 58
[91mprediction: -1, radius: 0.0000, PSR: 0.0 y: 19[0m
prediction: 44, radius: 0.3500, PSR: 5.637936873998234e-05 y: 44
prediction: 58, radius: 0.0675, PSR: 2.071024956788616e-06 y: 58
prediction: 65, radius: 0.1691, PSR: 1.308869158053436e-05 y: 65
prediction: 112, radius: 0.5769, PSR: 0.0001154448713737353 y: 112
prediction: 193, radius: 0.4240, PSR: 5.704505619178733e-05 y: 193
prediction: 200, radius: 0.5072, PSR: 8.016353039320762e-05 y: 200
prediction: 194, radius: 0.1123, PSR: 4.842631013795129e-06 y: 194
prediction: 62, radius: 0.1197, PSR: 6.516640242263528e-06 y: 74
prediction: 136, radius: 0.3161, PSR: 3.4484614840577143e-05 y: 136
prediction: 117, radius: 0.4324, PSR: 8.382273243261134e-05 y: 117
prediction: 205, radius: 0.4570, PSR: 7.701157263967679e-05 y: 205
prediction: 222, radius: 0.4516, PSR: 8.093072931215085e-05 y: 222
prediction: 46, radius: 0.2442, PSR: 2.3044290696777083e-05 y: 46
prediction: 107, radius: 0.0193, PSR: 1.5725153101039238e-07 y: 107
prediction: 243, radius: 0.1543, PSR: 7.1303097259673774e-06 y: 243
[91mprediction: -1, radius: 0.0000, PSR: 0.0 y: 230[0m
prediction: 28, radius: 0.0927, PSR: 2.398385665538994e-06 y: 28
prediction: 104, radius: 0.6397, PSR: 9.548147717463593e-05 y: 104
prediction: 255, radius: 0.3874, PSR: 7.185387550582621e-05 y: 263
prediction: 230, radius: 0.2781, PSR: 1.8771385652477008e-05 y: 206
prediction: 260, radius: 0.4930, PSR: 7.835155676181376e-05 y: 263
prediction: 20, radius: 0.6397, PSR: 9.283638139160511e-05 y: 39
[91mprediction: -1, radius: 0.0000, PSR: 0.0 y: 36[0m
prediction: 88, radius: 0.3103, PSR: 3.545987883800101e-05 y: 88
prediction: 109, radius: 0.5363, PSR: 8.33580538053303e-05 y: 109
prediction: 267, radius: 0.1047, PSR: 3.1848607590352e-06 y: 259
prediction: 185, radius: 0.0056, PSR: 1.2187266587704977e-08 y: 185
prediction: 153, radius: 0.6397, PSR: 0.00015083722199929727 y: 153
prediction: 193, radius: 0.3453, PSR: 3.0470925494476698e-05 y: 193
[91mprediction: -1, radius: 0.0000, PSR: 0.0 y: 95[0m
prediction: 150, radius: 0.3368, PSR: 4.406464572604914e-05 y: 150
prediction: 146, radius: 0.5388, PSR: 6.909497708981547e-05 y: 146
[91mprediction: -1, radius: 0.0000, PSR: 0.0 y: 103[0m
prediction: 50, radius: 0.3117, PSR: 4.184595667456578e-05 y: 50
prediction: 268, radius: 0.6397, PSR: 0.00018576755826938389 y: 268
prediction: 16, radius: 0.1471, PSR: 5.8871120393491555e-06 y: 18
prediction: 112, radius: 0.3749, PSR: 5.8270907284717925e-05 y: 112
prediction: 244, radius: 0.4330, PSR: 4.846067411401504e-05 y: 244
prediction: 157, radius: 0.1189, PSR: 4.328562392033655e-06 y: 204
prediction: 265, radius: 0.0788, PSR: 2.5024824742488366e-06 y: 265
prediction: 119, radius: 0.3096, PSR: 3.585414516544299e-05 y: 119
prediction: 217, radius: 0.4386, PSR: 6.759736608287426e-05 y: 217
prediction: 121, radius: 0.5230, PSR: 7.012232425861802e-05 y: 121
prediction: 218, radius: 0.2041, PSR: 1.8243393013447146e-05 y: 218
prediction: 241, radius: 0.2022, PSR: 1.0820251441731714e-05 y: 241
prediction: 271, radius: 0.3205, PSR: 4.325612984737075e-05 y: 271
prediction: 146, radius: 0.5637, PSR: 0.0001244030785325172 y: 146
prediction: 175, radius: 0.3822, PSR: 4.84121694170542e-05 y: 175
[91mprediction: -1, radius: 0.0000, PSR: 0.0 y: 21[0m
prediction: 273, radius: 0.5339, PSR: 9.851383372475186e-05 y: 273
prediction: 198, radius: 0.1956, PSR: 1.3246758413587787e-05 y: 198
prediction: 194, radius: 0.0920, PSR: 1.9803487420678316e-06 y: 249
prediction: 18, radius: 0.1458, PSR: 4.912808537419976e-06 y: 33
prediction: 59, radius: 0.5120, PSR: 9.358488499786739e-05 y: 59
prediction: 249, radius: 0.4092, PSR: 5.779892219733588e-05 y: 249
prediction: 231, radius: 0.1365, PSR: 6.362860536882155e-06 y: 231
prediction: 241, radius: 0.2084, PSR: 1.6518763225835583e-05 y: 241
prediction: 173, radius: 0.4392, PSR: 7.498238833273608e-05 y: 173
prediction: 67, radius: 0.3915, PSR: 6.080515649152827e-05 y: 67
prediction: 171, radius: 0.0989, PSR: 2.9456180270363734e-06 y: 172
prediction: 64, radius: 0.0514, PSR: 8.51173787001691e-07 y: 64
prediction: 173, radius: 0.2060, PSR: 1.4745336584270585e-05 y: 173
prediction: 133, radius: 0.0153, PSR: 8.814421296978112e-08 y: 133
prediction: 62, radius: 0.1269, PSR: 7.439287012139333e-06 y: 62
prediction: 177, radius: 0.0345, PSR: 3.629062692317691e-07 y: 177
prediction: 61, radius: 0.2277, PSR: 2.526724346807726e-05 y: 61
prediction: 228, radius: 0.3730, PSR: 5.1290025511871036e-05 y: 228
prediction: 87, radius: 0.3316, PSR: 3.185562542304242e-05 y: 87
prediction: 141, radius: 0.3216, PSR: 3.5823883692445024e-05 y: 141
prediction: 143, radius: 0.6397, PSR: 0.00012282193166057937 y: 143
prediction: 173, radius: 0.6228, PSR: 0.00012777360801387143 y: 173
prediction: 165, radius: 0.3350, PSR: 3.8721764345145185e-05 y: 165
prediction: 24, radius: 0.3003, PSR: 2.3089688507611796e-05 y: 24
prediction: 81, radius: 0.1582, PSR: 1.133678881657391e-05 y: 81
prediction: 151, radius: 0.6397, PSR: 0.00015020646199986589 y: 151
prediction: 4, radius: 0.2029, PSR: 9.56620219714687e-06 y: 4
[91mprediction: -1, radius: 0.0000, PSR: 0.0 y: 21[0m
prediction: 41, radius: 0.3900, PSR: 5.406871874208262e-05 y: 41
prediction: 254, radius: 0.1396, PSR: 9.301429803981224e-06 y: 254
prediction: 33, radius: 0.2041, PSR: 1.0496779941385994e-05 y: 19
prediction: 98, radius: 0.1620, PSR: 1.2721913486857279e-05 y: 98
prediction: 142, radius: 0.4425, PSR: 6.921298216415713e-05 y: 142
[91mprediction: -1, radius: 0.0000, PSR: 0.0 y: 192[0m
prediction: 68, radius: 0.3599, PSR: 3.939790557443635e-05 y: 270
prediction: 66, radius: 0.1276, PSR: 6.222681537929945e-06 y: 66
prediction: 183, radius: 0.3480, PSR: 4.460378298941637e-05 y: 183
prediction: 127, radius: 0.2187, PSR: 1.3602927946160172e-05 y: 127
prediction: 0, radius: 0.2502, PSR: 1.794443100263533e-05 y: 0
prediction: 48, radius: 0.4229, PSR: 7.836556842621061e-05 y: 48
prediction: 18, radius: 0.3977, PSR: 3.626468105861844e-05 y: 37
prediction: 186, radius: 0.6228, PSR: 9.88908833487198e-05 y: 186
prediction: 179, radius: 0.4319, PSR: 6.352895031649622e-05 y: 179
prediction: 197, radius: 0.0431, PSR: 5.909547621862397e-07 y: 215
prediction: 195, radius: 0.4373, PSR: 4.426738313741641e-05 y: 195
prediction: 154, radius: 0.5678, PSR: 8.047003228915762e-05 y: 154
[91mprediction: -1, radius: 0.0000, PSR: 0.0 y: 187[0m
prediction: 141, radius: 0.0289, PSR: 3.0210444741019405e-07 y: 141
prediction: 157, radius: 0.3107, PSR: 3.623114736301927e-05 y: 157
prediction: 8, radius: 0.3460, PSR: 2.871590534250942e-05 y: 8
prediction: 138, radius: 0.3644, PSR: 3.531631260379771e-05 y: 138
prediction: 209, radius: 0.0506, PSR: 6.991263789654649e-07 y: 209
prediction: 222, radius: 0.3366, PSR: 4.1815379867079346e-05 y: 222
prediction: 25, radius: 0.1917, PSR: 1.0992954648392058e-05 y: 25
prediction: 125, radius: 0.1222, PSR: 6.058217012648417e-06 y: 125
prediction: 115, radius: 0.5564, PSR: 9.589710459636967e-05 y: 115
prediction: 135, radius: 0.5271, PSR: 0.00010347936090018244 y: 135
prediction: 237, radius: 0.1763, PSR: 1.0021879703582216e-05 y: 237
prediction: 194, radius: 0.1209, PSR: 3.721552780569276e-06 y: 187
prediction: 138, radius: 0.4646, PSR: 6.867137045073299e-05 y: 138
prediction: 206, radius: 0.2130, PSR: 1.580019380416582e-05 y: 206
prediction: 164, radius: 0.4700, PSR: 5.9108366900582436e-05 y: 164
prediction: 214, radius: 0.1409, PSR: 5.634238346801641e-06 y: 214
prediction: 121, radius: 0.2056, PSR: 1.5389666975595753e-05 y: 121
[91mprediction: -1, radius: 0.0000, PSR: 0.0 y: 16[0m
prediction: 56, radius: 0.1490, PSR: 8.231024195714925e-06 y: 56
prediction: 132, radius: 0.1195, PSR: 5.718803173553117e-06 y: 132
prediction: 260, radius: 0.1491, PSR: 1.0779157906363276e-05 y: 260
prediction: 38, radius: 0.0035, PSR: 2.667866374038504e-09 y: 38
prediction: 122, radius: 0.6397, PSR: 0.00010800018290894806 y: 122
prediction: 184, radius: 0.6397, PSR: 0.00015396952791063277 y: 184
prediction: 157, radius: 0.5138, PSR: 8.126758347603179e-05 y: 157
prediction: 41, radius: 0.5600, PSR: 0.00010871712768607411 y: 41
prediction: 89, radius: 0.0069, PSR: 1.8239020561637413e-08 y: 89
prediction: 226, radius: 0.6397, PSR: 0.00012824588089313776 y: 226
prediction: 179, radius: 0.5499, PSR: 0.00010369259612336975 y: 179
[91mprediction: -1, radius: 0.0000, PSR: 0.0 y: 254[0m
prediction: 2, radius: 0.6397, PSR: 0.00013513416682427984 y: 2
[91mprediction: -1, radius: 0.0000, PSR: 0.0 y: 215[0m
prediction: 201, radius: 0.5821, PSR: 9.185219630476464e-05 y: 201
prediction: 230, radius: 0.5230, PSR: 0.00010073988123547934 y: 230
prediction: 264, radius: 0.2767, PSR: 3.5698392850648967e-05 y: 272
prediction: 67, radius: 0.1582, PSR: 1.1774950600462281e-05 y: 65
prediction: 76, radius: 0.6397, PSR: 0.0001585861859770654 y: 76
prediction: 222, radius: 0.0913, PSR: 2.453069060746116e-06 y: 222
prediction: 187, radius: 0.2240, PSR: 1.381769544076945e-05 y: 187
prediction: 261, radius: 0.3775, PSR: 6.681475529623283e-05 y: 261
prediction: 134, radius: 0.3949, PSR: 5.076305654009946e-05 y: 134
prediction: 117, radius: 0.5315, PSR: 8.236390675104468e-05 y: 117
prediction: 87, radius: 0.3775, PSR: 4.360506056838356e-05 y: 87
prediction: 204, radius: 0.0478, PSR: 6.301060955097191e-07 y: 204
prediction: 11, radius: 0.2830, PSR: 1.8939916144967448e-05 y: 17
prediction: 154, radius: 0.5173, PSR: 0.00010634898538484661 y: 154
prediction: 58, radius: 0.0931, PSR: 2.9494165010154144e-06 y: 58
prediction: 102, radius: 0.0991, PSR: 3.92516643410887e-06 y: 102
prediction: 228, radius: 0.4823, PSR: 7.760610483191434e-05 y: 228
prediction: 117, radius: 0.5678, PSR: 8.819407491708846e-05 y: 117
prediction: 224, radius: 0.2501, PSR: 2.3345625548431262e-05 y: 224
prediction: 110, radius: 0.0950, PSR: 2.9215529294719154e-06 y: 94
prediction: 191, radius: 0.5388, PSR: 0.00010183268417209857 y: 191
prediction: 199, radius: 0.2765, PSR: 2.3424830928185336e-05 y: 199
prediction: 172, radius: 0.1892, PSR: 1.4685609822199993e-05 y: 172
prediction: 61, radius: 0.2355, PSR: 1.9722598130405328e-05 y: 61
prediction: 129, radius: 0.4120, PSR: 6.112888283987681e-05 y: 129
prediction: 207, radius: 0.4262, PSR: 6.457434173905255e-05 y: 207
prediction: 191, radius: 0.2950, PSR: 4.081673625048994e-05 y: 242
prediction: 182, radius: 0.0335, PSR: 3.7286656088215617e-07 y: 243
prediction: 25, radius: 0.6112, PSR: 0.00011312930026137499 y: 32
prediction: 49, radius: 0.3953, PSR: 5.546231914253362e-05 y: 49
prediction: 105, radius: 0.2365, PSR: 2.051130060830657e-05 y: 105
prediction: 63, radius: 0.4943, PSR: 8.048247265180412e-05 y: 63
prediction: 108, radius: 0.6397, PSR: 0.00015731301760752608 y: 108
prediction: 147, radius: 0.6228, PSR: 0.0001501559459041097 y: 147
prediction: 46, radius: 0.6112, PSR: 0.00010813769340895149 y: 46
[91mprediction: -1, radius: 0.0000, PSR: 0.0 y: 8[0m
prediction: 122, radius: 0.6228, PSR: 0.00012919652239500251 y: 122
prediction: 22, radius: 0.6397, PSR: 0.00011007312366021335 y: 22
prediction: 123, radius: 0.2368, PSR: 2.3068757294462375e-05 y: 123
[91mprediction: -1, radius: 0.0000, PSR: 0.0 y: 204[0m
prediction: 167, radius: 0.6397, PSR: 0.00011890165256561737 y: 167
[91mprediction: -1, radius: 0.0000, PSR: 0.0 y: 36[0m
prediction: 240, radius: 0.0126, PSR: 4.2675831969645235e-08 y: 240
prediction: 192, radius: 0.0613, PSR: 1.2920902080274806e-06 y: 215
prediction: 156, radius: 0.5678, PSR: 9.922801435861488e-05 y: 156
prediction: 57, radius: 0.0304, PSR: 3.777747163769295e-07 y: 57
prediction: 110, radius: 0.6397, PSR: 0.00010917870823635019 y: 110
prediction: 229, radius: 0.6397, PSR: 0.0001083807445134566 y: 229
prediction: 40, radius: 0.5678, PSR: 9.376620152909626e-05 y: 40
prediction: 9, radius: 0.1728, PSR: 6.785145843740884e-06 y: 30
prediction: 68, radius: 0.0750, PSR: 2.664372802638258e-06 y: 68
prediction: 109, radius: 0.4173, PSR: 5.4903523321349084e-05 y: 109
prediction: 42, radius: 0.4595, PSR: 6.977748756326477e-05 y: 42
prediction: 93, radius: 0.1205, PSR: 4.003643537660242e-06 y: 93
prediction: 251, radius: 0.5363, PSR: 7.692491438434017e-05 y: 251
prediction: 271, radius: 0.2995, PSR: 3.606841504419973e-05 y: 271
prediction: 80, radius: 0.6397, PSR: 0.00014181771297990203 y: 80
prediction: 246, radius: 0.2481, PSR: 1.928100630182352e-05 y: 246
[91mprediction: -1, radius: 0.0000, PSR: 0.0 y: 133[0m
prediction: 226, radius: 0.5155, PSR: 8.77446858838867e-05 y: 226
prediction: 266, radius: 0.6112, PSR: 0.0001395050942196352 y: 266
prediction: 115, radius: 0.6397, PSR: 0.00015135690335548873 y: 115
prediction: 219, radius: 0.3679, PSR: 3.803644094803844e-05 y: 219
prediction: 33, radius: 0.0171, PSR: 6.747092555469329e-08 y: 33
prediction: 147, radius: 0.2556, PSR: 2.387261344581089e-05 y: 147
prediction: 106, radius: 0.6397, PSR: 0.0002320099921113353 y: 106
prediction: 44, radius: 0.5637, PSR: 0.00010286004375450307 y: 44
prediction: 105, radius: 0.0995, PSR: 3.3460518264836685e-06 y: 105
prediction: 145, radius: 0.4148, PSR: 5.94800401844664e-05 y: 145
prediction: 80, radius: 0.6397, PSR: 0.00011745232218662174 y: 80
[91mprediction: -1, radius: 0.0000, PSR: 0.0 y: 111[0m
prediction: 252, radius: 0.2683, PSR: 2.3394407185738557e-05 y: 252
prediction: 56, radius: 0.1384, PSR: 8.327478105127517e-06 y: 56
prediction: 269, radius: 0.1116, PSR: 4.455002199850133e-06 y: 269
prediction: 218, radius: 0.0918, PSR: 3.1093952736355482e-06 y: 218
[91mprediction: -1, radius: 0.0000, PSR: 0.0 y: 8[0m
[91mprediction: -1, radius: 0.0000, PSR: 0.0 y: 215[0m
prediction: 237, radius: 0.1805, PSR: 1.2037647011795964e-05 y: 237
prediction: 257, radius: 0.0857, PSR: 3.0904371875240487e-06 y: 257
prediction: 214, radius: 0.1588, PSR: 8.543908261087215e-06 y: 214
prediction: 257, radius: 0.3316, PSR: 3.8656722259059835e-05 y: 257
prediction: 105, radius: 0.1856, PSR: 1.2543360294618842e-05 y: 105
prediction: 55, radius: 0.3148, PSR: 4.699554353056499e-05 y: 55
prediction: 231, radius: 0.0704, PSR: 1.6394628173038538e-06 y: 231
prediction: 141, radius: 0.3632, PSR: 3.3174824990102184e-05 y: 141
prediction: 78, radius: 0.2923, PSR: 4.052631316085497e-05 y: 78
prediction: 131, radius: 0.0440, PSR: 9.618820074859976e-07 y: 131
prediction: 67, radius: 0.0487, PSR: 9.655353023237341e-07 y: 89
prediction: 72, radius: 0.0398, PSR: 7.235043992228805e-07 y: 72
prediction: 156, radius: 0.2293, PSR: 2.1111152425772472e-05 y: 156
prediction: 232, radius: 0.4620, PSR: 7.781619515069041e-05 y: 232
prediction: 100, radius: 0.0895, PSR: 3.593162248648138e-06 y: 100
prediction: 176, radius: 0.4509, PSR: 6.240072605056028e-05 y: 176
prediction: 216, radius: 0.2117, PSR: 1.8345316155729768e-05 y: 216
prediction: 21, radius: 0.0007, PSR: 9.91558821484719e-11 y: 21
prediction: 64, radius: 0.2603, PSR: 2.1166454779026463e-05 y: 64
prediction: 47, radius: 0.2175, PSR: 2.217414817054136e-05 y: 47
prediction: 204, radius: 0.0520, PSR: 9.347468382848633e-07 y: 204
prediction: 190, radius: 0.4026, PSR: 4.1884700834083686e-05 y: 190
prediction: 56, radius: 0.0362, PSR: 6.300979087782744e-07 y: 56
[91mprediction: -1, radius: 0.0000, PSR: 0.0 y: 111[0m
prediction: 165, radius: 0.3718, PSR: 4.832262458591448e-05 y: 165
prediction: 5, radius: 0.3709, PSR: 3.130077402602234e-05 y: 29
prediction: 48, radius: 0.5637, PSR: 0.00011966596901923128 y: 48
prediction: 257, radius: 0.6397, PSR: 0.00010430083734673057 y: 257
[91mprediction: -1, radius: 0.0000, PSR: 0.0 y: 64[0m
prediction: 18, radius: 0.2729, PSR: 2.153901986995068e-05 y: 15
[91mprediction: -1, radius: 0.0000, PSR: 0.0 y: 47[0m
[91mprediction: -1, radius: 0.0000, PSR: 0.0 y: 209[0m
[91mprediction: -1, radius: 0.0000, PSR: 0.0 y: 214[0m
prediction: 271, radius: 0.4097, PSR: 7.309871275842934e-05 y: 271
prediction: 16, radius: 0.2535, PSR: 1.7126910217537262e-05 y: 15
[91mprediction: -1, radius: 0.0000, PSR: 0.0 y: 73[0m
prediction: 67, radius: 0.2538, PSR: 2.2647011519666546e-05 y: 103
prediction: 51, radius: 0.2678, PSR: 3.1777798850477526e-05 y: 51
prediction: 170, radius: 0.0527, PSR: 9.759619462793511e-07 y: 170
prediction: 60, radius: 0.1404, PSR: 8.508736305446886e-06 y: 60
prediction: 235, radius: 0.2840, PSR: 2.212487241901387e-05 y: 235
prediction: 238, radius: 0.4178, PSR: 6.468814328682124e-05 y: 238
prediction: 136, radius: 0.6397, PSR: 0.0001444723636307712 y: 136
prediction: 92, radius: 0.3154, PSR: 4.369800965482555e-05 y: 92
prediction: 128, radius: 0.4224, PSR: 7.293199506466171e-05 y: 128
prediction: 238, radius: 0.1312, PSR: 5.696849922273314e-06 y: 238
prediction: 224, radius: 0.0343, PSR: 3.8703134870606254e-07 y: 224
prediction: 194, radius: 0.1519, PSR: 8.063615238113158e-06 y: 194
[91mprediction: -1, radius: 0.0000, PSR: 0.0 y: 73[0m
prediction: 169, radius: 0.4290, PSR: 5.3012759726894784e-05 y: 169
prediction: 273, radius: 0.0487, PSR: 6.037232588995038e-07 y: 270
prediction: 171, radius: 0.1771, PSR: 9.86810528609782e-06 y: 171
prediction: 260, radius: 0.3856, PSR: 5.456350201872327e-05 y: 263
prediction: 137, radius: 0.4342, PSR: 7.514125955794567e-05 y: 137
prediction: 193, radius: 0.1865, PSR: 1.2218974920036857e-05 y: 193
prediction: 233, radius: 0.1716, PSR: 9.8389680254241e-06 y: 233
prediction: 201, radius: 0.2194, PSR: 1.1497802599991386e-05 y: 201
prediction: 151, radius: 0.6112, PSR: 0.00013517998618605055 y: 151
[91mprediction: -1, radius: 0.0000, PSR: 0.0 y: 99[0m
prediction: 189, radius: 0.0133, PSR: 4.566326459602067e-08 y: 189
prediction: 81, radius: 0.2887, PSR: 3.787390696627619e-05 y: 81
prediction: 168, radius: 0.0322, PSR: 2.72478947231505e-07 y: 168
prediction: 11, radius: 0.1231, PSR: 3.401747706121965e-06 y: 26
Average radius for psr_0.5_std_1: 0.3409901127186115
---------------------------------------------------------------------------------------------------------
prediction: 67, radius: 0.0144, PSR: 7.959945572955472e-08 y: 90
prediction: 174, radius: 0.1588, PSR: 8.849386006471625e-06 y: 174
prediction: 5, radius: 0.0589, PSR: 8.940331610017901e-07 y: 5
prediction: 27, radius: 0.6397, PSR: 0.00010862202055801061 y: 27
prediction: 67, radius: 0.2449, PSR: 2.294369104117037e-05 y: 89
prediction: 20, radius: 0.6397, PSR: 0.00010433534160769292 y: 39
prediction: 131, radius: 0.2360, PSR: 1.8570782067704312e-05 y: 131
prediction: 73, radius: 0.0352, PSR: 4.303168830384645e-07 y: 73
prediction: 119, radius: 0.1087, PSR: 4.924166248887267e-06 y: 119
[91mprediction: -1, radius: 0.0000, PSR: 0.0 y: 227[0m
prediction: 33, radius: 0.3091, PSR: 2.6365075510622534e-05 y: 15
prediction: 87, radius: 0.2258, PSR: 1.749415480777238e-05 y: 87
[91mprediction: -1, radius: 0.0000, PSR: 0.0 y: 223[0m
prediction: 59, radius: 0.3335, PSR: 4.390291506424899e-05 y: 59
prediction: 255, radius: 0.3650, PSR: 6.867146792084336e-05 y: 255
prediction: 20, radius: 0.6397, PSR: 9.832806137875924e-05 y: 39
prediction: 91, radius: 0.6397, PSR: 0.00023306001874358003 y: 91
prediction: 18, radius: 0.0174, PSR: 7.330958395469651e-08 y: 36
prediction: 72, radius: 0.1480, PSR: 9.645722092265893e-06 y: 72
prediction: 47, radius: 0.1054, PSR: 4.964065614506247e-06 y: 47
prediction: 117, radius: 0.5678, PSR: 8.813249641932393e-05 y: 117
prediction: 164, radius: 0.1501, PSR: 7.557613563593141e-06 y: 164
prediction: 163, radius: 0.2707, PSR: 2.2846125065253646e-05 y: 163
prediction: 102, radius: 0.3846, PSR: 6.64948663280761e-05 y: 102
prediction: 203, radius: 0.1039, PSR: 3.1505614401827887e-06 y: 166
prediction: 184, radius: 0.0589, PSR: 1.0331159463015007e-06 y: 252
[91mprediction: -1, radius: 0.0000, PSR: 0.0 y: 34[0m
prediction: 190, radius: 0.2414, PSR: 1.4386006446625612e-05 y: 201
prediction: 132, radius: 0.2254, PSR: 1.4643641168884851e-05 y: 132
prediction: 251, radius: 0.1579, PSR: 7.488120723543768e-06 y: 251
prediction: 68, radius: 0.5441, PSR: 0.00010827140270310001 y: 68
prediction: 173, radius: 0.1515, PSR: 7.157149870926468e-06 y: 155
prediction: 238, radius: 0.2392, PSR: 2.3204916131539178e-05 y: 238
prediction: 230, radius: 0.3591, PSR: 4.4096923655070396e-05 y: 230
prediction: 92, radius: 0.2478, PSR: 2.7273719517923735e-05 y: 92
prediction: 179, radius: 0.6020, PSR: 0.0001646248271474467 y: 179
[91mprediction: -1, radius: 0.0000, PSR: 0.0 y: 131[0m
prediction: 253, radius: 0.6397, PSR: 0.0001149522261084189 y: 253
prediction: 182, radius: 0.2461, PSR: 2.395093338453164e-05 y: 182
prediction: 167, radius: 0.6228, PSR: 0.00014560458964307777 y: 167
prediction: 10, radius: 0.3108, PSR: 3.1160860549309024e-05 y: 32
[91mprediction: -1, radius: 0.0000, PSR: 0.0 y: 217[0m
prediction: 222, radius: 0.2505, PSR: 2.7738810420474734e-05 y: 222
prediction: 91, radius: 0.6397, PSR: 0.0001758005121912944 y: 91
prediction: 62, radius: 0.4494, PSR: 7.278475294023817e-05 y: 62
prediction: 171, radius: 0.1435, PSR: 5.12442228721675e-06 y: 171
prediction: 69, radius: 0.3197, PSR: 2.5392591620843238e-05 y: 69
prediction: 251, radius: 0.0920, PSR: 2.541309011283245e-06 y: 251
prediction: 194, radius: 0.2302, PSR: 1.756616544030905e-05 y: 196
prediction: 232, radius: 0.4313, PSR: 6.310301738920231e-05 y: 232
prediction: 150, radius: 0.1965, PSR: 1.4395246235834057e-05 y: 150
prediction: 143, radius: 0.3507, PSR: 5.386424010503973e-05 y: 143
[91mprediction: -1, radius: 0.0000, PSR: 0.0 y: 270[0m
prediction: 220, radius: 0.0053, PSR: 7.425038039506526e-09 y: 220
prediction: 258, radius: 0.6228, PSR: 0.00016826647473224283 y: 258
prediction: 274, radius: 0.0538, PSR: 1.197229642715947e-06 y: 274
prediction: 74, radius: 0.3326, PSR: 3.5422596944686404e-05 y: 74
prediction: 255, radius: 0.4418, PSR: 6.65345046887089e-05 y: 263
prediction: 167, radius: 0.6397, PSR: 0.000126471201459105 y: 167
[91mprediction: -1, radius: 0.0000, PSR: 0.0 y: 155[0m
prediction: 64, radius: 0.1660, PSR: 9.316511579740227e-06 y: 64
prediction: 137, radius: 0.5072, PSR: 0.00011755733801438509 y: 137
prediction: 81, radius: 0.0613, PSR: 1.5863269151397076e-06 y: 81
prediction: 177, radius: 0.4148, PSR: 5.6948945320634825e-05 y: 177
prediction: 202, radius: 0.3174, PSR: 2.8894353838722115e-05 y: 202
[91mprediction: -1, radius: 0.0000, PSR: 0.0 y: 264[0m
prediction: 123, radius: 0.1122, PSR: 5.104192295833384e-06 y: 123
prediction: 100, radius: 0.4502, PSR: 6.216603491359057e-05 y: 100
prediction: 44, radius: 0.5769, PSR: 0.00012368144086254883 y: 44
prediction: 62, radius: 0.3650, PSR: 5.2424768095487324e-05 y: 62
prediction: 196, radius: 0.0091, PSR: 2.6067327349764275e-08 y: 196
prediction: 214, radius: 0.3105, PSR: 2.5096772994686707e-05 y: 214
prediction: 4, radius: 0.1583, PSR: 5.844904408570207e-06 y: 4
prediction: 25, radius: 0.4284, PSR: 6.04231622536431e-05 y: 32
prediction: 12, radius: 0.0984, PSR: 2.3258339519909543e-06 y: 12
prediction: 264, radius: 0.4251, PSR: 7.78814431242255e-05 y: 264
prediction: 189, radius: 0.2682, PSR: 2.9525171544340276e-05 y: 189
[91mprediction: -1, radius: 0.0000, PSR: 0.0 y: 170[0m
[91mprediction: -1, radius: 0.0000, PSR: 0.0 y: 236[0m
[91mprediction: -1, radius: 0.0000, PSR: 0.0 y: 13[0m
prediction: 195, radius: 0.5469, PSR: 9.966527266038846e-05 y: 195
prediction: 139, radius: 0.0773, PSR: 2.8022307735449325e-06 y: 139
prediction: 132, radius: 0.1799, PSR: 9.891525268332377e-06 y: 132
[91mprediction: -1, radius: 0.0000, PSR: 0.0 y: 211[0m
[91mprediction: -1, radius: 0.0000, PSR: 0.0 y: 53[0m
[91mprediction: -1, radius: 0.0000, PSR: 0.0 y: 224[0m
prediction: 56, radius: 0.2818, PSR: 3.869306816333033e-05 y: 56
prediction: 72, radius: 0.2208, PSR: 1.905044835914277e-05 y: 72
prediction: 81, radius: 0.0457, PSR: 8.658087599910129e-07 y: 81
prediction: 170, radius: 0.0394, PSR: 4.912480126767486e-07 y: 170
prediction: 156, radius: 0.4892, PSR: 8.123534786301452e-05 y: 156
prediction: 16, radius: 0.3207, PSR: 2.483862236164739e-05 y: 11
prediction: 197, radius: 0.1157, PSR: 5.178977526553861e-06 y: 197
prediction: 262, radius: 0.1226, PSR: 5.9603390870574495e-06 y: 262
prediction: 135, radius: 0.5251, PSR: 0.00011073469685137012 y: 135
[91mprediction: -1, radius: 0.0000, PSR: 0.0 y: 231[0m
prediction: 3, radius: 0.6397, PSR: 9.363692548350847e-05 y: 3
prediction: 130, radius: 0.0019, PSR: 1.4370736503021821e-09 y: 89
prediction: 110, radius: 0.6020, PSR: 9.595128286805526e-05 y: 110
prediction: 25, radius: 0.4857, PSR: 7.124764728260695e-05 y: 25
prediction: 74, radius: 0.0390, PSR: 6.49123505660306e-07 y: 74
prediction: 70, radius: 0.0966, PSR: 2.75354674078971e-06 y: 70
prediction: 195, radius: 0.0765, PSR: 1.7372273013003283e-06 y: 194
prediction: 167, radius: 0.6397, PSR: 0.00010828995267583306 y: 167
prediction: 79, radius: 0.1094, PSR: 4.743664247298743e-06 y: 79
[91mprediction: -1, radius: 0.0000, PSR: 0.0 y: 65[0m
prediction: 223, radius: 0.0466, PSR: 7.257677337924593e-07 y: 231
prediction: 230, radius: 0.1629, PSR: 6.723285829961349e-06 y: 230
prediction: 208, radius: 0.3393, PSR: 4.234168148262585e-05 y: 208
prediction: 253, radius: 0.0425, PSR: 6.818821062389309e-07 y: 254
prediction: 206, radius: 0.2062, PSR: 1.4946592313387423e-05 y: 206
prediction: 139, radius: 0.0255, PSR: 2.309539624110262e-07 y: 139
prediction: 180, radius: 0.1935, PSR: 9.434188259058433e-06 y: 180
prediction: 58, radius: 0.1142, PSR: 6.515811161858819e-06 y: 58
prediction: 84, radius: 0.2967, PSR: 3.5572806398083316e-05 y: 84
prediction: 113, radius: 0.2627, PSR: 2.377764680619633e-05 y: 113
prediction: 67, radius: 0.0608, PSR: 1.5966934844694153e-06 y: 99
[91mprediction: -1, radius: 0.0000, PSR: 0.0 y: 89[0m
prediction: 193, radius: 0.0604, PSR: 9.808856383468945e-07 y: 171
prediction: 41, radius: 0.0344, PSR: 4.7369437926806084e-07 y: 74
prediction: 16, radius: 0.2562, PSR: 1.5737574013171297e-05 y: 18
prediction: 170, radius: 0.2470, PSR: 1.828554143680171e-05 y: 170
prediction: 115, radius: 0.5637, PSR: 8.987580064664336e-05 y: 115
prediction: 117, radius: 0.4759, PSR: 9.477149377303178e-05 y: 117
prediction: 115, radius: 0.5072, PSR: 0.00011358063871484743 y: 115
prediction: 53, radius: 0.1579, PSR: 8.301906382092411e-06 y: 53
prediction: 132, radius: 0.2294, PSR: 1.6187122088910416e-05 y: 132
prediction: 65, radius: 0.0955, PSR: 3.4945369125606026e-06 y: 67
prediction: 32, radius: 0.0616, PSR: 1.1126522846741754e-06 y: 10
prediction: 82, radius: 0.6397, PSR: 0.00010928416507957648 y: 82
prediction: 205, radius: 0.2288, PSR: 2.30530160193789e-05 y: 205
prediction: 229, radius: 0.1945, PSR: 1.412708456310354e-05 y: 229
prediction: 51, radius: 0.1637, PSR: 1.424780970687512e-05 y: 51
prediction: 139, radius: 0.0050, PSR: 1.1905701306955705e-08 y: 139
prediction: 194, radius: 0.0505, PSR: 5.959171224386639e-07 y: 247
[91mprediction: -1, radius: 0.0000, PSR: 0.0 y: 209[0m
prediction: 178, radius: 0.4857, PSR: 7.032758331457911e-05 y: 178
prediction: 23, radius: 0.2541, PSR: 1.4681913985144176e-05 y: 23
prediction: 155, radius: 0.2388, PSR: 2.031491631704798e-05 y: 179
prediction: 275, radius: 0.0030, PSR: 3.8993430307330495e-09 y: 275
prediction: 33, radius: 0.0133, PSR: 4.080200085109225e-08 y: 26
prediction: 132, radius: 0.1313, PSR: 6.2606587696409285e-06 y: 132
prediction: 233, radius: 0.4330, PSR: 4.779138548584168e-05 y: 233
prediction: 33, radius: 0.2123, PSR: 1.2698033638585594e-05 y: 15
prediction: 10, radius: 0.4065, PSR: 5.1113970481086806e-05 y: 32
prediction: 64, radius: 0.1306, PSR: 5.949838932364021e-06 y: 64
prediction: 195, radius: 0.1089, PSR: 4.731967915507977e-06 y: 195
prediction: 110, radius: 0.5315, PSR: 0.00011603885864208231 y: 110
prediction: 165, radius: 0.3961, PSR: 4.110597597136577e-05 y: 165
prediction: 42, radius: 0.5564, PSR: 9.508412193536948e-05 y: 42
prediction: 217, radius: 0.2850, PSR: 2.263027501229326e-05 y: 217
prediction: 252, radius: 0.0087, PSR: 2.4836127845637648e-08 y: 252
prediction: 21, radius: 0.3475, PSR: 2.7577113753662577e-05 y: 21
prediction: 268, radius: 0.6397, PSR: 0.00017635500150549286 y: 268
[91mprediction: -1, radius: 0.0000, PSR: 0.0 y: 123[0m
prediction: 83, radius: 0.3453, PSR: 4.582864523598454e-05 y: 83
prediction: 55, radius: 0.4845, PSR: 0.00012263848100598488 y: 55
prediction: 182, radius: 0.0938, PSR: 2.634313296843338e-06 y: 239
prediction: 162, radius: 0.4418, PSR: 6.850074216395688e-05 y: 162
prediction: 195, radius: 0.1037, PSR: 3.3284035940885987e-06 y: 230
prediction: 186, radius: 0.6020, PSR: 0.00011625678655107417 y: 186
prediction: 169, radius: 0.3769, PSR: 3.5716285025510425e-05 y: 169
prediction: 235, radius: 0.6397, PSR: 0.00010329410116260157 y: 235
prediction: 194, radius: 0.1460, PSR: 6.9258680897165465e-06 y: 187
prediction: 160, radius: 0.5192, PSR: 0.00010314707934351085 y: 160
prediction: 92, radius: 0.4110, PSR: 5.9979750420173486e-05 y: 92
prediction: 57, radius: 0.2456, PSR: 2.608293933782052e-05 y: 57
prediction: 23, radius: 0.2471, PSR: 1.371843242197935e-05 y: 6
[91mprediction: -1, radius: 0.0000, PSR: 0.0 y: 180[0m
prediction: 176, radius: 0.3938, PSR: 5.317270320215175e-05 y: 176
prediction: 253, radius: 0.1050, PSR: 4.4724000838415e-06 y: 254
prediction: 173, radius: 0.6397, PSR: 0.0001225803097574436 y: 173
prediction: 58, radius: 0.4547, PSR: 7.82803854585774e-05 y: 58
[91mprediction: -1, radius: 0.0000, PSR: 0.0 y: 19[0m
prediction: 44, radius: 0.3238, PSR: 4.826224295753122e-05 y: 44
prediction: 58, radius: 0.0410, PSR: 7.636350564080369e-07 y: 58
prediction: 65, radius: 0.1472, PSR: 9.913381901322215e-06 y: 65
prediction: 112, radius: 0.5499, PSR: 0.00010491160496868725 y: 112
prediction: 193, radius: 0.3577, PSR: 4.0604921636173953e-05 y: 193
prediction: 200, radius: 0.4917, PSR: 7.535098727995324e-05 y: 200
prediction: 194, radius: 0.0796, PSR: 2.4311877683469407e-06 y: 194
prediction: 62, radius: 0.1673, PSR: 1.2730537099958855e-05 y: 74
prediction: 136, radius: 0.2863, PSR: 2.8290168676638468e-05 y: 136
prediction: 117, radius: 0.4386, PSR: 8.621242758046338e-05 y: 117
prediction: 205, radius: 0.4379, PSR: 7.070603661407218e-05 y: 205
prediction: 222, radius: 0.4646, PSR: 8.562468153791018e-05 y: 222
prediction: 46, radius: 0.2112, PSR: 1.724245086986967e-05 y: 46
prediction: 107, radius: 0.0098, PSR: 4.082371992857503e-08 y: 107
prediction: 243, radius: 0.1135, PSR: 3.858734882619877e-06 y: 243
[91mprediction: -1, radius: 0.0000, PSR: 0.0 y: 230[0m
prediction: 28, radius: 0.0246, PSR: 1.6923765454994997e-07 y: 28
prediction: 104, radius: 0.6397, PSR: 9.547132891611417e-05 y: 104
prediction: 255, radius: 0.4473, PSR: 9.576591344740927e-05 y: 263
prediction: 230, radius: 0.3694, PSR: 3.312150362183928e-05 y: 206
prediction: 260, radius: 0.5138, PSR: 8.508714336646969e-05 y: 263
prediction: 20, radius: 0.6397, PSR: 9.283187755565205e-05 y: 39
prediction: 33, radius: 0.0552, PSR: 7.826202917641038e-07 y: 36
prediction: 88, radius: 0.2855, PSR: 3.000357951397382e-05 y: 88
prediction: 109, radius: 0.5315, PSR: 8.18918240433786e-05 y: 109
prediction: 267, radius: 0.1640, PSR: 7.8203399170222e-06 y: 259
prediction: 181, radius: 0.0419, PSR: 6.786980562090986e-07 y: 185
prediction: 153, radius: 0.6228, PSR: 0.00014295431303415216 y: 153
prediction: 193, radius: 0.2831, PSR: 2.0484744658375915e-05 y: 193
prediction: 70, radius: 0.0413, PSR: 5.548799578812889e-07 y: 95
prediction: 150, radius: 0.2936, PSR: 3.348218005712505e-05 y: 150
prediction: 146, radius: 0.5293, PSR: 6.668563500915442e-05 y: 146
prediction: 67, radius: 0.0520, PSR: 9.836217821646522e-07 y: 103
prediction: 50, radius: 0.3016, PSR: 3.916352605946301e-05 y: 50
prediction: 268, radius: 0.6397, PSR: 0.00018575465073984346 y: 268
prediction: 16, radius: 0.1946, PSR: 1.0304336490073526e-05 y: 18
prediction: 112, radius: 0.3386, PSR: 4.751395072051869e-05 y: 112
prediction: 244, radius: 0.3907, PSR: 3.9451613506461297e-05 y: 244
prediction: 157, radius: 0.1792, PSR: 9.838374005954958e-06 y: 204
prediction: 265, radius: 0.0508, PSR: 1.038652576587176e-06 y: 265
prediction: 119, radius: 0.2996, PSR: 3.357593448866833e-05 y: 119
prediction: 217, radius: 0.4198, PSR: 6.193230110414726e-05 y: 217
prediction: 121, radius: 0.5251, PSR: 7.066037896963365e-05 y: 121
prediction: 218, radius: 0.1414, PSR: 8.760675586603066e-06 y: 218
prediction: 241, radius: 0.1548, PSR: 6.33945115622828e-06 y: 241
prediction: 271, radius: 0.3049, PSR: 3.9162702654384535e-05 y: 271
prediction: 146, radius: 0.5769, PSR: 0.00013026281416769552 y: 146
prediction: 175, radius: 0.3627, PSR: 4.359713724407365e-05 y: 175
[91mprediction: -1, radius: 0.0000, PSR: 0.0 y: 21[0m
prediction: 273, radius: 0.5293, PSR: 9.68370804148952e-05 y: 273
prediction: 198, radius: 0.1613, PSR: 9.00666199407476e-06 y: 198
prediction: 194, radius: 0.1393, PSR: 4.545988881605463e-06 y: 249
prediction: 18, radius: 0.1683, PSR: 6.54824525080207e-06 y: 33
prediction: 59, radius: 0.4917, PSR: 8.629477491630247e-05 y: 59
prediction: 249, radius: 0.3621, PSR: 4.52590740791799e-05 y: 249
prediction: 231, radius: 0.0847, PSR: 2.4507913299043704e-06 y: 231
prediction: 241, radius: 0.1797, PSR: 1.228728457819109e-05 y: 241
prediction: 173, radius: 0.3798, PSR: 5.606840588143385e-05 y: 173
prediction: 67, radius: 0.3973, PSR: 6.261853607236055e-05 y: 67
prediction: 171, radius: 0.1552, PSR: 7.2417805825732905e-06 y: 172
prediction: 64, radius: 0.0295, PSR: 2.800534206667331e-07 y: 64
prediction: 173, radius: 0.1321, PSR: 6.06612305121739e-06 y: 173
[91mprediction: -1, radius: 0.0000, PSR: 0.0 y: 133[0m
prediction: 62, radius: 0.1123, PSR: 5.829587618756313e-06 y: 62
prediction: 162, radius: 0.0120, PSR: 4.343104028623932e-08 y: 177
prediction: 61, radius: 0.2197, PSR: 2.351102133982961e-05 y: 61
prediction: 228, radius: 0.3475, PSR: 4.4500211933825365e-05 y: 228
prediction: 87, radius: 0.3189, PSR: 2.9471531509320717e-05 y: 87
prediction: 141, radius: 0.2930, PSR: 2.9719549992146882e-05 y: 141
prediction: 143, radius: 0.6397, PSR: 0.00012281382911779744 y: 143
prediction: 173, radius: 0.6397, PSR: 0.00013480928080543872 y: 173
prediction: 165, radius: 0.2895, PSR: 2.890190004489913e-05 y: 165
prediction: 24, radius: 0.2544, PSR: 1.6575378295176824e-05 y: 24
prediction: 81, radius: 0.1103, PSR: 5.505112754334955e-06 y: 81
prediction: 151, radius: 0.6397, PSR: 0.00015019955971135932 y: 151
prediction: 4, radius: 0.1365, PSR: 4.326000140724445e-06 y: 4
prediction: 18, radius: 0.0089, PSR: 1.8346065477151406e-08 y: 21
prediction: 41, radius: 0.3575, PSR: 4.542266475499309e-05 y: 41
prediction: 254, radius: 0.1030, PSR: 5.063566278182549e-06 y: 254
prediction: 33, radius: 0.2859, PSR: 2.058523440236191e-05 y: 19
prediction: 98, radius: 0.1331, PSR: 8.588697916065661e-06 y: 98
prediction: 142, radius: 0.4001, PSR: 5.6594396055464894e-05 y: 142
[91mprediction: -1, radius: 0.0000, PSR: 0.0 y: 192[0m
prediction: 68, radius: 0.3829, PSR: 4.458196750110586e-05 y: 270
prediction: 66, radius: 0.0915, PSR: 3.20043237474339e-06 y: 66
prediction: 183, radius: 0.3019, PSR: 3.357656519808332e-05 y: 183
prediction: 127, radius: 0.1918, PSR: 1.0465042682396716e-05 y: 127
prediction: 0, radius: 0.1937, PSR: 1.0753572712655324e-05 y: 0
prediction: 48, radius: 0.4110, PSR: 7.401872967508367e-05 y: 48
prediction: 18, radius: 0.4203, PSR: 4.050648272060161e-05 y: 37
prediction: 186, radius: 0.5879, PSR: 8.810513609910562e-05 y: 186
prediction: 179, radius: 0.3602, PSR: 4.418731112502408e-05 y: 179
prediction: 197, radius: 0.0672, PSR: 1.4332751404823733e-06 y: 215
prediction: 195, radius: 0.3965, PSR: 3.6387094967402156e-05 y: 195
prediction: 154, radius: 0.5173, PSR: 6.679950299629438e-05 y: 154
[91mprediction: -1, radius: 0.0000, PSR: 0.0 y: 187[0m
[91mprediction: -1, radius: 0.0000, PSR: 0.0 y: 141[0m
prediction: 157, radius: 0.2905, PSR: 3.168024542392449e-05 y: 157
prediction: 8, radius: 0.2990, PSR: 2.1435085866564693e-05 y: 8
prediction: 138, radius: 0.3309, PSR: 2.9129698001791303e-05 y: 138
prediction: 209, radius: 0.0079, PSR: 1.7175783923849827e-08 y: 209
prediction: 222, radius: 0.2869, PSR: 3.0387147180255748e-05 y: 222
prediction: 25, radius: 0.1421, PSR: 6.038511714768473e-06 y: 25
prediction: 125, radius: 0.1013, PSR: 4.1593549563203885e-06 y: 125
prediction: 115, radius: 0.5469, PSR: 9.26530257492098e-05 y: 115
prediction: 135, radius: 0.5120, PSR: 9.763093417324853e-05 y: 135
prediction: 237, radius: 0.1148, PSR: 4.245720735111887e-06 y: 237
prediction: 194, radius: 0.1813, PSR: 8.36376766531171e-06 y: 187
prediction: 138, radius: 0.4386, PSR: 6.11983633141189e-05 y: 138
prediction: 206, radius: 0.1529, PSR: 8.148898951783122e-06 y: 206
prediction: 164, radius: 0.4487, PSR: 5.386871873374228e-05 y: 164
prediction: 214, radius: 0.1082, PSR: 3.3223325680417675e-06 y: 214
prediction: 121, radius: 0.1750, PSR: 1.1144347507225028e-05 y: 121
prediction: 19, radius: 0.0443, PSR: 4.4889228371989273e-07 y: 16
prediction: 56, radius: 0.1027, PSR: 3.910106199572882e-06 y: 56
prediction: 132, radius: 0.0907, PSR: 3.2909087186389625e-06 y: 132
prediction: 260, radius: 0.1048, PSR: 5.326648287013928e-06 y: 260
prediction: 34, radius: 0.0488, PSR: 5.145678573930258e-07 y: 38
prediction: 122, radius: 0.6397, PSR: 0.0001079906265969167 y: 122
prediction: 184, radius: 0.6397, PSR: 0.00015395988672515322 y: 184
prediction: 157, radius: 0.4905, PSR: 7.406167153372057e-05 y: 157
prediction: 41, radius: 0.5469, PSR: 0.0001037182920297942 y: 41
[91mprediction: -1, radius: 0.0000, PSR: 0.0 y: 89[0m
prediction: 226, radius: 0.6397, PSR: 0.0001282387429574744 y: 226
prediction: 179, radius: 0.5041, PSR: 8.711703188699717e-05 y: 179
prediction: 253, radius: 0.0209, PSR: 1.3002816710554325e-07 y: 254
prediction: 2, radius: 0.6397, PSR: 0.0001351260925543151 y: 2
[91mprediction: -1, radius: 0.0000, PSR: 0.0 y: 215[0m
prediction: 201, radius: 0.5678, PSR: 8.7385846587437e-05 y: 201
prediction: 230, radius: 0.5104, PSR: 9.591726590244016e-05 y: 230
prediction: 264, radius: 0.3383, PSR: 5.338084809458583e-05 y: 272
prediction: 67, radius: 0.1935, PSR: 1.7608291617924647e-05 y: 65
prediction: 76, radius: 0.6397, PSR: 0.00015857300903484334 y: 76
prediction: 222, radius: 0.0448, PSR: 5.915929235223081e-07 y: 222
prediction: 187, radius: 0.1552, PSR: 6.629997615986404e-06 y: 187
prediction: 261, radius: 0.3721, PSR: 6.49176421272048e-05 y: 261
prediction: 134, radius: 0.3641, PSR: 4.314506794223101e-05 y: 134
prediction: 117, radius: 0.5363, PSR: 8.382747642592492e-05 y: 117
prediction: 87, radius: 0.3627, PSR: 4.024524769742207e-05 y: 87
[91mprediction: -1, radius: 0.0000, PSR: 0.0 y: 204[0m
prediction: 11, radius: 0.3171, PSR: 2.3772053004098152e-05 y: 17
prediction: 154, radius: 0.5072, PSR: 0.00010220955097822168 y: 154
prediction: 58, radius: 0.0519, PSR: 9.184165801262669e-07 y: 58
prediction: 102, radius: 0.0633, PSR: 1.6034061925698384e-06 y: 102
prediction: 228, radius: 0.4509, PSR: 6.783724522150713e-05 y: 228
prediction: 117, radius: 0.5600, PSR: 8.577934023229403e-05 y: 117
prediction: 224, radius: 0.2189, PSR: 1.7878921282553203e-05 y: 224
prediction: 110, radius: 0.1793, PSR: 1.0407901625549609e-05 y: 94
prediction: 191, radius: 0.5011, PSR: 8.810428446491874e-05 y: 191
prediction: 199, radius: 0.2445, PSR: 1.8312833471533676e-05 y: 199
prediction: 172, radius: 0.1493, PSR: 9.136004158359324e-06 y: 172
prediction: 61, radius: 0.2161, PSR: 1.6600072862813683e-05 y: 61
prediction: 129, radius: 0.3938, PSR: 5.583887389785191e-05 y: 129
prediction: 207, radius: 0.4052, PSR: 5.837610298839335e-05 y: 207
prediction: 191, radius: 0.3548, PSR: 5.904707747476863e-05 y: 242
prediction: 182, radius: 0.0804, PSR: 2.1463827793813772e-06 y: 243
prediction: 25, radius: 0.6228, PSR: 0.00011746997948698274 y: 32
prediction: 49, radius: 0.3874, PSR: 5.326865314888648e-05 y: 49
prediction: 105, radius: 0.2127, PSR: 1.65916774569697e-05 y: 105
prediction: 63, radius: 0.4943, PSR: 8.047810743561066e-05 y: 63
prediction: 108, radius: 0.6397, PSR: 0.00015730074598754027 y: 108
prediction: 147, radius: 0.6397, PSR: 0.00015841961295189562 y: 147
prediction: 46, radius: 0.5769, PSR: 9.633592427898898e-05 y: 46
prediction: 31, radius: 0.0159, PSR: 6.100456036964671e-08 y: 8
prediction: 122, radius: 0.6397, PSR: 0.0001363021106106327 y: 122
prediction: 22, radius: 0.6397, PSR: 0.0001100658885455043 y: 22
prediction: 123, radius: 0.2159, PSR: 1.9178290653148225e-05 y: 123
[91mprediction: -1, radius: 0.0000, PSR: 0.0 y: 204[0m
prediction: 167, radius: 0.6397, PSR: 0.00011889494949058758 y: 167
prediction: 33, radius: 0.0440, PSR: 4.792102328897608e-07 y: 36
[91mprediction: -1, radius: 0.0000, PSR: 0.0 y: 240[0m
prediction: 192, radius: 0.0852, PSR: 2.4979755266465004e-06 y: 215
prediction: 156, radius: 0.5531, PSR: 9.415890136278063e-05 y: 156
prediction: 57, radius: 0.0062, PSR: 1.5809092688790933e-08 y: 57
prediction: 110, radius: 0.6397, PSR: 0.00010917082329646056 y: 110
prediction: 229, radius: 0.6397, PSR: 0.00010837350121311333 y: 229
prediction: 40, radius: 0.5072, PSR: 7.481404508218228e-05 y: 40
prediction: 9, radius: 0.2153, PSR: 1.0527121863628737e-05 y: 30
prediction: 68, radius: 0.0442, PSR: 9.248863990986763e-07 y: 68
prediction: 109, radius: 0.4043, PSR: 5.154755589765069e-05 y: 109
prediction: 42, radius: 0.4562, PSR: 6.879742387418517e-05 y: 42
prediction: 93, radius: 0.0745, PSR: 1.5307821522812368e-06 y: 93
prediction: 251, radius: 0.5011, PSR: 6.717657304777969e-05 y: 251
prediction: 271, radius: 0.2561, PSR: 2.6371949886805035e-05 y: 271
prediction: 80, radius: 0.6397, PSR: 0.00014181012846419674 y: 80
prediction: 246, radius: 0.1973, PSR: 1.219469620969034e-05 y: 246
[91mprediction: -1, radius: 0.0000, PSR: 0.0 y: 133[0m
prediction: 226, radius: 0.4710, PSR: 7.323381442192272e-05 y: 226
prediction: 266, radius: 0.5821, PSR: 0.00012653728992467468 y: 266
prediction: 115, radius: 0.6397, PSR: 0.00015134758946804157 y: 115
prediction: 219, radius: 0.3399, PSR: 3.247493539415866e-05 y: 219
[91mprediction: -1, radius: 0.0000, PSR: 0.0 y: 33[0m
prediction: 147, radius: 0.2315, PSR: 1.9587485064383124e-05 y: 147
prediction: 106, radius: 0.6397, PSR: 0.00023199935361676232 y: 106
prediction: 44, radius: 0.5769, PSR: 0.00010770627377358215 y: 44
prediction: 105, radius: 0.0468, PSR: 7.396448114571453e-07 y: 105
prediction: 145, radius: 0.3832, PSR: 5.075163567885963e-05 y: 145
prediction: 80, radius: 0.6397, PSR: 0.00011744618300693907 y: 80
[91mprediction: -1, radius: 0.0000, PSR: 0.0 y: 111[0m
prediction: 252, radius: 0.2389, PSR: 1.8545405746284813e-05 y: 252
prediction: 56, radius: 0.1151, PSR: 5.75727582823586e-06 y: 56
prediction: 269, radius: 0.0831, PSR: 2.467684086028323e-06 y: 269
prediction: 218, radius: 0.0322, PSR: 3.821246239969688e-07 y: 218
[91mprediction: -1, radius: 0.0000, PSR: 0.0 y: 8[0m
[91mprediction: -1, radius: 0.0000, PSR: 0.0 y: 215[0m
prediction: 237, radius: 0.1300, PSR: 6.241758219865267e-06 y: 237
prediction: 257, radius: 0.0671, PSR: 1.8954083016014328e-06 y: 257
prediction: 214, radius: 0.1168, PSR: 4.625959821263072e-06 y: 214
prediction: 257, radius: 0.3112, PSR: 3.404921915792632e-05 y: 257
prediction: 105, radius: 0.1536, PSR: 8.58212325017093e-06 y: 105
prediction: 55, radius: 0.2889, PSR: 3.955855175763645e-05 y: 55
prediction: 231, radius: 0.0260, PSR: 2.2324647025838957e-07 y: 231
prediction: 141, radius: 0.3368, PSR: 2.8516343860210535e-05 y: 141
prediction: 78, radius: 0.2795, PSR: 3.702865894640846e-05 y: 78
prediction: 131, radius: 0.0416, PSR: 8.567430258772097e-07 y: 131
prediction: 67, radius: 0.0718, PSR: 2.1006193002616734e-06 y: 89
prediction: 72, radius: 0.0136, PSR: 8.411061785076264e-08 y: 72
prediction: 156, radius: 0.2014, PSR: 1.6281171117572235e-05 y: 156
prediction: 232, radius: 0.4203, PSR: 6.441121597678884e-05 y: 232
prediction: 100, radius: 0.0748, PSR: 2.5083787589544175e-06 y: 100
prediction: 176, radius: 0.4219, PSR: 5.4622190528321744e-05 y: 176
prediction: 216, radius: 0.1854, PSR: 1.4072260320624262e-05 y: 216
[91mprediction: -1, radius: 0.0000, PSR: 0.0 y: 21[0m
prediction: 64, radius: 0.2497, PSR: 1.9475245741228408e-05 y: 64
prediction: 47, radius: 0.1981, PSR: 1.838810843102479e-05 y: 47
[91mprediction: -1, radius: 0.0000, PSR: 0.0 y: 204[0m
prediction: 190, radius: 0.3812, PSR: 3.753171073310499e-05 y: 190
prediction: 56, radius: 0.0020, PSR: 1.9369368535297484e-09 y: 56
prediction: 67, radius: 0.0052, PSR: 1.0488614672895007e-08 y: 111
prediction: 165, radius: 0.3303, PSR: 3.8137664487708514e-05 y: 165
prediction: 5, radius: 0.4682, PSR: 4.986920647790915e-05 y: 29
prediction: 48, radius: 0.5769, PSR: 0.00012530324889519463 y: 48
prediction: 257, radius: 0.6397, PSR: 0.00010429356306997685 y: 257
[91mprediction: -1, radius: 0.0000, PSR: 0.0 y: 64[0m
prediction: 18, radius: 0.2959, PSR: 2.532561630758061e-05 y: 15
[91mprediction: -1, radius: 0.0000, PSR: 0.0 y: 47[0m
[91mprediction: -1, radius: 0.0000, PSR: 0.0 y: 209[0m
[91mprediction: -1, radius: 0.0000, PSR: 0.0 y: 214[0m
prediction: 271, radius: 0.3938, PSR: 6.753098665536593e-05 y: 271
prediction: 16, radius: 0.2889, PSR: 2.223963796482307e-05 y: 15
prediction: 100, radius: 0.0461, PSR: 7.181162763297459e-07 y: 73
prediction: 67, radius: 0.3068, PSR: 3.308762822119952e-05 y: 103
prediction: 51, radius: 0.2575, PSR: 2.9378459152638584e-05 y: 51
prediction: 170, radius: 0.0157, PSR: 8.62750205769459e-08 y: 170
prediction: 60, radius: 0.1056, PSR: 4.812141942436977e-06 y: 60
prediction: 235, radius: 0.2208, PSR: 1.3372619213596088e-05 y: 235
prediction: 238, radius: 0.3893, PSR: 5.615071973952301e-05 y: 238
prediction: 136, radius: 0.6397, PSR: 0.00014446401031577795 y: 136
prediction: 92, radius: 0.3056, PSR: 4.103317932739115e-05 y: 92
prediction: 128, radius: 0.4148, PSR: 7.033862321429391e-05 y: 128
prediction: 238, radius: 0.0882, PSR: 2.574997992068013e-06 y: 238
[91mprediction: -1, radius: 0.0000, PSR: 0.0 y: 224[0m
prediction: 194, radius: 0.1093, PSR: 4.173629378905794e-06 y: 194
[91mprediction: -1, radius: 0.0000, PSR: 0.0 y: 73[0m
prediction: 169, radius: 0.4163, PSR: 4.992437809402749e-05 y: 169
prediction: 273, radius: 0.0668, PSR: 1.134575854915777e-06 y: 270
prediction: 171, radius: 0.1444, PSR: 6.557529369590378e-06 y: 171
prediction: 260, radius: 0.4219, PSR: 6.529356878058832e-05 y: 263
prediction: 137, radius: 0.4235, PSR: 7.145452175269313e-05 y: 137
prediction: 193, radius: 0.1413, PSR: 7.009871383582909e-06 y: 193
prediction: 233, radius: 0.1073, PSR: 3.84617076079897e-06 y: 233
prediction: 201, radius: 0.1534, PSR: 5.623610062149739e-06 y: 201
prediction: 151, radius: 0.5769, PSR: 0.00012042704074710391 y: 151
[91mprediction: -1, radius: 0.0000, PSR: 0.0 y: 99[0m
prediction: 177, radius: 0.0447, PSR: 5.143223452121122e-07 y: 189
prediction: 81, radius: 0.2478, PSR: 2.7889699478970574e-05 y: 81
prediction: 182, radius: 0.0238, PSR: 1.4854838150035337e-07 y: 168
prediction: 11, radius: 0.1446, PSR: 4.69101839486556e-06 y: 26
Average radius for psr_0.5_std_1: 0.33510645866652317
---------------------------------------------------------------------------------------------------------
prediction: 67, radius: 0.0218, PSR: 1.8387017188318178e-07 y: 90
prediction: 174, radius: 0.1283, PSR: 5.770296778535185e-06 y: 174
[91mprediction: -1, radius: 0.0000, PSR: 0.0 y: 5[0m
prediction: 27, radius: 0.6397, PSR: 0.00010861223442489269 y: 27
prediction: 67, radius: 0.2744, PSR: 2.8807096452646143e-05 y: 89
prediction: 20, radius: 0.6397, PSR: 0.00010432884313669647 y: 39
prediction: 131, radius: 0.2205, PSR: 1.621891897438239e-05 y: 131
[91mprediction: -1, radius: 0.0000, PSR: 0.0 y: 73[0m
prediction: 119, radius: 0.0751, PSR: 2.351624391962848e-06 y: 119
[91mprediction: -1, radius: 0.0000, PSR: 0.0 y: 227[0m
prediction: 33, radius: 0.3272, PSR: 2.954837708216662e-05 y: 15
prediction: 87, radius: 0.2018, PSR: 1.396938078074923e-05 y: 87
prediction: 212, radius: 0.0125, PSR: 5.649917581456085e-08 y: 223
prediction: 59, radius: 0.3211, PSR: 4.068285932267006e-05 y: 59
prediction: 255, radius: 0.3393, PSR: 5.9334817260159386e-05 y: 255
prediction: 20, radius: 0.6397, PSR: 9.832228168832253e-05 y: 39
prediction: 91, radius: 0.6397, PSR: 0.00023305159054100823 y: 91
prediction: 18, radius: 0.0505, PSR: 6.153504840143029e-07 y: 36
prediction: 72, radius: 0.1380, PSR: 8.389582341552984e-06 y: 72
prediction: 47, radius: 0.0965, PSR: 4.157182673956766e-06 y: 47
prediction: 117, radius: 0.5441, PSR: 8.093237482617887e-05 y: 117
prediction: 164, radius: 0.0804, PSR: 2.1676058807435293e-06 y: 164
prediction: 163, radius: 0.2331, PSR: 1.6938723300327475e-05 y: 163
prediction: 102, radius: 0.4052, PSR: 7.381043439570382e-05 y: 102
prediction: 203, radius: 0.1580, PSR: 7.291400939510159e-06 y: 166
prediction: 184, radius: 0.1117, PSR: 3.715180773657233e-06 y: 252
prediction: 19, radius: 0.0249, PSR: 1.4084677525933446e-07 y: 34
prediction: 190, radius: 0.3189, PSR: 2.51178363086377e-05 y: 201
prediction: 132, radius: 0.1861, PSR: 9.98080089958858e-06 y: 132
prediction: 251, radius: 0.1156, PSR: 4.012807992844494e-06 y: 251
prediction: 68, radius: 0.5271, PSR: 0.00010162571788970446 y: 68
prediction: 173, radius: 0.2332, PSR: 1.6948697337197932e-05 y: 155
prediction: 238, radius: 0.2222, PSR: 2.002555470706591e-05 y: 238
prediction: 230, radius: 0.3216, PSR: 3.537698685925749e-05 y: 230
prediction: 92, radius: 0.2334, PSR: 2.4196665044160018e-05 y: 92
prediction: 179, radius: 0.6112, PSR: 0.00016964663829449565 y: 179
[91mprediction: -1, radius: 0.0000, PSR: 0.0 y: 131[0m
prediction: 253, radius: 0.6397, PSR: 0.00011494387796235337 y: 253
prediction: 182, radius: 0.2274, PSR: 2.0454456443084725e-05 y: 182
prediction: 167, radius: 0.6112, PSR: 0.00014020609339453476 y: 167
prediction: 10, radius: 0.3415, PSR: 3.7616582594603284e-05 y: 32
[91mprediction: -1, radius: 0.0000, PSR: 0.0 y: 217[0m
prediction: 222, radius: 0.2274, PSR: 2.2864244754973772e-05 y: 222
prediction: 91, radius: 0.6397, PSR: 0.00017578877157604244 y: 91
prediction: 62, radius: 0.4330, PSR: 6.756588063098546e-05 y: 62
prediction: 171, radius: 0.1007, PSR: 2.5265751123679367e-06 y: 171
prediction: 69, radius: 0.2961, PSR: 2.177855651837028e-05 y: 69
prediction: 251, radius: 0.0526, PSR: 8.322438980858994e-07 y: 251
prediction: 194, radius: 0.2810, PSR: 2.6170518485943902e-05 y: 196
prediction: 232, radius: 0.3989, PSR: 5.3983457266630717e-05 y: 232
prediction: 150, radius: 0.1404, PSR: 7.346934800930927e-06 y: 150
prediction: 143, radius: 0.3254, PSR: 4.636571210889439e-05 y: 143
[91mprediction: -1, radius: 0.0000, PSR: 0.0 y: 270[0m
prediction: 230, radius: 0.0260, PSR: 1.8144409794288976e-07 y: 220
prediction: 258, radius: 0.6112, PSR: 0.00016202889140594847 y: 258
prediction: 274, radius: 0.0322, PSR: 4.297056220150521e-07 y: 274
prediction: 74, radius: 0.3029, PSR: 2.9372626228978293e-05 y: 74
prediction: 255, radius: 0.4917, PSR: 8.240575813270866e-05 y: 263
prediction: 167, radius: 0.6397, PSR: 0.0001264627377080161 y: 167
prediction: 148, radius: 0.0563, PSR: 1.1043649095736328e-06 y: 155
prediction: 64, radius: 0.1529, PSR: 7.903325814755448e-06 y: 64
prediction: 137, radius: 0.5211, PSR: 0.00012408853529234317 y: 137
prediction: 81, radius: 0.0175, PSR: 1.2916001681364628e-07 y: 81
prediction: 177, radius: 0.3791, PSR: 4.7568213768339675e-05 y: 177
prediction: 202, radius: 0.2901, PSR: 2.412484713225197e-05 y: 202
[91mprediction: -1, radius: 0.0000, PSR: 0.0 y: 264[0m
prediction: 123, radius: 0.0776, PSR: 2.4432082886828773e-06 y: 123
prediction: 100, radius: 0.4595, PSR: 6.475848629012199e-05 y: 100
prediction: 44, radius: 0.5637, PSR: 0.00011810292248340186 y: 44
prediction: 62, radius: 0.3415, PSR: 4.591046951606322e-05 y: 62
prediction: 194, radius: 0.0172, PSR: 9.331946894719664e-08 y: 196
prediction: 214, radius: 0.2752, PSR: 1.971302429043733e-05 y: 214
prediction: 4, radius: 0.0916, PSR: 1.955423168893526e-06 y: 4
prediction: 25, radius: 0.4691, PSR: 7.243998714886881e-05 y: 32
prediction: 12, radius: 0.0504, PSR: 6.10463487312136e-07 y: 12
prediction: 264, radius: 0.4412, PSR: 8.388154406223628e-05 y: 264
prediction: 189, radius: 0.2266, PSR: 2.1081057696210423e-05 y: 189
[91mprediction: -1, radius: 0.0000, PSR: 0.0 y: 170[0m
[91mprediction: -1, radius: 0.0000, PSR: 0.0 y: 236[0m
[91mprediction: -1, radius: 0.0000, PSR: 0.0 y: 13[0m
prediction: 195, radius: 0.5414, PSR: 9.763882156469133e-05 y: 195
prediction: 139, radius: 0.0589, PSR: 1.6298434499833813e-06 y: 139
prediction: 132, radius: 0.1563, PSR: 7.471734137382417e-06 y: 132
[91mprediction: -1, radius: 0.0000, PSR: 0.0 y: 211[0m
[91mprediction: -1, radius: 0.0000, PSR: 0.0 y: 53[0m
prediction: 195, radius: 0.0172, PSR: 1.0695207845459288e-07 y: 224
prediction: 56, radius: 0.2625, PSR: 3.355988530422436e-05 y: 56
prediction: 72, radius: 0.2023, PSR: 1.599505979389427e-05 y: 72
[91mprediction: -1, radius: 0.0000, PSR: 0.0 y: 81[0m
[91mprediction: -1, radius: 0.0000, PSR: 0.0 y: 170[0m
prediction: 156, radius: 0.4857, PSR: 8.00503303038886e-05 y: 156
prediction: 16, radius: 0.3610, PSR: 3.147906704428485e-05 y: 11
prediction: 197, radius: 0.0821, PSR: 2.6070689615299965e-06 y: 197
prediction: 262, radius: 0.0985, PSR: 3.844915877953859e-06 y: 262
prediction: 135, radius: 0.5104, PSR: 0.00010462615681051363 y: 135
[91mprediction: -1, radius: 0.0000, PSR: 0.0 y: 231[0m
prediction: 3, radius: 0.6397, PSR: 9.362970989241202e-05 y: 3
prediction: 130, radius: 0.0379, PSR: 5.690204936418546e-07 y: 89
prediction: 110, radius: 0.6228, PSR: 0.0001026752991146544 y: 110
prediction: 25, radius: 0.4739, PSR: 6.782866625658135e-05 y: 25
prediction: 74, radius: 0.0102, PSR: 4.4312669469011584e-08 y: 74
prediction: 70, radius: 0.0556, PSR: 9.106054417649521e-07 y: 70
prediction: 195, radius: 0.1363, PSR: 5.513091343799949e-06 y: 194
prediction: 167, radius: 0.6397, PSR: 0.00010828370007555087 y: 167
prediction: 79, radius: 0.0689, PSR: 1.881825228158241e-06 y: 79
[91mprediction: -1, radius: 0.0000, PSR: 0.0 y: 65[0m
prediction: 223, radius: 0.1068, PSR: 3.8127870027831173e-06 y: 231
prediction: 230, radius: 0.1248, PSR: 3.949421792692048e-06 y: 230
prediction: 208, radius: 0.3197, PSR: 3.7601043528562226e-05 y: 208
prediction: 253, radius: 0.0929, PSR: 3.2543587858982823e-06 y: 254
prediction: 206, radius: 0.1716, PSR: 1.0349207608407535e-05 y: 206
[91mprediction: -1, radius: 0.0000, PSR: 0.0 y: 139[0m
prediction: 180, radius: 0.1508, PSR: 5.732774217421634e-06 y: 180
prediction: 58, radius: 0.0857, PSR: 3.6646324066026276e-06 y: 58
prediction: 84, radius: 0.2756, PSR: 3.068494164316873e-05 y: 84
prediction: 113, radius: 0.2314, PSR: 1.844552209850929e-05 y: 113
prediction: 67, radius: 0.0870, PSR: 3.263595481560068e-06 y: 99
[91mprediction: -1, radius: 0.0000, PSR: 0.0 y: 89[0m
prediction: 193, radius: 0.0949, PSR: 2.4209283543095166e-06 y: 171
prediction: 41, radius: 0.0706, PSR: 1.9927350292390495e-06 y: 74
prediction: 16, radius: 0.3214, PSR: 2.4774442181272707e-05 y: 18
prediction: 170, radius: 0.2185, PSR: 1.4315256216338245e-05 y: 170
prediction: 115, radius: 0.5499, PSR: 8.552820332300006e-05 y: 115
prediction: 117, radius: 0.4917, PSR: 0.00010117163704393802 y: 117
prediction: 115, radius: 0.5138, PSR: 0.00011654648905640975 y: 115
prediction: 53, radius: 0.1286, PSR: 5.5075507361902966e-06 y: 53
prediction: 132, radius: 0.1932, PSR: 1.1474484484064978e-05 y: 132
prediction: 65, radius: 0.1396, PSR: 7.477305894252031e-06 y: 67
prediction: 32, radius: 0.0773, PSR: 1.748993317464471e-06 y: 10
prediction: 82, radius: 0.6397, PSR: 0.00010927490817919433 y: 82
prediction: 205, radius: 0.2075, PSR: 1.8955114878242607e-05 y: 205
prediction: 229, radius: 0.1528, PSR: 8.721815416879934e-06 y: 229
prediction: 51, radius: 0.1474, PSR: 1.1552580578516766e-05 y: 51
[91mprediction: -1, radius: 0.0000, PSR: 0.0 y: 139[0m
prediction: 194, radius: 0.1208, PSR: 3.4145906599208463e-06 y: 247
[91mprediction: -1, radius: 0.0000, PSR: 0.0 y: 209[0m
prediction: 178, radius: 0.4301, PSR: 5.515375670432029e-05 y: 178
prediction: 23, radius: 0.2077, PSR: 9.816242929794083e-06 y: 23
prediction: 155, radius: 0.3094, PSR: 3.4108695581174656e-05 y: 179
[91mprediction: -1, radius: 0.0000, PSR: 0.0 y: 275[0m
prediction: 33, radius: 0.0467, PSR: 5.069975398268337e-07 y: 26
prediction: 132, radius: 0.0984, PSR: 3.5186350582141617e-06 y: 132
prediction: 233, radius: 0.3749, PSR: 3.5824041633889446e-05 y: 233
prediction: 33, radius: 0.2485, PSR: 1.739830802923269e-05 y: 15
prediction: 10, radius: 0.4524, PSR: 6.329517744424607e-05 y: 32
prediction: 64, radius: 0.1159, PSR: 4.687893202561447e-06 y: 64
prediction: 195, radius: 0.0725, PSR: 2.09612926694038e-06 y: 195
prediction: 110, radius: 0.4834, PSR: 9.595724107368664e-05 y: 110
prediction: 165, radius: 0.3546, PSR: 3.293221550878737e-05 y: 165
prediction: 42, radius: 0.5499, PSR: 9.287484162595367e-05 y: 42
prediction: 217, radius: 0.2478, PSR: 1.7099025447311122e-05 y: 217
prediction: 184, radius: 0.0327, PSR: 3.512677210211012e-07 y: 252
prediction: 21, radius: 0.3256, PSR: 2.4210106449038752e-05 y: 21
prediction: 268, radius: 0.6397, PSR: 0.00017634535205171526 y: 268
[91mprediction: -1, radius: 0.0000, PSR: 0.0 y: 123[0m
prediction: 83, radius: 0.3318, PSR: 4.230911624636071e-05 y: 83
prediction: 55, radius: 0.4700, PSR: 0.00011540542950255727 y: 55
prediction: 182, radius: 0.1209, PSR: 4.380308434058072e-06 y: 239
prediction: 162, radius: 0.4361, PSR: 6.672527049947225e-05 y: 162
prediction: 195, radius: 0.1498, PSR: 6.94023526063196e-06 y: 230
prediction: 186, radius: 0.6112, PSR: 0.00011980106093181499 y: 186
prediction: 169, radius: 0.3453, PSR: 2.9985202801700497e-05 y: 169
prediction: 235, radius: 0.6397, PSR: 0.0001032859478534164 y: 235
prediction: 194, radius: 0.1928, PSR: 1.2083810727984533e-05 y: 187
prediction: 160, radius: 0.4868, PSR: 9.069508239038925e-05 y: 160
prediction: 92, radius: 0.4129, PSR: 6.0525049221758147e-05 y: 92
prediction: 57, radius: 0.2284, PSR: 2.2551490134159063e-05 y: 57
prediction: 23, radius: 0.2763, PSR: 1.715086524469215e-05 y: 6
[91mprediction: -1, radius: 0.0000, PSR: 0.0 y: 180[0m
prediction: 176, radius: 0.3664, PSR: 4.603921681701578e-05 y: 176
prediction: 253, radius: 0.1679, PSR: 1.1425272311021519e-05 y: 254
prediction: 173, radius: 0.6397, PSR: 0.0001225759582258446 y: 173
prediction: 58, radius: 0.4509, PSR: 7.69794837818171e-05 y: 58
[91mprediction: -1, radius: 0.0000, PSR: 0.0 y: 19[0m
prediction: 44, radius: 0.3250, PSR: 4.8616773363315916e-05 y: 44
prediction: 58, radius: 0.0106, PSR: 5.143681895057296e-08 y: 58
prediction: 65, radius: 0.1305, PSR: 7.78982615518951e-06 y: 65
prediction: 112, radius: 0.5120, PSR: 9.094755165235164e-05 y: 112
prediction: 193, radius: 0.3123, PSR: 3.094080581427268e-05 y: 193
prediction: 200, radius: 0.4262, PSR: 5.659892118825035e-05 y: 200
prediction: 194, radius: 0.0573, PSR: 1.2629579658854574e-06 y: 194
prediction: 62, radius: 0.2045, PSR: 1.902240998950797e-05 y: 74
prediction: 136, radius: 0.2597, PSR: 2.3266428014533294e-05 y: 136
prediction: 117, radius: 0.4418, PSR: 8.748722863448005e-05 y: 117
prediction: 205, radius: 0.4124, PSR: 6.271001942046113e-05 y: 205
prediction: 222, radius: 0.4516, PSR: 8.092298517817569e-05 y: 222
prediction: 46, radius: 0.1806, PSR: 1.259733624463901e-05 y: 46
[91mprediction: -1, radius: 0.0000, PSR: 0.0 y: 107[0m
prediction: 243, radius: 0.0781, PSR: 1.8249837382119649e-06 y: 243
[91mprediction: -1, radius: 0.0000, PSR: 0.0 y: 230[0m
prediction: 0, radius: 0.0199, PSR: 1.1016092174191333e-07 y: 28
prediction: 104, radius: 0.6397, PSR: 9.546158415977001e-05 y: 104
prediction: 255, radius: 0.4868, PSR: 0.00011344325237300859 y: 263
prediction: 230, radius: 0.4342, PSR: 4.577291397679413e-05 y: 206
prediction: 260, radius: 0.5339, PSR: 9.186962046806515e-05 y: 263
prediction: 20, radius: 0.6397, PSR: 9.282724971487533e-05 y: 39
prediction: 33, radius: 0.1233, PSR: 3.906408063419242e-06 y: 36
prediction: 88, radius: 0.2726, PSR: 2.73685202578047e-05 y: 88
prediction: 109, radius: 0.4969, PSR: 7.157531087776254e-05 y: 109
prediction: 267, radius: 0.2115, PSR: 1.3001544957737781e-05 y: 259
prediction: 181, radius: 0.1007, PSR: 3.915897007754044e-06 y: 185
prediction: 153, radius: 0.6397, PSR: 0.000150820074976379 y: 153
prediction: 193, radius: 0.2231, PSR: 1.2718577007481416e-05 y: 193
prediction: 70, radius: 0.0755, PSR: 1.8508441281790646e-06 y: 95
prediction: 150, radius: 0.2467, PSR: 2.3649798439724577e-05 y: 150
prediction: 146, radius: 0.5056, PSR: 6.084310433286206e-05 y: 146
prediction: 67, radius: 0.0990, PSR: 3.559013383357098e-06 y: 103
prediction: 50, radius: 0.2961, PSR: 3.774673686464803e-05 y: 50
prediction: 268, radius: 0.6397, PSR: 0.00018574186982762275 y: 268
prediction: 16, radius: 0.2220, PSR: 1.340953317901268e-05 y: 18
prediction: 112, radius: 0.3130, PSR: 4.060411376452204e-05 y: 112
prediction: 244, radius: 0.3577, PSR: 3.3066202837394455e-05 y: 244
prediction: 157, radius: 0.2327, PSR: 1.6586473595165228e-05 y: 204
prediction: 265, radius: 0.0297, PSR: 3.5506424884919183e-07 y: 265
prediction: 119, radius: 0.2901, PSR: 3.1464248274406055e-05 y: 119
prediction: 217, radius: 0.3915, PSR: 5.3853323176169495e-05 y: 217
prediction: 121, radius: 0.5104, PSR: 6.675937253459101e-05 y: 121
prediction: 218, radius: 0.1023, PSR: 4.58388799893231e-06 y: 218
prediction: 241, radius: 0.1160, PSR: 3.558680934046403e-06 y: 241
prediction: 271, radius: 0.2901, PSR: 3.543231182996647e-05 y: 271
prediction: 146, radius: 0.5469, PSR: 0.00011709290980484367 y: 146
prediction: 175, radius: 0.3329, PSR: 3.672008310815706e-05 y: 175
[91mprediction: -1, radius: 0.0000, PSR: 0.0 y: 21[0m
prediction: 273, radius: 0.5173, PSR: 9.249436754701421e-05 y: 273
prediction: 198, radius: 0.1237, PSR: 5.2930387929587685e-06 y: 198
prediction: 194, radius: 0.1849, PSR: 8.010098277057194e-06 y: 249
prediction: 18, radius: 0.1804, PSR: 7.523007835087398e-06 y: 33
prediction: 59, radius: 0.4917, PSR: 8.628901080730468e-05 y: 59
prediction: 249, radius: 0.3326, PSR: 3.818958348230857e-05 y: 249
prediction: 231, radius: 0.0369, PSR: 4.6468302466926033e-07 y: 231
prediction: 241, radius: 0.1494, PSR: 8.491936232805543e-06 y: 241
prediction: 173, radius: 0.3342, PSR: 4.3396727488654254e-05 y: 173
prediction: 67, radius: 0.3818, PSR: 5.7834823069233546e-05 y: 67
prediction: 171, radius: 0.2108, PSR: 1.3365881102985698e-05 y: 172
prediction: 64, radius: 0.0120, PSR: 4.5971265864538e-08 y: 64
prediction: 173, radius: 0.0767, PSR: 2.042111390380102e-06 y: 173
[91mprediction: -1, radius: 0.0000, PSR: 0.0 y: 133[0m
prediction: 62, radius: 0.0981, PSR: 4.449625041368291e-06 y: 62
prediction: 162, radius: 0.0743, PSR: 1.6770660414180298e-06 y: 177
prediction: 61, radius: 0.2056, PSR: 2.0602407751330855e-05 y: 61
prediction: 228, radius: 0.3073, PSR: 3.4808402223218426e-05 y: 228
prediction: 87, radius: 0.3028, PSR: 2.655399291809518e-05 y: 87
prediction: 141, radius: 0.2802, PSR: 2.7176147438356238e-05 y: 141
prediction: 143, radius: 0.6397, PSR: 0.0001228057687733308 y: 143
prediction: 173, radius: 0.6228, PSR: 0.00012776832386619027 y: 173
prediction: 165, radius: 0.2583, PSR: 2.302069096911205e-05 y: 165
prediction: 24, radius: 0.2102, PSR: 1.1319448456934061e-05 y: 24
prediction: 81, radius: 0.0668, PSR: 2.0227420893715233e-06 y: 81
prediction: 151, radius: 0.6397, PSR: 0.00015019241978340457 y: 151
prediction: 4, radius: 0.0706, PSR: 1.1592238160515308e-06 y: 4
prediction: 18, radius: 0.0278, PSR: 1.7785883226983611e-07 y: 21
prediction: 41, radius: 0.3368, PSR: 4.031758939452474e-05 y: 41
prediction: 254, radius: 0.0616, PSR: 1.8125025168696094e-06 y: 254
prediction: 33, radius: 0.3458, PSR: 3.0113200635683267e-05 y: 19
prediction: 98, radius: 0.1088, PSR: 5.7332127567660775e-06 y: 98
prediction: 142, radius: 0.3676, PSR: 4.775896373715421e-05 y: 142
[91mprediction: -1, radius: 0.0000, PSR: 0.0 y: 192[0m
prediction: 68, radius: 0.4005, PSR: 4.879385129124288e-05 y: 270
prediction: 66, radius: 0.0595, PSR: 1.3533661224486596e-06 y: 66
prediction: 183, radius: 0.2660, PSR: 2.606319445976211e-05 y: 183
prediction: 127, radius: 0.1587, PSR: 7.161666571287489e-06 y: 127
prediction: 0, radius: 0.1396, PSR: 5.586959922647306e-06 y: 0
prediction: 48, radius: 0.3801, PSR: 6.330350140094637e-05 y: 48
prediction: 18, radius: 0.4219, PSR: 4.080459766050683e-05 y: 37
prediction: 186, radius: 0.5879, PSR: 8.80992585475825e-05 y: 186
prediction: 179, radius: 0.3077, PSR: 3.224378708682656e-05 y: 179
prediction: 197, radius: 0.0816, PSR: 2.1182195165725764e-06 y: 215
prediction: 195, radius: 0.3344, PSR: 2.5875908667022955e-05 y: 195
prediction: 154, radius: 0.5211, PSR: 6.776794654831869e-05 y: 154
prediction: 194, radius: 0.0237, PSR: 2.0495350134643382e-07 y: 187
prediction: 113, radius: 0.0546, PSR: 1.0738413059446554e-06 y: 141
prediction: 157, radius: 0.2684, PSR: 2.7048188945155528e-05 y: 157
prediction: 8, radius: 0.2570, PSR: 1.584070647179836e-05 y: 8
prediction: 138, radius: 0.3093, PSR: 2.5434020907875434e-05 y: 138
[91mprediction: -1, radius: 0.0000, PSR: 0.0 y: 209[0m
prediction: 222, radius: 0.2461, PSR: 2.2349937146531193e-05 y: 222
prediction: 25, radius: 0.0957, PSR: 2.74262881827538e-06 y: 25
prediction: 125, radius: 0.0748, PSR: 2.2670708829842225e-06 y: 125
prediction: 115, radius: 0.5388, PSR: 8.989690445954497e-05 y: 115
prediction: 135, radius: 0.4729, PSR: 8.32701757061082e-05 y: 135
prediction: 237, radius: 0.0640, PSR: 1.3200991400161245e-06 y: 237
prediction: 194, radius: 0.2339, PSR: 1.3923978066281865e-05 y: 187
prediction: 138, radius: 0.4342, PSR: 5.9989223972702084e-05 y: 138
prediction: 206, radius: 0.1064, PSR: 3.945490680764678e-06 y: 206
prediction: 164, radius: 0.4219, PSR: 4.7616104212900665e-05 y: 164
prediction: 214, radius: 0.0762, PSR: 1.6466028212976247e-06 y: 214
prediction: 121, radius: 0.1584, PSR: 9.13389270386968e-06 y: 121
prediction: 19, radius: 0.1149, PSR: 3.018803800202257e-06 y: 16
prediction: 56, radius: 0.0635, PSR: 1.4961919148845748e-06 y: 56
prediction: 132, radius: 0.0692, PSR: 1.917004559377626e-06 y: 132
prediction: 260, radius: 0.0621, PSR: 1.8702657396900695e-06 y: 260
prediction: 34, radius: 0.1171, PSR: 2.9656847599978913e-06 y: 38
prediction: 122, radius: 0.6397, PSR: 0.00010798134147778306 y: 122
prediction: 184, radius: 0.6112, PSR: 0.00014051140748164246 y: 184
prediction: 157, radius: 0.4682, PSR: 6.747555934054883e-05 y: 157
prediction: 41, radius: 0.5251, PSR: 9.557928216743762e-05 y: 41
[91mprediction: -1, radius: 0.0000, PSR: 0.0 y: 89[0m
prediction: 226, radius: 0.6397, PSR: 0.00012823152184809674 y: 226
prediction: 179, radius: 0.4473, PSR: 6.858651846061074e-05 y: 179
prediction: 253, radius: 0.0704, PSR: 1.477653309695824e-06 y: 254
prediction: 2, radius: 0.6397, PSR: 0.0001351179838382763 y: 2
[91mprediction: -1, radius: 0.0000, PSR: 0.0 y: 215[0m
prediction: 201, radius: 0.5271, PSR: 7.532656230072832e-05 y: 201
prediction: 230, radius: 0.4790, PSR: 8.448433142551736e-05 y: 230
prediction: 264, radius: 0.3926, PSR: 7.187381109480567e-05 y: 272
prediction: 67, radius: 0.2144, PSR: 2.162609485637729e-05 y: 65
prediction: 76, radius: 0.6397, PSR: 0.00015856014793101425 y: 76
prediction: 222, radius: 0.0022, PSR: 1.4337214896254072e-09 y: 222
prediction: 187, radius: 0.1003, PSR: 2.772215212790453e-06 y: 187
prediction: 261, radius: 0.3527, PSR: 5.833245355363288e-05 y: 261
prediction: 134, radius: 0.3324, PSR: 3.596430829851323e-05 y: 134
prediction: 117, radius: 0.5414, PSR: 8.542597864170343e-05 y: 117
prediction: 87, radius: 0.3572, PSR: 3.9033886947072926e-05 y: 87
prediction: 209, radius: 0.0250, PSR: 1.7178184182162098e-07 y: 204
prediction: 11, radius: 0.3399, PSR: 2.7325280459998443e-05 y: 17
prediction: 154, radius: 0.4834, PSR: 9.284429960796595e-05 y: 154
prediction: 58, radius: 0.0152, PSR: 7.836324778169007e-08 y: 58
prediction: 102, radius: 0.0309, PSR: 3.823862336286308e-07 y: 102
prediction: 228, radius: 0.4399, PSR: 6.455204621756903e-05 y: 228
prediction: 117, radius: 0.5564, PSR: 8.469433155642225e-05 y: 117
prediction: 224, radius: 0.1797, PSR: 1.2049528037185677e-05 y: 224
prediction: 110, radius: 0.2543, PSR: 2.0927962461881282e-05 y: 94
prediction: 191, radius: 0.4812, PSR: 8.121577021350608e-05 y: 191
prediction: 199, radius: 0.2127, PSR: 1.3853724142724264e-05 y: 199
prediction: 172, radius: 0.1151, PSR: 5.4362352975408155e-06 y: 172
prediction: 61, radius: 0.1916, PSR: 1.304907914843469e-05 y: 61
prediction: 129, radius: 0.3788, PSR: 5.167649565254846e-05 y: 129
prediction: 207, radius: 0.3849, PSR: 5.268032165300254e-05 y: 207
prediction: 191, radius: 0.4031, PSR: 7.619016595175112e-05 y: 242
prediction: 182, radius: 0.1248, PSR: 5.170712865190252e-06 y: 243
prediction: 25, radius: 0.6397, PSR: 0.00012393203446331688 y: 32
prediction: 49, radius: 0.3664, PSR: 4.7640790633529056e-05 y: 49
prediction: 105, radius: 0.1844, PSR: 1.2468777881066325e-05 y: 105
prediction: 63, radius: 0.4710, PSR: 7.306160186126346e-05 y: 63
prediction: 108, radius: 0.6397, PSR: 0.00015728871068969633 y: 108
prediction: 147, radius: 0.6112, PSR: 0.00014458365370443042 y: 147
prediction: 46, radius: 0.5821, PSR: 9.80778896202484e-05 y: 46
prediction: 31, radius: 0.0530, PSR: 6.749878918963245e-07 y: 8
prediction: 122, radius: 0.6020, PSR: 0.00012070706220747801 y: 122
prediction: 22, radius: 0.6397, PSR: 0.000110058688709297 y: 22
prediction: 123, radius: 0.2001, PSR: 1.647141318746531e-05 y: 123
prediction: 157, radius: 0.0295, PSR: 2.1158674760792006e-07 y: 204
prediction: 167, radius: 0.6397, PSR: 0.00011888817750019722 y: 167
prediction: 33, radius: 0.0863, PSR: 1.841279728894475e-06 y: 36
[91mprediction: -1, radius: 0.0000, PSR: 0.0 y: 240[0m
prediction: 192, radius: 0.1061, PSR: 3.868484855397709e-06 y: 215
prediction: 156, radius: 0.5769, PSR: 0.00010242168539830162 y: 156
[91mprediction: -1, radius: 0.0000, PSR: 0.0 y: 57[0m
prediction: 110, radius: 0.6397, PSR: 0.00010916304154692832 y: 110
prediction: 229, radius: 0.6397, PSR: 0.00010836630414153357 y: 229
prediction: 40, radius: 0.4749, PSR: 6.559116646803324e-05 y: 40
prediction: 9, radius: 0.2661, PSR: 1.6090566117157435e-05 y: 30
[91mprediction: -1, radius: 0.0000, PSR: 0.0 y: 68[0m
prediction: 109, radius: 0.3782, PSR: 4.5084371963810356e-05 y: 109
prediction: 42, radius: 0.4524, PSR: 6.763559215629226e-05 y: 42
prediction: 93, radius: 0.0300, PSR: 2.480394175530315e-07 y: 93
prediction: 251, radius: 0.4868, PSR: 6.33928397984712e-05 y: 251
prediction: 271, radius: 0.2216, PSR: 1.974289122887054e-05 y: 271
prediction: 80, radius: 0.6397, PSR: 0.00014180242226821007 y: 80
prediction: 246, radius: 0.1571, PSR: 7.730307879750124e-06 y: 246
[91mprediction: -1, radius: 0.0000, PSR: 0.0 y: 133[0m
prediction: 226, radius: 0.4412, PSR: 6.425398696927658e-05 y: 226
prediction: 266, radius: 0.5879, PSR: 0.00012906447758685968 y: 266
prediction: 115, radius: 0.6397, PSR: 0.00015133826300657403 y: 115
prediction: 219, radius: 0.3320, PSR: 3.097557555575615e-05 y: 219
[91mprediction: -1, radius: 0.0000, PSR: 0.0 y: 33[0m
prediction: 147, radius: 0.2036, PSR: 1.5149899387405915e-05 y: 147
prediction: 106, radius: 0.6397, PSR: 0.00023198834586714398 y: 106
prediction: 44, radius: 0.5441, PSR: 9.581132346554875e-05 y: 44
prediction: 105, radius: 0.0051, PSR: 8.845064704653913e-09 y: 105
prediction: 145, radius: 0.3553, PSR: 4.363690325963216e-05 y: 145
prediction: 80, radius: 0.6397, PSR: 0.0001174399293693893 y: 80
[91mprediction: -1, radius: 0.0000, PSR: 0.0 y: 111[0m
prediction: 252, radius: 0.2137, PSR: 1.4837254484476891e-05 y: 252
prediction: 56, radius: 0.0950, PSR: 3.918664497016935e-06 y: 56
prediction: 269, radius: 0.0609, PSR: 1.3249623767452187e-06 y: 269
prediction: 184, radius: 0.0077, PSR: 2.1730474956459935e-08 y: 218
prediction: 9, radius: 0.0118, PSR: 3.253035415004638e-08 y: 8
[91mprediction: -1, radius: 0.0000, PSR: 0.0 y: 215[0m
prediction: 237, radius: 0.0830, PSR: 2.5433900360234577e-06 y: 237
prediction: 257, radius: 0.0490, PSR: 1.009522548467156e-06 y: 257
prediction: 214, radius: 0.0805, PSR: 2.1953665827748063e-06 y: 214
prediction: 257, radius: 0.2920, PSR: 2.9982806498854525e-05 y: 257
prediction: 105, radius: 0.1171, PSR: 4.988015978559019e-06 y: 105
prediction: 55, radius: 0.2712, PSR: 3.486387330483303e-05 y: 55
[91mprediction: -1, radius: 0.0000, PSR: 0.0 y: 231[0m
prediction: 141, radius: 0.3134, PSR: 2.4686873763172977e-05 y: 141
prediction: 78, radius: 0.2672, PSR: 3.383974886946211e-05 y: 78
prediction: 131, radius: 0.0331, PSR: 5.435245219630928e-07 y: 131
prediction: 67, radius: 0.0885, PSR: 3.1909837808466874e-06 y: 89
[91mprediction: -1, radius: 0.0000, PSR: 0.0 y: 72[0m
prediction: 156, radius: 0.1813, PSR: 1.3189347972066302e-05 y: 156
prediction: 232, radius: 0.3945, PSR: 5.674695009228855e-05 y: 232
prediction: 100, radius: 0.0556, PSR: 1.3832546229086812e-06 y: 100
prediction: 176, radius: 0.3878, PSR: 4.614929511099104e-05 y: 176
prediction: 216, radius: 0.1554, PSR: 9.879438817079202e-06 y: 216
[91mprediction: -1, radius: 0.0000, PSR: 0.0 y: 21[0m
prediction: 64, radius: 0.2394, PSR: 1.790897324836318e-05 y: 64
prediction: 47, radius: 0.1830, PSR: 1.5704921013063566e-05 y: 47
prediction: 157, radius: 0.0133, PSR: 6.078054584840808e-08 y: 204
prediction: 190, radius: 0.3510, PSR: 3.18192980862091e-05 y: 190
[91mprediction: -1, radius: 0.0000, PSR: 0.0 y: 56[0m
prediction: 67, radius: 0.0315, PSR: 3.8184468858768236e-07 y: 111
prediction: 165, radius: 0.3066, PSR: 3.2865582271584496e-05 y: 165
prediction: 5, radius: 0.5211, PSR: 6.177367514605753e-05 y: 29
prediction: 48, radius: 0.5531, PSR: 0.0001151803581512847 y: 48
prediction: 257, radius: 0.6397, PSR: 0.00010428636250438594 y: 257
[91mprediction: -1, radius: 0.0000, PSR: 0.0 y: 64[0m
prediction: 18, radius: 0.3066, PSR: 2.7190897856512492e-05 y: 15
[91mprediction: -1, radius: 0.0000, PSR: 0.0 y: 47[0m
[91mprediction: -1, radius: 0.0000, PSR: 0.0 y: 209[0m
prediction: 251, radius: 0.0089, PSR: 3.952736906862364e-08 y: 214
prediction: 271, radius: 0.3911, PSR: 6.662015585078509e-05 y: 271
prediction: 16, radius: 0.3169, PSR: 2.6760959342866992e-05 y: 15
prediction: 100, radius: 0.0736, PSR: 1.8295638921757836e-06 y: 73
prediction: 67, radius: 0.3543, PSR: 4.411622298913824e-05 y: 103
prediction: 51, radius: 0.2408, PSR: 2.5695485416479094e-05 y: 51
[91mprediction: -1, radius: 0.0000, PSR: 0.0 y: 170[0m
prediction: 60, radius: 0.0785, PSR: 2.6559088610947048e-06 y: 60
prediction: 235, radius: 0.1763, PSR: 8.522495863046168e-06 y: 235
prediction: 238, radius: 0.3621, PSR: 4.85928914492178e-05 y: 238
prediction: 136, radius: 0.6397, PSR: 0.0001444555933410768 y: 136
prediction: 92, radius: 0.2962, PSR: 3.8553588948110876e-05 y: 92
prediction: 128, radius: 0.4124, PSR: 6.952821451396791e-05 y: 128
prediction: 238, radius: 0.0545, PSR: 9.8164814881966e-07 y: 238
[91mprediction: -1, radius: 0.0000, PSR: 0.0 y: 224[0m
prediction: 194, radius: 0.0790, PSR: 2.182571573836416e-06 y: 194
[91mprediction: -1, radius: 0.0000, PSR: 0.0 y: 73[0m
prediction: 169, radius: 0.3911, PSR: 4.4061512783365944e-05 y: 169
prediction: 273, radius: 0.0866, PSR: 1.908974971830061e-06 y: 270
prediction: 171, radius: 0.1165, PSR: 4.267204272421308e-06 y: 171
prediction: 260, radius: 0.4487, PSR: 7.386018041836742e-05 y: 263
prediction: 137, radius: 0.4245, PSR: 7.181278231683634e-05 y: 137
prediction: 193, radius: 0.0981, PSR: 3.382789065386778e-06 y: 193
prediction: 233, radius: 0.0353, PSR: 4.164672224113503e-07 y: 233
prediction: 201, radius: 0.0925, PSR: 2.042106615081868e-06 y: 201
prediction: 151, radius: 0.5879, PSR: 0.0001250591952359974 y: 151
[91mprediction: -1, radius: 0.0000, PSR: 0.0 y: 99[0m
prediction: 177, radius: 0.1054, PSR: 2.8650024817742564e-06 y: 189
prediction: 81, radius: 0.2118, PSR: 2.037740858956478e-05 y: 81
prediction: 182, radius: 0.0862, PSR: 1.9459596200817198e-06 y: 168
prediction: 11, radius: 0.1519, PSR: 5.179204559926228e-06 y: 26
Average radius for psr_0.5_std_1: 0.3295058985687653
---------------------------------------------------------------------------------------------------------
prediction: 67, radius: 0.0230, PSR: 2.0398124522115805e-07 y: 90
prediction: 174, radius: 0.0943, PSR: 3.1164715353680027e-06 y: 174
prediction: 0, radius: 0.0492, PSR: 6.228013970594458e-07 y: 5
prediction: 27, radius: 0.6397, PSR: 0.0001086026913626716 y: 27
prediction: 67, radius: 0.3068, PSR: 3.601945488871522e-05 y: 89
prediction: 20, radius: 0.6397, PSR: 0.00010432234386270972 y: 39
prediction: 131, radius: 0.1988, PSR: 1.3184415697419246e-05 y: 131
[91mprediction: -1, radius: 0.0000, PSR: 0.0 y: 73[0m
prediction: 119, radius: 0.0405, PSR: 6.83003100749756e-07 y: 119
prediction: 182, radius: 0.0283, PSR: 3.453175959322808e-07 y: 227
prediction: 33, radius: 0.3455, PSR: 3.295104968767387e-05 y: 15
prediction: 87, radius: 0.1781, PSR: 1.0879420119383767e-05 y: 87
prediction: 212, radius: 0.0516, PSR: 9.68963286109752e-07 y: 223
prediction: 59, radius: 0.2930, PSR: 3.3872796086225624e-05 y: 59
prediction: 255, radius: 0.3236, PSR: 5.398216552587122e-05 y: 255
prediction: 20, radius: 0.6397, PSR: 9.83164734334637e-05 y: 39
prediction: 91, radius: 0.6397, PSR: 0.00023304266955740668 y: 91
prediction: 18, radius: 0.0670, PSR: 1.083184226008514e-06 y: 36
prediction: 72, radius: 0.1227, PSR: 6.635207110354921e-06 y: 72
prediction: 47, radius: 0.0814, PSR: 2.9601641377414934e-06 y: 47
prediction: 117, radius: 0.5678, PSR: 8.812172562951929e-05 y: 117
prediction: 164, radius: 0.0197, PSR: 1.3037805287273564e-07 y: 164
prediction: 163, radius: 0.1998, PSR: 1.2443384444070773e-05 y: 163
prediction: 102, radius: 0.3919, PSR: 6.902138053141674e-05 y: 102
prediction: 203, radius: 0.1979, PSR: 1.1437086458399983e-05 y: 166
prediction: 184, radius: 0.1707, PSR: 8.665636714951468e-06 y: 252
prediction: 19, radius: 0.0731, PSR: 1.2172474061488694e-06 y: 34
prediction: 190, radius: 0.3530, PSR: 3.076677765107502e-05 y: 201
prediction: 132, radius: 0.1599, PSR: 7.366157965610953e-06 y: 132
prediction: 251, radius: 0.0766, PSR: 1.7629652749541084e-06 y: 251
prediction: 68, radius: 0.5637, PSR: 0.0001162090616292151 y: 68
prediction: 173, radius: 0.3036, PSR: 2.873234755842351e-05 y: 155
prediction: 238, radius: 0.1967, PSR: 1.5690065934470788e-05 y: 238
prediction: 230, radius: 0.2881, PSR: 2.838393254928068e-05 y: 230
prediction: 92, radius: 0.2272, PSR: 2.2936692661992337e-05 y: 92
prediction: 179, radius: 0.5678, PSR: 0.00014640351620331376 y: 179
[91mprediction: -1, radius: 0.0000, PSR: 0.0 y: 131[0m
prediction: 253, radius: 0.6397, PSR: 0.00011493562485413635 y: 253
prediction: 182, radius: 0.2009, PSR: 1.5957138995476163e-05 y: 182
prediction: 167, radius: 0.6228, PSR: 0.00014558708565590674 y: 167
prediction: 10, radius: 0.3652, PSR: 4.301621324734634e-05 y: 32
prediction: 219, radius: 0.0012, PSR: 3.5704666788346854e-10 y: 217
prediction: 222, radius: 0.2052, PSR: 1.8613171104833416e-05 y: 222
prediction: 91, radius: 0.6397, PSR: 0.0001757770934432529 y: 91
prediction: 62, radius: 0.4106, PSR: 6.0737208258586596e-05 y: 62
prediction: 171, radius: 0.0641, PSR: 1.0234754953834082e-06 y: 171
prediction: 69, radius: 0.2748, PSR: 1.8755599874301216e-05 y: 69
prediction: 251, radius: 0.0255, PSR: 1.959426156710566e-07 y: 251
prediction: 194, radius: 0.3451, PSR: 3.946391076979699e-05 y: 196
prediction: 232, radius: 0.3882, PSR: 5.1110073910174276e-05 y: 232
prediction: 150, radius: 0.1008, PSR: 3.792348945619594e-06 y: 150
prediction: 143, radius: 0.2991, PSR: 3.918255958873255e-05 y: 143
[91mprediction: -1, radius: 0.0000, PSR: 0.0 y: 270[0m
prediction: 230, radius: 0.0732, PSR: 1.4328842933051556e-06 y: 220
prediction: 258, radius: 0.6228, PSR: 0.00016824850737979323 y: 258
prediction: 274, radius: 0.0133, PSR: 7.319903134055146e-08 y: 274
prediction: 74, radius: 0.2869, PSR: 2.6350696718314508e-05 y: 74
prediction: 255, radius: 0.5363, PSR: 9.80077562870313e-05 y: 263
prediction: 167, radius: 0.6397, PSR: 0.00012645432032194867 y: 167
prediction: 148, radius: 0.1151, PSR: 4.607665412771811e-06 y: 155
prediction: 64, radius: 0.1433, PSR: 6.939174893567497e-06 y: 64
prediction: 137, radius: 0.5087, PSR: 0.00011828339955469924 y: 137
[91mprediction: -1, radius: 0.0000, PSR: 0.0 y: 81[0m
prediction: 177, radius: 0.3482, PSR: 4.0122655000791886e-05 y: 177
prediction: 202, radius: 0.2692, PSR: 2.078193366850069e-05 y: 202
prediction: 65, radius: 0.0155, PSR: 1.0125536163082678e-07 y: 264
prediction: 123, radius: 0.0568, PSR: 1.3082477838422259e-06 y: 123
prediction: 100, radius: 0.4524, PSR: 6.277475172868435e-05 y: 100
prediction: 44, radius: 0.5678, PSR: 0.00011979427202993686 y: 44
prediction: 62, radius: 0.3205, PSR: 4.0418003715779974e-05 y: 62
prediction: 194, radius: 0.0648, PSR: 1.3241626914432422e-06 y: 196
prediction: 214, radius: 0.2554, PSR: 1.6973333930575098e-05 y: 214
prediction: 4, radius: 0.0371, PSR: 3.202409550723105e-07 y: 4
prediction: 25, radius: 0.4930, PSR: 8.000443591235355e-05 y: 32
prediction: 12, radius: 0.0003, PSR: 2.172555194391183e-11 y: 12
prediction: 264, radius: 0.4208, PSR: 7.632640706856188e-05 y: 264
prediction: 189, radius: 0.1922, PSR: 1.5157637024251432e-05 y: 189
prediction: 214, radius: 0.0302, PSR: 2.519970899009874e-07 y: 170
[91mprediction: -1, radius: 0.0000, PSR: 0.0 y: 236[0m
[91mprediction: -1, radius: 0.0000, PSR: 0.0 y: 13[0m
prediction: 195, radius: 0.5173, PSR: 8.914925250822514e-05 y: 195
prediction: 139, radius: 0.0380, PSR: 6.769821995503059e-07 y: 139
prediction: 132, radius: 0.1283, PSR: 5.034897734375943e-06 y: 132
[91mprediction: -1, radius: 0.0000, PSR: 0.0 y: 211[0m
[91mprediction: -1, radius: 0.0000, PSR: 0.0 y: 53[0m
prediction: 195, radius: 0.0520, PSR: 9.784861272340155e-07 y: 224
prediction: 56, radius: 0.2416, PSR: 2.8423573541545676e-05 y: 56
prediction: 72, radius: 0.1949, PSR: 1.4839846239466017e-05 y: 72
[91mprediction: -1, radius: 0.0000, PSR: 0.0 y: 81[0m
prediction: 157, radius: 0.0104, PSR: 3.423552051083422e-08 y: 170
prediction: 156, radius: 0.4845, PSR: 7.966669085683044e-05 y: 156
prediction: 16, radius: 0.3849, PSR: 3.5790052561158016e-05 y: 11
prediction: 197, radius: 0.0617, PSR: 1.4715663755331502e-06 y: 197
prediction: 262, radius: 0.0717, PSR: 2.035889705058664e-06 y: 262
prediction: 135, radius: 0.4917, PSR: 9.711082837546559e-05 y: 135
[91mprediction: -1, radius: 0.0000, PSR: 0.0 y: 231[0m
prediction: 3, radius: 0.6397, PSR: 9.362260525811132e-05 y: 3
prediction: 130, radius: 0.0797, PSR: 2.5141297363311836e-06 y: 89
prediction: 110, radius: 0.5879, PSR: 9.147593063252364e-05 y: 110
prediction: 25, radius: 0.4399, PSR: 5.843375571066575e-05 y: 25
[91mprediction: -1, radius: 0.0000, PSR: 0.0 y: 74[0m
prediction: 70, radius: 0.0179, PSR: 9.502194317969999e-08 y: 70
prediction: 195, radius: 0.1895, PSR: 1.0658508079085122e-05 y: 194
prediction: 167, radius: 0.6397, PSR: 0.00010827740692825756 y: 167
prediction: 79, radius: 0.0234, PSR: 2.160490808427227e-07 y: 79
[91mprediction: -1, radius: 0.0000, PSR: 0.0 y: 65[0m
prediction: 223, radius: 0.1662, PSR: 9.235866031051418e-06 y: 231
prediction: 230, radius: 0.0916, PSR: 2.1265412482707706e-06 y: 230
prediction: 208, radius: 0.3110, PSR: 3.5585379300566825e-05 y: 208
prediction: 253, radius: 0.1437, PSR: 7.79551952657268e-06 y: 254
prediction: 206, radius: 0.1406, PSR: 6.941350615836007e-06 y: 206
[91mprediction: -1, radius: 0.0000, PSR: 0.0 y: 139[0m
prediction: 180, radius: 0.1117, PSR: 3.142848574214819e-06 y: 180
prediction: 58, radius: 0.0740, PSR: 2.7370088415851164e-06 y: 58
prediction: 84, radius: 0.2583, PSR: 2.696128124816498e-05 y: 84
prediction: 113, radius: 0.2059, PSR: 1.4598958468249934e-05 y: 113
prediction: 67, radius: 0.1109, PSR: 5.3081806922291556e-06 y: 99
[91mprediction: -1, radius: 0.0000, PSR: 0.0 y: 89[0m
prediction: 193, radius: 0.1353, PSR: 4.9219423187661055e-06 y: 171
prediction: 41, radius: 0.1070, PSR: 4.567368788559238e-06 y: 74
prediction: 16, radius: 0.3706, PSR: 3.292651711686746e-05 y: 18
prediction: 170, radius: 0.1933, PSR: 1.1202354969210071e-05 y: 170
prediction: 115, radius: 0.5315, PSR: 7.989722084654584e-05 y: 115
prediction: 117, radius: 0.4905, PSR: 0.00010065223116140555 y: 117
prediction: 115, radius: 0.4868, PSR: 0.00010464587607419494 y: 115
prediction: 53, radius: 0.1030, PSR: 3.5368411915118677e-06 y: 53
prediction: 132, radius: 0.1649, PSR: 8.362058166691748e-06 y: 132
prediction: 65, radius: 0.1780, PSR: 1.2151607574553995e-05 y: 67
prediction: 32, radius: 0.0803, PSR: 1.890397127479476e-06 y: 10
prediction: 82, radius: 0.6397, PSR: 0.00010926584825782138 y: 82
prediction: 205, radius: 0.1809, PSR: 1.4404296328065799e-05 y: 205
prediction: 229, radius: 0.1144, PSR: 4.890324407571642e-06 y: 229
prediction: 51, radius: 0.1316, PSR: 9.203395308331249e-06 y: 51
[91mprediction: -1, radius: 0.0000, PSR: 0.0 y: 139[0m
prediction: 194, radius: 0.1780, PSR: 7.4100707582211455e-06 y: 247
[91mprediction: -1, radius: 0.0000, PSR: 0.0 y: 209[0m
prediction: 178, radius: 0.4005, PSR: 4.7828265391631655e-05 y: 178
prediction: 23, radius: 0.1597, PSR: 5.7999877105473705e-06 y: 23
prediction: 155, radius: 0.3718, PSR: 4.924319480915601e-05 y: 179
[91mprediction: -1, radius: 0.0000, PSR: 0.0 y: 275[0m
prediction: 33, radius: 0.0661, PSR: 1.0134870600546912e-06 y: 26
prediction: 132, radius: 0.0712, PSR: 1.84007874387116e-06 y: 132
prediction: 233, radius: 0.3337, PSR: 2.8380050854234065e-05 y: 233
prediction: 33, radius: 0.2728, PSR: 2.0954461843449094e-05 y: 15
prediction: 10, radius: 0.4823, PSR: 7.192516561717046e-05 y: 32
prediction: 64, radius: 0.0947, PSR: 3.1295121359038332e-06 y: 64
prediction: 195, radius: 0.0429, PSR: 7.330312814450059e-07 y: 195
prediction: 110, radius: 0.4663, PSR: 8.930571554215499e-05 y: 110
prediction: 165, radius: 0.3266, PSR: 2.7942677057973344e-05 y: 165
prediction: 42, radius: 0.5339, PSR: 8.751737699796157e-05 y: 42
prediction: 217, radius: 0.2118, PSR: 1.2493436214734924e-05 y: 217
prediction: 184, radius: 0.0832, PSR: 2.279425340153917e-06 y: 252
prediction: 21, radius: 0.2847, PSR: 1.8512556782247052e-05 y: 21
prediction: 268, radius: 0.6397, PSR: 0.00017633559355044467 y: 268
[91mprediction: -1, radius: 0.0000, PSR: 0.0 y: 123[0m
prediction: 83, radius: 0.3252, PSR: 4.064004971284379e-05 y: 83
prediction: 55, radius: 0.4620, PSR: 0.00011148298737179858 y: 55
prediction: 182, radius: 0.1277, PSR: 4.886769472340979e-06 y: 239
prediction: 162, radius: 0.4379, PSR: 6.729559014022232e-05 y: 162
prediction: 195, radius: 0.1892, PSR: 1.107425007781116e-05 y: 230
prediction: 186, radius: 0.6228, PSR: 0.0001243993237336799 y: 186
prediction: 169, radius: 0.3186, PSR: 2.5517673088486887e-05 y: 169
prediction: 235, radius: 0.6397, PSR: 0.00010327793257356197 y: 235
prediction: 194, radius: 0.2265, PSR: 1.667527361775307e-05 y: 187
prediction: 160, radius: 0.4769, PSR: 8.703220726951973e-05 y: 160
prediction: 92, radius: 0.3893, PSR: 5.378235570784932e-05 y: 92
prediction: 57, radius: 0.2162, PSR: 2.020200945493391e-05 y: 57
prediction: 23, radius: 0.2913, PSR: 1.906207688656431e-05 y: 6
[91mprediction: -1, radius: 0.0000, PSR: 0.0 y: 180[0m
prediction: 176, radius: 0.3415, PSR: 4.0000281582970384e-05 y: 176
prediction: 253, radius: 0.2153, PSR: 1.8785437525083208e-05 y: 254
prediction: 173, radius: 0.6397, PSR: 0.00012257134095244784 y: 173
prediction: 58, radius: 0.4224, PSR: 6.755285969886608e-05 y: 58
[91mprediction: -1, radius: 0.0000, PSR: 0.0 y: 19[0m
prediction: 44, radius: 0.2959, PSR: 4.030911485589985e-05 y: 44
[91mprediction: -1, radius: 0.0000, PSR: 0.0 y: 58[0m
prediction: 65, radius: 0.1125, PSR: 5.7864978423558496e-06 y: 65
prediction: 112, radius: 0.4611, PSR: 7.375626079006667e-05 y: 112
prediction: 193, radius: 0.2561, PSR: 2.080342662375968e-05 y: 193
prediction: 200, radius: 0.4026, PSR: 5.051742882100898e-05 y: 200
prediction: 194, radius: 0.0327, PSR: 4.0957200037361653e-07 y: 194
prediction: 62, radius: 0.2372, PSR: 2.559548283430717e-05 y: 74
prediction: 136, radius: 0.2261, PSR: 1.764270222325566e-05 y: 136
prediction: 117, radius: 0.4547, PSR: 9.26502987253691e-05 y: 117
prediction: 205, radius: 0.3856, PSR: 5.4821555272800365e-05 y: 205
prediction: 222, radius: 0.4611, PSR: 8.435509163339745e-05 y: 222
prediction: 46, radius: 0.1547, PSR: 9.25094545397315e-06 y: 46
[91mprediction: -1, radius: 0.0000, PSR: 0.0 y: 107[0m
prediction: 243, radius: 0.0517, PSR: 8.012027609676622e-07 y: 243
[91mprediction: -1, radius: 0.0000, PSR: 0.0 y: 230[0m
prediction: 0, radius: 0.0756, PSR: 1.5963950684981496e-06 y: 28
prediction: 104, radius: 0.6397, PSR: 9.545214545253403e-05 y: 104
prediction: 255, radius: 0.5011, PSR: 0.00012020248648815466 y: 263
prediction: 230, radius: 0.4905, PSR: 5.8389672652305024e-05 y: 206
prediction: 260, radius: 0.5637, PSR: 0.00010242951342971747 y: 263
prediction: 20, radius: 0.6397, PSR: 9.282252804917611e-05 y: 39
prediction: 33, radius: 0.1806, PSR: 8.383837641196439e-06 y: 36
prediction: 88, radius: 0.2538, PSR: 2.372130881004041e-05 y: 88
prediction: 109, radius: 0.4790, PSR: 6.649778263036946e-05 y: 109
prediction: 267, radius: 0.2521, PSR: 1.8466993810744052e-05 y: 259
prediction: 181, radius: 0.1540, PSR: 9.157199602661558e-06 y: 185
prediction: 153, radius: 0.6228, PSR: 0.00014293792024885527 y: 153
prediction: 193, radius: 0.1675, PSR: 7.1688773113087965e-06 y: 193
prediction: 70, radius: 0.1000, PSR: 3.249082466937264e-06 y: 95
prediction: 150, radius: 0.2155, PSR: 1.8044753665268674e-05 y: 150
prediction: 146, radius: 0.5138, PSR: 6.281583703678748e-05 y: 146
prediction: 67, radius: 0.1394, PSR: 7.060081820204593e-06 y: 103
prediction: 50, radius: 0.2828, PSR: 3.444442030150661e-05 y: 50
prediction: 268, radius: 0.6397, PSR: 0.0001857291852465348 y: 268
prediction: 16, radius: 0.2476, PSR: 1.6678254868187768e-05 y: 18
prediction: 112, radius: 0.2928, PSR: 3.553093401298122e-05 y: 112
prediction: 244, radius: 0.3222, PSR: 2.682555149689274e-05 y: 244
prediction: 157, radius: 0.2830, PSR: 2.45187004532165e-05 y: 204
prediction: 265, radius: 0.0060, PSR: 1.4591104646261876e-08 y: 265
prediction: 119, radius: 0.2821, PSR: 2.9766417717693537e-05 y: 119
prediction: 217, radius: 0.3647, PSR: 4.6727389240423735e-05 y: 217
prediction: 121, radius: 0.5173, PSR: 6.858070684336526e-05 y: 121
prediction: 218, radius: 0.0596, PSR: 1.5564307808408211e-06 y: 218
prediction: 241, radius: 0.0861, PSR: 1.961985595217665e-06 y: 241
prediction: 271, radius: 0.2782, PSR: 3.259354294373769e-05 y: 271
prediction: 146, radius: 0.5499, PSR: 0.0001183704121474659 y: 146
prediction: 175, radius: 0.3080, PSR: 3.144411074364293e-05 y: 175
prediction: 16, radius: 0.0094, PSR: 1.9609290145342192e-08 y: 21
prediction: 273, radius: 0.5230, PSR: 9.45468551522238e-05 y: 273
prediction: 198, radius: 0.0955, PSR: 3.153685158363792e-06 y: 198
prediction: 194, radius: 0.2156, PSR: 1.0889005141418607e-05 y: 249
prediction: 18, radius: 0.1934, PSR: 8.645020748178542e-06 y: 33
prediction: 59, radius: 0.4812, PSR: 8.262034764773965e-05 y: 59
prediction: 249, radius: 0.3096, PSR: 3.308087337848212e-05 y: 249
[91mprediction: -1, radius: 0.0000, PSR: 0.0 y: 231[0m
prediction: 241, radius: 0.1290, PSR: 6.326756198574957e-06 y: 241
prediction: 173, radius: 0.2972, PSR: 3.432806660997064e-05 y: 173
prediction: 67, radius: 0.3907, PSR: 6.055779477296574e-05 y: 67
prediction: 171, radius: 0.2534, PSR: 1.9309573075460148e-05 y: 172
[91mprediction: -1, radius: 0.0000, PSR: 0.0 y: 64[0m
[91mprediction: -1, radius: 0.0000, PSR: 0.0 y: 173[0m
[91mprediction: -1, radius: 0.0000, PSR: 0.0 y: 133[0m
prediction: 62, radius: 0.0872, PSR: 3.511007003423341e-06 y: 62
prediction: 162, radius: 0.1193, PSR: 4.324346276158503e-06 y: 177
prediction: 61, radius: 0.1929, PSR: 1.8130971990746077e-05 y: 61
prediction: 228, radius: 0.2804, PSR: 2.8979255569467026e-05 y: 228
prediction: 87, radius: 0.2785, PSR: 2.2465539120972595e-05 y: 87
prediction: 141, radius: 0.2562, PSR: 2.2724009102225827e-05 y: 141
prediction: 143, radius: 0.6397, PSR: 0.0001227977406485435 y: 143
prediction: 173, radius: 0.6228, PSR: 0.00012776500468427094 y: 173
prediction: 165, radius: 0.2226, PSR: 1.7093697960090582e-05 y: 165
prediction: 24, radius: 0.1690, PSR: 7.317103606959488e-06 y: 24
prediction: 81, radius: 0.0299, PSR: 4.0488674127973814e-07 y: 81
prediction: 151, radius: 0.6397, PSR: 0.00015018509999963707 y: 151
prediction: 4, radius: 0.0101, PSR: 2.3882808792958087e-08 y: 4
prediction: 18, radius: 0.0386, PSR: 3.431867972931004e-07 y: 21
prediction: 41, radius: 0.3169, PSR: 3.568729141594351e-05 y: 41
prediction: 254, radius: 0.0300, PSR: 4.2829148666311745e-07 y: 254
prediction: 33, radius: 0.4110, PSR: 4.2548896997463685e-05 y: 19
prediction: 98, radius: 0.0811, PSR: 3.1903297049014446e-06 y: 98
prediction: 142, radius: 0.3291, PSR: 3.827207279647522e-05 y: 142
prediction: 226, radius: 0.0001, PSR: 2.751945633392231e-12 y: 192
prediction: 68, radius: 0.4330, PSR: 5.7028617646858094e-05 y: 270
prediction: 66, radius: 0.0289, PSR: 3.189207924352311e-07 y: 66
prediction: 183, radius: 0.2189, PSR: 1.7648901138134695e-05 y: 183
prediction: 127, radius: 0.1322, PSR: 4.967552671937282e-06 y: 127
prediction: 0, radius: 0.0967, PSR: 2.6765968464244564e-06 y: 0
prediction: 48, radius: 0.3818, PSR: 6.386268864722939e-05 y: 48
prediction: 18, radius: 0.4379, PSR: 4.39686492446278e-05 y: 37
prediction: 186, radius: 0.6020, PSR: 9.238900235592187e-05 y: 186
prediction: 179, radius: 0.2531, PSR: 2.1821888275358016e-05 y: 179
prediction: 197, radius: 0.0954, PSR: 2.892383331799e-06 y: 215
prediction: 195, radius: 0.3011, PSR: 2.098043213917994e-05 y: 195
prediction: 154, radius: 0.5271, PSR: 6.935175033896448e-05 y: 154
prediction: 194, radius: 0.0410, PSR: 6.130903684477129e-07 y: 187
prediction: 113, radius: 0.1084, PSR: 4.2409565693886425e-06 y: 141
prediction: 157, radius: 0.2567, PSR: 2.4724953902348545e-05 y: 157
prediction: 8, radius: 0.2121, PSR: 1.0791335782914114e-05 y: 8
prediction: 138, radius: 0.2821, PSR: 2.1166877529618378e-05 y: 138
[91mprediction: -1, radius: 0.0000, PSR: 0.0 y: 209[0m
prediction: 222, radius: 0.2111, PSR: 1.6440144121892956e-05 y: 222
prediction: 25, radius: 0.0590, PSR: 1.0423128153544509e-06 y: 25
prediction: 125, radius: 0.0536, PSR: 1.1661087429779786e-06 y: 125
prediction: 115, radius: 0.5339, PSR: 8.826177439919108e-05 y: 115
prediction: 135, radius: 0.4516, PSR: 7.594827370949422e-05 y: 135
[91mprediction: -1, radius: 0.0000, PSR: 0.0 y: 237[0m
prediction: 194, radius: 0.2630, PSR: 1.7605210906190148e-05 y: 187
prediction: 138, radius: 0.4061, PSR: 5.245909840726509e-05 y: 138
prediction: 206, radius: 0.0563, PSR: 1.1056713127317392e-06 y: 206
prediction: 164, radius: 0.3919, PSR: 4.1078751263137714e-05 y: 164
prediction: 214, radius: 0.0466, PSR: 6.159131809628809e-07 y: 214
prediction: 121, radius: 0.1375, PSR: 6.880024593268712e-06 y: 121
prediction: 19, radius: 0.1721, PSR: 6.768949957314825e-06 y: 16
prediction: 56, radius: 0.0310, PSR: 3.556029549213291e-07 y: 56
prediction: 132, radius: 0.0474, PSR: 8.981536085527238e-07 y: 132
prediction: 260, radius: 0.0271, PSR: 3.5638562133641605e-07 y: 260
prediction: 34, radius: 0.1713, PSR: 6.350592186530177e-06 y: 38
prediction: 122, radius: 0.6397, PSR: 0.00010797226213638302 y: 122
prediction: 184, radius: 0.6397, PSR: 0.00015394061355863002 y: 184
prediction: 157, radius: 0.4342, PSR: 5.8048085596047696e-05 y: 157
prediction: 41, radius: 0.5315, PSR: 9.794859192878556e-05 y: 41
[91mprediction: -1, radius: 0.0000, PSR: 0.0 y: 89[0m
prediction: 226, radius: 0.6112, PSR: 0.00011703110770434558 y: 226
prediction: 179, radius: 0.4061, PSR: 5.652812365693493e-05 y: 179
prediction: 253, radius: 0.1067, PSR: 3.3940025235539045e-06 y: 254
prediction: 2, radius: 0.6397, PSR: 0.00013510984926594566 y: 2
[91mprediction: -1, radius: 0.0000, PSR: 0.0 y: 215[0m
prediction: 201, radius: 0.5315, PSR: 7.658299599271013e-05 y: 201
prediction: 230, radius: 0.4892, PSR: 8.812305500578887e-05 y: 230
prediction: 264, radius: 0.4361, PSR: 8.866012050928099e-05 y: 272
prediction: 67, radius: 0.2339, PSR: 2.5725455837369463e-05 y: 65
prediction: 76, radius: 0.6397, PSR: 0.0001585475265433115 y: 76
[91mprediction: -1, radius: 0.0000, PSR: 0.0 y: 222[0m
prediction: 187, radius: 0.0540, PSR: 8.024966152817138e-07 y: 187
prediction: 261, radius: 0.3535, PSR: 5.858552311999267e-05 y: 261
prediction: 134, radius: 0.2966, PSR: 2.8620593781737592e-05 y: 134
prediction: 117, radius: 0.5531, PSR: 8.915784831648439e-05 y: 117
prediction: 87, radius: 0.3505, PSR: 3.757330998219951e-05 y: 87
prediction: 209, radius: 0.0655, PSR: 1.1813344570780492e-06 y: 204
prediction: 11, radius: 0.3715, PSR: 3.2632921667109835e-05 y: 17
prediction: 154, radius: 0.4672, PSR: 8.674501010796211e-05 y: 154
[91mprediction: -1, radius: 0.0000, PSR: 0.0 y: 58[0m
prediction: 102, radius: 0.0030, PSR: 3.6218493907920695e-09 y: 102
prediction: 228, radius: 0.4235, PSR: 5.9826259985678635e-05 y: 228
prediction: 117, radius: 0.5531, PSR: 8.367792489439072e-05 y: 117
prediction: 224, radius: 0.1448, PSR: 7.819769169041831e-06 y: 224
prediction: 110, radius: 0.3244, PSR: 3.4053002310758214e-05 y: 94
prediction: 191, radius: 0.4646, PSR: 7.570638617196976e-05 y: 191
prediction: 199, radius: 0.1789, PSR: 9.797203983597349e-06 y: 199
prediction: 172, radius: 0.0888, PSR: 3.2332366055224714e-06 y: 172
prediction: 61, radius: 0.1771, PSR: 1.114964565303045e-05 y: 61
prediction: 129, radius: 0.3712, PSR: 4.961412108153181e-05 y: 129
prediction: 207, radius: 0.3676, PSR: 4.803414151072533e-05 y: 207
prediction: 191, radius: 0.4655, PSR: 0.00010159404913342705 y: 242
prediction: 182, radius: 0.1530, PSR: 7.766838727046514e-06 y: 243
prediction: 25, radius: 0.6397, PSR: 0.00012392353694183275 y: 32
prediction: 49, radius: 0.3492, PSR: 4.3270324564598183e-05 y: 49
prediction: 105, radius: 0.1617, PSR: 9.585785448003521e-06 y: 105
prediction: 63, radius: 0.4578, PSR: 6.904176828695121e-05 y: 63
prediction: 108, radius: 0.6397, PSR: 0.00015727685482943944 y: 108
prediction: 147, radius: 0.6228, PSR: 0.00015013428116062672 y: 147
prediction: 46, radius: 0.5637, PSR: 9.198514247955935e-05 y: 46
prediction: 31, radius: 0.0890, PSR: 1.905341673413906e-06 y: 8
prediction: 122, radius: 0.6020, PSR: 0.00012069771845285503 y: 122
prediction: 22, radius: 0.6397, PSR: 0.00011005151582323682 y: 22
prediction: 123, radius: 0.1888, PSR: 1.4657231257536506e-05 y: 123
prediction: 157, radius: 0.0633, PSR: 9.749258820746622e-07 y: 204
prediction: 167, radius: 0.6397, PSR: 0.00011888135349390657 y: 167
prediction: 33, radius: 0.1223, PSR: 3.694425565226716e-06 y: 36
[91mprediction: -1, radius: 0.0000, PSR: 0.0 y: 240[0m
prediction: 192, radius: 0.1241, PSR: 5.294629401360171e-06 y: 215
prediction: 156, radius: 0.5499, PSR: 9.307674182272114e-05 y: 156
[91mprediction: -1, radius: 0.0000, PSR: 0.0 y: 57[0m
prediction: 110, radius: 0.6397, PSR: 0.00010915533822547651 y: 110
prediction: 229, radius: 0.6397, PSR: 0.00010835914231759846 y: 229
prediction: 40, radius: 0.4048, PSR: 4.765166886237463e-05 y: 40
prediction: 9, radius: 0.2910, PSR: 1.9232396616100078e-05 y: 30
[91mprediction: -1, radius: 0.0000, PSR: 0.0 y: 68[0m
prediction: 109, radius: 0.3594, PSR: 4.071014111046901e-05 y: 109
prediction: 42, radius: 0.4405, PSR: 6.412439513850777e-05 y: 42
[91mprediction: -1, radius: 0.0000, PSR: 0.0 y: 93[0m
prediction: 251, radius: 0.4663, PSR: 5.816550428948471e-05 y: 251
prediction: 271, radius: 0.1909, PSR: 1.464997907774902e-05 y: 271
prediction: 80, radius: 0.6397, PSR: 0.00014179462410185417 y: 80
prediction: 246, radius: 0.1152, PSR: 4.157189125624796e-06 y: 246
[91mprediction: -1, radius: 0.0000, PSR: 0.0 y: 133[0m
prediction: 226, radius: 0.4120, PSR: 5.603192114951707e-05 y: 226
prediction: 266, radius: 0.5821, PSR: 0.00012652537655200838 y: 266
prediction: 115, radius: 0.6397, PSR: 0.0001513289272992437 y: 115
prediction: 219, radius: 0.3101, PSR: 2.7027239870308177e-05 y: 219
[91mprediction: -1, radius: 0.0000, PSR: 0.0 y: 33[0m
prediction: 147, radius: 0.1864, PSR: 1.268988408247004e-05 y: 147
prediction: 106, radius: 0.6397, PSR: 0.00023197705864671616 y: 106
prediction: 44, radius: 0.5678, PSR: 0.00010432320808027337 y: 44
[91mprediction: -1, radius: 0.0000, PSR: 0.0 y: 105[0m
prediction: 145, radius: 0.3252, PSR: 3.654453693934792e-05 y: 145
prediction: 80, radius: 0.6397, PSR: 0.00011743358919032817 y: 80
[91mprediction: -1, radius: 0.0000, PSR: 0.0 y: 111[0m
prediction: 252, radius: 0.1875, PSR: 1.1419262092955376e-05 y: 252
prediction: 56, radius: 0.0727, PSR: 2.296842544684202e-06 y: 56
prediction: 269, radius: 0.0348, PSR: 4.3294490955613206e-07 y: 269
prediction: 184, radius: 0.0536, PSR: 1.0574823749492493e-06 y: 218
prediction: 9, radius: 0.0251, PSR: 1.4691271610104906e-07 y: 8
[91mprediction: -1, radius: 0.0000, PSR: 0.0 y: 215[0m
prediction: 237, radius: 0.0446, PSR: 7.355394131539135e-07 y: 237
prediction: 257, radius: 0.0396, PSR: 6.606629314175581e-07 y: 257
prediction: 214, radius: 0.0455, PSR: 7.01465103345212e-07 y: 214
prediction: 257, radius: 0.2779, PSR: 2.7153385074546576e-05 y: 257
prediction: 105, radius: 0.0880, PSR: 2.815823386785359e-06 y: 105
prediction: 55, radius: 0.2538, PSR: 3.0543020261130456e-05 y: 55
[91mprediction: -1, radius: 0.0000, PSR: 0.0 y: 231[0m
prediction: 141, radius: 0.2964, PSR: 2.208637316230549e-05 y: 141
prediction: 78, radius: 0.2634, PSR: 3.288443314628174e-05 y: 78
prediction: 131, radius: 0.0294, PSR: 4.297233144172413e-07 y: 131
prediction: 67, radius: 0.1075, PSR: 4.714944819295473e-06 y: 89
[91mprediction: -1, radius: 0.0000, PSR: 0.0 y: 72[0m
prediction: 156, radius: 0.1552, PSR: 9.662915621836297e-06 y: 156
prediction: 232, radius: 0.3676, PSR: 4.92552494134139e-05 y: 232
prediction: 100, radius: 0.0429, PSR: 8.233832242934798e-07 y: 100
prediction: 176, radius: 0.3599, PSR: 3.974642290037214e-05 y: 176
prediction: 216, radius: 0.1266, PSR: 6.564759982167508e-06 y: 216
[91mprediction: -1, radius: 0.0000, PSR: 0.0 y: 21[0m
prediction: 64, radius: 0.2299, PSR: 1.651100575385364e-05 y: 64
prediction: 47, radius: 0.1652, PSR: 1.2787750929991538e-05 y: 47
prediction: 157, radius: 0.0523, PSR: 9.439863168615514e-07 y: 204
prediction: 190, radius: 0.3157, PSR: 2.5752731747646936e-05 y: 190
prediction: 72, radius: 0.0285, PSR: 3.9168043336260216e-07 y: 56
prediction: 67, radius: 0.0459, PSR: 8.120474737058183e-07 y: 111
prediction: 165, radius: 0.2786, PSR: 2.713006852547303e-05 y: 165
prediction: 5, radius: 0.5637, PSR: 7.22945408359585e-05 y: 29
prediction: 48, radius: 0.5564, PSR: 0.000116565122949109 y: 48
prediction: 257, radius: 0.6397, PSR: 0.00010427921801138294 y: 257
[91mprediction: -1, radius: 0.0000, PSR: 0.0 y: 64[0m
prediction: 18, radius: 0.3184, PSR: 2.9307855797484296e-05 y: 15
prediction: 102, radius: 0.0191, PSR: 1.6299222934279748e-07 y: 47
[91mprediction: -1, radius: 0.0000, PSR: 0.0 y: 209[0m
prediction: 251, radius: 0.0231, PSR: 2.6610770998937344e-07 y: 214
prediction: 271, radius: 0.3661, PSR: 5.837687243081957e-05 y: 271
prediction: 16, radius: 0.3434, PSR: 3.1430802889495945e-05 y: 15
prediction: 100, radius: 0.0982, PSR: 3.255607119111295e-06 y: 73
prediction: 67, radius: 0.3993, PSR: 5.603658584638644e-05 y: 103
prediction: 51, radius: 0.2379, PSR: 2.508315382729915e-05 y: 51
prediction: 204, radius: 0.0173, PSR: 1.0554892662479178e-07 y: 170
prediction: 60, radius: 0.0551, PSR: 1.3114361093596246e-06 y: 60
prediction: 235, radius: 0.1361, PSR: 5.078790227470352e-06 y: 235
prediction: 238, radius: 0.3446, PSR: 4.4000845399289824e-05 y: 238
prediction: 136, radius: 0.6397, PSR: 0.00014444712838271849 y: 136
prediction: 92, radius: 0.2907, PSR: 3.711176660336585e-05 y: 92
prediction: 128, radius: 0.4203, PSR: 7.220384240152844e-05 y: 128
prediction: 238, radius: 0.0201, PSR: 1.3397683822331492e-07 y: 238
[91mprediction: -1, radius: 0.0000, PSR: 0.0 y: 224[0m
prediction: 194, radius: 0.0431, PSR: 6.48543970955748e-07 y: 194
[91mprediction: -1, radius: 0.0000, PSR: 0.0 y: 73[0m
prediction: 169, radius: 0.3691, PSR: 3.9233741659094736e-05 y: 169
prediction: 273, radius: 0.1058, PSR: 2.8496249772289734e-06 y: 270
prediction: 171, radius: 0.0921, PSR: 2.6692397264703833e-06 y: 171
prediction: 260, radius: 0.4759, PSR: 8.307408802719736e-05 y: 263
prediction: 137, radius: 0.4193, PSR: 7.004743484307474e-05 y: 137
prediction: 193, radius: 0.0614, PSR: 1.3218834089539422e-06 y: 193
prediction: 178, radius: 0.0013, PSR: 5.678122410111957e-10 y: 233
prediction: 201, radius: 0.0398, PSR: 3.7786118960322547e-07 y: 201
prediction: 151, radius: 0.5414, PSR: 0.00010605040722336182 y: 151
[91mprediction: -1, radius: 0.0000, PSR: 0.0 y: 99[0m
prediction: 177, radius: 0.1738, PSR: 7.783409569648997e-06 y: 189
prediction: 81, radius: 0.1739, PSR: 1.3744381284969854e-05 y: 81
prediction: 182, radius: 0.1514, PSR: 6.00852971874513e-06 y: 168
prediction: 11, radius: 0.1614, PSR: 5.844743551816241e-06 y: 26
Average radius for psr_0.5_std_1: 0.3243268227634474
---------------------------------------------------------------------------------------------------------
prediction: 67, radius: 0.0245, PSR: 2.3181044773021963e-07 y: 90
prediction: 174, radius: 0.0720, PSR: 1.8202624960748458e-06 y: 174
prediction: 0, radius: 0.1067, PSR: 2.9324228165002062e-06 y: 5
prediction: 27, radius: 0.6397, PSR: 0.00010859334098817053 y: 27
prediction: 67, radius: 0.3413, PSR: 4.457029354017833e-05 y: 89
prediction: 20, radius: 0.6397, PSR: 0.00010431584412201257 y: 39
prediction: 131, radius: 0.1764, PSR: 1.0380490991633297e-05 y: 131
prediction: 100, radius: 0.0105, PSR: 3.86860928819321e-08 y: 73
prediction: 119, radius: 0.0012, PSR: 5.541499741254678e-10 y: 119
prediction: 182, radius: 0.0519, PSR: 1.162907557471067e-06 y: 227
prediction: 33, radius: 0.3682, PSR: 3.740564523452258e-05 y: 15
prediction: 87, radius: 0.1594, PSR: 8.715209566872203e-06 y: 87
prediction: 212, radius: 0.0821, PSR: 2.4540001311518792e-06 y: 223
prediction: 59, radius: 0.2755, PSR: 2.9944394823004406e-05 y: 59
prediction: 255, radius: 0.3093, PSR: 4.930027520992075e-05 y: 255
prediction: 20, radius: 0.6397, PSR: 9.83106427151489e-05 y: 39
prediction: 91, radius: 0.6397, PSR: 0.000233033358670041 y: 91
prediction: 18, radius: 0.0919, PSR: 2.0345317856418305e-06 y: 36
prediction: 72, radius: 0.1014, PSR: 4.530068221075027e-06 y: 72
prediction: 47, radius: 0.0711, PSR: 2.2589250966030367e-06 y: 47
prediction: 117, radius: 0.5821, PSR: 9.261476734690157e-05 y: 117
prediction: 179, radius: 0.0208, PSR: 1.447837086187022e-07 y: 164
prediction: 163, radius: 0.1665, PSR: 8.643005774025614e-06 y: 163
prediction: 102, radius: 0.3849, PSR: 6.660231065346408e-05 y: 102
prediction: 203, radius: 0.2363, PSR: 1.630132060491521e-05 y: 166
prediction: 184, radius: 0.2175, PSR: 1.4073275447289313e-05 y: 252
prediction: 19, radius: 0.1093, PSR: 2.7195705132597713e-06 y: 34
prediction: 190, radius: 0.4088, PSR: 4.125140133477317e-05 y: 201
prediction: 132, radius: 0.1279, PSR: 4.712070554844958e-06 y: 132
prediction: 251, radius: 0.0401, PSR: 4.826232942998538e-07 y: 251
prediction: 68, radius: 0.5363, PSR: 0.00010515624377723056 y: 68
prediction: 173, radius: 0.3749, PSR: 4.382060090721256e-05 y: 155
prediction: 238, radius: 0.1792, PSR: 1.3026358084758038e-05 y: 238
prediction: 230, radius: 0.2670, PSR: 2.438122915393736e-05 y: 230
prediction: 92, radius: 0.2105, PSR: 1.9688459552322406e-05 y: 92
prediction: 179, radius: 0.5600, PSR: 0.0001423981669205496 y: 179
[91mprediction: -1, radius: 0.0000, PSR: 0.0 y: 131[0m
prediction: 253, radius: 0.6397, PSR: 0.0001149274472021627 y: 253
prediction: 182, radius: 0.1843, PSR: 1.3433909822862559e-05 y: 182
prediction: 167, radius: 0.6112, PSR: 0.00014018918960861102 y: 167
prediction: 10, radius: 0.3874, PSR: 4.839720648995389e-05 y: 32
prediction: 219, radius: 0.0151, PSR: 6.096389979330467e-08 y: 217
prediction: 222, radius: 0.1966, PSR: 1.709250413625494e-05 y: 222
prediction: 91, radius: 0.6397, PSR: 0.0001757654650816317 y: 91
prediction: 62, radius: 0.3874, PSR: 5.407730970762109e-05 y: 62
prediction: 171, radius: 0.0276, PSR: 1.89156681665218e-07 y: 171
prediction: 69, radius: 0.2555, PSR: 1.621161332094758e-05 y: 69
[91mprediction: -1, radius: 0.0000, PSR: 0.0 y: 251[0m
prediction: 194, radius: 0.3878, PSR: 4.983822129514797e-05 y: 196
prediction: 232, radius: 0.3749, PSR: 4.768308053099878e-05 y: 232
prediction: 150, radius: 0.0659, PSR: 1.6179797347027146e-06 y: 150
prediction: 143, radius: 0.2717, PSR: 3.2325723894957445e-05 y: 143
[91mprediction: -1, radius: 0.0000, PSR: 0.0 y: 270[0m
prediction: 230, radius: 0.1182, PSR: 3.7355025446355017e-06 y: 220
prediction: 258, radius: 0.6397, PSR: 0.0001775065182108747 y: 258
[91mprediction: -1, radius: 0.0000, PSR: 0.0 y: 274[0m
prediction: 74, radius: 0.2673, PSR: 2.2866323676264845e-05 y: 74
prediction: 255, radius: 0.5414, PSR: 9.987824493554687e-05 y: 263
prediction: 167, radius: 0.6397, PSR: 0.00012644593986204625 y: 167
prediction: 148, radius: 0.1686, PSR: 9.888364186449768e-06 y: 155
prediction: 64, radius: 0.1338, PSR: 6.0506991761636806e-06 y: 64
prediction: 137, radius: 0.5120, PSR: 0.00011981462492572165 y: 137
[91mprediction: -1, radius: 0.0000, PSR: 0.0 y: 81[0m
prediction: 177, radius: 0.3161, PSR: 3.306367686703963e-05 y: 177
prediction: 202, radius: 0.2428, PSR: 1.6898847413105395e-05 y: 202
prediction: 65, radius: 0.0515, PSR: 1.1223852163827219e-06 y: 264
prediction: 123, radius: 0.0272, PSR: 3.000178192417248e-07 y: 123
prediction: 100, radius: 0.4578, PSR: 6.429227721465015e-05 y: 100
prediction: 44, radius: 0.5821, PSR: 0.00012590202025511638 y: 44
prediction: 62, radius: 0.3119, PSR: 3.828675453934992e-05 y: 62
prediction: 194, radius: 0.1032, PSR: 3.3607099611280217e-06 y: 196
prediction: 214, radius: 0.2327, PSR: 1.410015143455554e-05 y: 214
[91mprediction: -1, radius: 0.0000, PSR: 0.0 y: 4[0m
prediction: 25, radius: 0.5011, PSR: 8.266761591035492e-05 y: 32
[91mprediction: -1, radius: 0.0000, PSR: 0.0 y: 12[0m
prediction: 264, radius: 0.4178, PSR: 7.521912425179605e-05 y: 264
prediction: 189, radius: 0.1600, PSR: 1.0512688839613248e-05 y: 189
prediction: 214, radius: 0.0622, PSR: 1.0719639989735438e-06 y: 170
[91mprediction: -1, radius: 0.0000, PSR: 0.0 y: 236[0m
prediction: 14, radius: 0.0107, PSR: 2.5305489644205304e-08 y: 13
prediction: 195, radius: 0.5104, PSR: 8.676991742976875e-05 y: 195
prediction: 139, radius: 0.0233, PSR: 2.538120187379593e-07 y: 139
prediction: 132, radius: 0.1071, PSR: 3.50458144112032e-06 y: 132
[91mprediction: -1, radius: 0.0000, PSR: 0.0 y: 211[0m
[91mprediction: -1, radius: 0.0000, PSR: 0.0 y: 53[0m
prediction: 195, radius: 0.0874, PSR: 2.7615483620524983e-06 y: 224
prediction: 56, radius: 0.2181, PSR: 2.3175651488674868e-05 y: 56
prediction: 72, radius: 0.1841, PSR: 1.3237554559214687e-05 y: 72
prediction: 47, radius: 0.0563, PSR: 1.3130189297868997e-06 y: 81
prediction: 157, radius: 0.0450, PSR: 6.413908001777787e-07 y: 170
prediction: 156, radius: 0.4749, PSR: 7.652677663131998e-05 y: 156
prediction: 16, radius: 0.4026, PSR: 3.915337391484175e-05 y: 11
prediction: 197, radius: 0.0438, PSR: 7.436862968674848e-07 y: 197
prediction: 262, radius: 0.0523, PSR: 1.0844393418272473e-06 y: 262
prediction: 135, radius: 0.4700, PSR: 8.872854010212094e-05 y: 135
[91mprediction: -1, radius: 0.0000, PSR: 0.0 y: 231[0m
prediction: 3, radius: 0.6397, PSR: 9.361558865323537e-05 y: 3
prediction: 130, radius: 0.1067, PSR: 4.500387776175519e-06 y: 89
prediction: 110, radius: 0.5678, PSR: 8.531821714713358e-05 y: 110
prediction: 25, radius: 0.4163, PSR: 5.233799081831366e-05 y: 25
prediction: 62, radius: 0.0189, PSR: 1.5168120807560778e-07 y: 74
[91mprediction: -1, radius: 0.0000, PSR: 0.0 y: 70[0m
prediction: 195, radius: 0.2441, PSR: 1.7684648685707924e-05 y: 194
prediction: 167, radius: 0.6397, PSR: 0.0001082710818434805 y: 167
[91mprediction: -1, radius: 0.0000, PSR: 0.0 y: 79[0m
[91mprediction: -1, radius: 0.0000, PSR: 0.0 y: 65[0m
prediction: 223, radius: 0.2156, PSR: 1.5546295383507916e-05 y: 231
prediction: 230, radius: 0.0567, PSR: 8.14808147640592e-07 y: 230
prediction: 208, radius: 0.3021, PSR: 3.3567706237529137e-05 y: 208
prediction: 253, radius: 0.1853, PSR: 1.2951647533904188e-05 y: 254
prediction: 206, radius: 0.1029, PSR: 3.722098900365407e-06 y: 206
[91mprediction: -1, radius: 0.0000, PSR: 0.0 y: 139[0m
prediction: 180, radius: 0.0761, PSR: 1.4597094179794705e-06 y: 180
prediction: 58, radius: 0.0539, PSR: 1.448842071964635e-06 y: 58
prediction: 84, radius: 0.2404, PSR: 2.3344687683956504e-05 y: 84
prediction: 113, radius: 0.1826, PSR: 1.147961396364873e-05 y: 113
prediction: 67, radius: 0.1322, PSR: 7.539427877421011e-06 y: 99
[91mprediction: -1, radius: 0.0000, PSR: 0.0 y: 89[0m
prediction: 193, radius: 0.1685, PSR: 7.6280094547919295e-06 y: 171
prediction: 41, radius: 0.1468, PSR: 8.601377803857742e-06 y: 74
prediction: 16, radius: 0.4256, PSR: 4.343160533620249e-05 y: 18
prediction: 170, radius: 0.1776, PSR: 9.458719651624445e-06 y: 170
prediction: 115, radius: 0.5104, PSR: 7.365739833201508e-05 y: 115
prediction: 117, radius: 0.4880, PSR: 9.964856057729585e-05 y: 117
prediction: 115, radius: 0.4769, PSR: 0.00010041928937256724 y: 115
prediction: 53, radius: 0.0778, PSR: 2.0161628690685632e-06 y: 53
prediction: 132, radius: 0.1373, PSR: 5.79768511517019e-06 y: 132
prediction: 65, radius: 0.2065, PSR: 1.6350170320605548e-05 y: 67
prediction: 32, radius: 0.0909, PSR: 2.422813814478193e-06 y: 10
prediction: 82, radius: 0.6397, PSR: 0.00010925694452061435 y: 82
prediction: 205, radius: 0.1548, PSR: 1.0551262937999501e-05 y: 205
prediction: 229, radius: 0.0901, PSR: 3.031418542431536e-06 y: 229
prediction: 51, radius: 0.1243, PSR: 8.215420919227867e-06 y: 51
[91mprediction: -1, radius: 0.0000, PSR: 0.0 y: 139[0m
prediction: 194, radius: 0.2372, PSR: 1.3155564961727903e-05 y: 247
[91mprediction: -1, radius: 0.0000, PSR: 0.0 y: 209[0m
prediction: 178, radius: 0.3553, PSR: 3.763856714823434e-05 y: 178
prediction: 23, radius: 0.1175, PSR: 3.139879513393772e-06 y: 23
prediction: 155, radius: 0.4193, PSR: 6.262383423773832e-05 y: 179
[91mprediction: -1, radius: 0.0000, PSR: 0.0 y: 275[0m
prediction: 33, radius: 0.0881, PSR: 1.8000693014221077e-06 y: 26
prediction: 132, radius: 0.0436, PSR: 6.914322923936312e-07 y: 132
prediction: 233, radius: 0.2975, PSR: 2.2555868584272923e-05 y: 233
prediction: 33, radius: 0.3066, PSR: 2.6481166995459385e-05 y: 15
prediction: 10, radius: 0.5271, PSR: 8.593035078857099e-05 y: 32
prediction: 64, radius: 0.0843, PSR: 2.478117219082439e-06 y: 64
prediction: 195, radius: 0.0140, PSR: 7.836084563577998e-08 y: 195
prediction: 110, radius: 0.4502, PSR: 8.321106756776902e-05 y: 110
prediction: 165, radius: 0.2802, PSR: 2.0558095304432056e-05 y: 165
prediction: 42, radius: 0.5293, PSR: 8.60257922141775e-05 y: 42
prediction: 217, radius: 0.1887, PSR: 9.916134575738538e-06 y: 217
prediction: 184, radius: 0.1341, PSR: 5.922302658590561e-06 y: 252
prediction: 21, radius: 0.2427, PSR: 1.3446659210511336e-05 y: 21
prediction: 268, radius: 0.6397, PSR: 0.0001763257489698503 y: 268
[91mprediction: -1, radius: 0.0000, PSR: 0.0 y: 123[0m
prediction: 83, radius: 0.3089, PSR: 3.666923074894331e-05 y: 83
prediction: 55, radius: 0.4587, PSR: 0.0001098777694217199 y: 55
prediction: 182, radius: 0.1381, PSR: 5.71275354785994e-06 y: 239
prediction: 162, radius: 0.4267, PSR: 6.388750180825571e-05 y: 162
prediction: 195, radius: 0.2274, PSR: 1.5990510383915694e-05 y: 230
prediction: 186, radius: 0.6228, PSR: 0.00012439218583348437 y: 186
prediction: 169, radius: 0.2922, PSR: 2.1466318913289075e-05 y: 169
prediction: 235, radius: 0.6397, PSR: 0.00010327002678017716 y: 235
prediction: 194, radius: 0.2466, PSR: 1.976658067513134e-05 y: 187
prediction: 160, radius: 0.4386, PSR: 7.359622192508164e-05 y: 160
prediction: 92, radius: 0.3737, PSR: 4.955978542352843e-05 y: 92
prediction: 57, radius: 0.1971, PSR: 1.6783658261590454e-05 y: 57
prediction: 23, radius: 0.3112, PSR: 2.1758637641547094e-05 y: 6
[91mprediction: -1, radius: 0.0000, PSR: 0.0 y: 180[0m
prediction: 176, radius: 0.3105, PSR: 3.3055548090829207e-05 y: 176
prediction: 253, radius: 0.2619, PSR: 2.7800938858066057e-05 y: 254
prediction: 173, radius: 0.6397, PSR: 0.00012256651341079354 y: 173
prediction: 58, radius: 0.4267, PSR: 6.893764186919059e-05 y: 58
[91mprediction: -1, radius: 0.0000, PSR: 0.0 y: 19[0m
prediction: 44, radius: 0.2896, PSR: 3.860183829825642e-05 y: 44
[91mprediction: -1, radius: 0.0000, PSR: 0.0 y: 58[0m
prediction: 65, radius: 0.0975, PSR: 4.351022389389093e-06 y: 65
prediction: 112, radius: 0.4386, PSR: 6.671291113555187e-05 y: 112
prediction: 193, radius: 0.2173, PSR: 1.498111895737584e-05 y: 193
prediction: 200, radius: 0.3647, PSR: 4.143765354922114e-05 y: 200
prediction: 194, radius: 0.0126, PSR: 6.102215260059714e-08 y: 194
prediction: 62, radius: 0.2724, PSR: 3.3744127751497275e-05 y: 74
prediction: 136, radius: 0.2019, PSR: 1.4063293371307987e-05 y: 136
prediction: 117, radius: 0.4509, PSR: 9.111029389673005e-05 y: 117
prediction: 205, radius: 0.3724, PSR: 5.1122864574698336e-05 y: 205
prediction: 222, radius: 0.4509, PSR: 8.064911541695943e-05 y: 222
prediction: 46, radius: 0.1352, PSR: 7.060103171089701e-06 y: 46
[91mprediction: -1, radius: 0.0000, PSR: 0.0 y: 107[0m
prediction: 243, radius: 0.0172, PSR: 8.845122750679569e-08 y: 243
[91mprediction: -1, radius: 0.0000, PSR: 0.0 y: 230[0m
prediction: 0, radius: 0.1302, PSR: 4.733202184937115e-06 y: 28
prediction: 104, radius: 0.6397, PSR: 9.544294929017166e-05 y: 104
prediction: 255, radius: 0.5441, PSR: 0.00014168093207522582 y: 263
prediction: 230, radius: 0.5499, PSR: 7.340312757828125e-05 y: 206
prediction: 260, radius: 0.5769, PSR: 0.00010725443582463697 y: 263
prediction: 20, radius: 0.6397, PSR: 9.281773222489738e-05 y: 39
prediction: 33, radius: 0.2405, PSR: 1.4860727106988852e-05 y: 36
prediction: 88, radius: 0.2449, PSR: 2.2072757560856936e-05 y: 88
prediction: 109, radius: 0.4611, PSR: 6.162293808529956e-05 y: 109
prediction: 267, radius: 0.2966, PSR: 2.5557054907253463e-05 y: 259
prediction: 181, radius: 0.2037, PSR: 1.6012054796848515e-05 y: 185
prediction: 153, radius: 0.6020, PSR: 0.00013355904499743172 y: 153
prediction: 193, radius: 0.1151, PSR: 3.3839983516704454e-06 y: 193
prediction: 70, radius: 0.1355, PSR: 5.967332764381082e-06 y: 95
prediction: 150, radius: 0.1819, PSR: 1.2848408867177824e-05 y: 150
prediction: 146, radius: 0.5087, PSR: 6.159314108361776e-05 y: 146
prediction: 67, radius: 0.1760, PSR: 1.124175723915116e-05 y: 103
prediction: 50, radius: 0.2753, PSR: 3.263460815868941e-05 y: 50
prediction: 268, radius: 0.6397, PSR: 0.00018571657726083456 y: 268
prediction: 16, radius: 0.2558, PSR: 1.7798462523302442e-05 y: 18
prediction: 112, radius: 0.2621, PSR: 2.8472468082489206e-05 y: 112
prediction: 244, radius: 0.2807, PSR: 2.035849820451223e-05 y: 244
prediction: 157, radius: 0.3103, PSR: 2.9480026827091752e-05 y: 204
[91mprediction: -1, radius: 0.0000, PSR: 0.0 y: 265[0m
prediction: 119, radius: 0.2716, PSR: 2.7578368635492997e-05 y: 119
prediction: 217, radius: 0.3468, PSR: 4.2246674740005224e-05 y: 217
prediction: 121, radius: 0.4790, PSR: 5.8796876397793615e-05 y: 121
prediction: 218, radius: 0.0263, PSR: 3.028513186817551e-07 y: 218
prediction: 241, radius: 0.0520, PSR: 7.164595147522422e-07 y: 241
prediction: 271, radius: 0.2620, PSR: 2.890692206227055e-05 y: 271
prediction: 146, radius: 0.5678, PSR: 0.0001261608123725979 y: 146
prediction: 175, radius: 0.2827, PSR: 2.6484291656107064e-05 y: 175
prediction: 16, radius: 0.0310, PSR: 2.1123152944479487e-07 y: 21
prediction: 273, radius: 0.4943, PSR: 8.44340020194106e-05 y: 273
prediction: 198, radius: 0.0745, PSR: 1.9197421241612246e-06 y: 198
prediction: 194, radius: 0.2377, PSR: 1.3235577182784563e-05 y: 249
prediction: 18, radius: 0.2000, PSR: 9.245614668229869e-06 y: 33
prediction: 59, radius: 0.4637, PSR: 7.672511007082711e-05 y: 59
prediction: 249, radius: 0.2878, PSR: 2.8585145280736546e-05 y: 249
[91mprediction: -1, radius: 0.0000, PSR: 0.0 y: 231[0m
prediction: 241, radius: 0.1014, PSR: 3.91318082641078e-06 y: 241
prediction: 173, radius: 0.2587, PSR: 2.6008957977343657e-05 y: 173
prediction: 67, radius: 0.3871, PSR: 5.942425042806675e-05 y: 67
prediction: 171, radius: 0.2914, PSR: 2.554577876855285e-05 y: 172
[91mprediction: -1, radius: 0.0000, PSR: 0.0 y: 64[0m
prediction: 144, radius: 0.0169, PSR: 9.96821654472814e-08 y: 173
[91mprediction: -1, radius: 0.0000, PSR: 0.0 y: 133[0m
prediction: 62, radius: 0.0709, PSR: 2.322730768935022e-06 y: 62
prediction: 162, radius: 0.1674, PSR: 8.51544941967381e-06 y: 177
prediction: 61, radius: 0.1851, PSR: 1.6691368172408406e-05 y: 61
prediction: 228, radius: 0.2509, PSR: 2.3201291477557768e-05 y: 228
prediction: 87, radius: 0.2632, PSR: 2.0073359625353405e-05 y: 87
prediction: 141, radius: 0.2459, PSR: 2.0926761078784246e-05 y: 141
prediction: 143, radius: 0.6397, PSR: 0.00012278973824090799 y: 143
prediction: 173, radius: 0.6020, PSR: 0.00011938520866874158 y: 173
prediction: 165, radius: 0.2010, PSR: 1.3926760891863354e-05 y: 165
prediction: 24, radius: 0.1379, PSR: 4.868686576027808e-06 y: 24
[91mprediction: -1, radius: 0.0000, PSR: 0.0 y: 81[0m
prediction: 151, radius: 0.6397, PSR: 0.00015017763801403132 y: 151
prediction: 0, radius: 0.0214, PSR: 1.0617482197917117e-07 y: 4
prediction: 18, radius: 0.0454, PSR: 4.7462977992957064e-07 y: 21
prediction: 41, radius: 0.2983, PSR: 3.163130237146048e-05 y: 41
[91mprediction: -1, radius: 0.0000, PSR: 0.0 y: 254[0m
prediction: 33, radius: 0.4555, PSR: 5.223718738921881e-05 y: 19
prediction: 98, radius: 0.0501, PSR: 1.2143346504538238e-06 y: 98
prediction: 142, radius: 0.3054, PSR: 3.297353278415273e-05 y: 142
prediction: 226, radius: 0.0054, PSR: 7.887985052101985e-09 y: 192
prediction: 68, radius: 0.4307, PSR: 5.640829980139816e-05 y: 270
prediction: 66, radius: 0.0054, PSR: 1.1013889290678415e-08 y: 66
prediction: 183, radius: 0.1882, PSR: 1.3044772469804928e-05 y: 183
prediction: 127, radius: 0.1040, PSR: 3.0769718461381465e-06 y: 127
prediction: 0, radius: 0.0463, PSR: 6.134077162139036e-07 y: 0
prediction: 48, radius: 0.3650, PSR: 5.834001751101783e-05 y: 48
prediction: 18, radius: 0.4425, PSR: 4.488236585725823e-05 y: 37
prediction: 186, radius: 0.6020, PSR: 9.238289622875748e-05 y: 186
prediction: 179, radius: 0.2018, PSR: 1.3869473703521256e-05 y: 179
prediction: 197, radius: 0.1074, PSR: 3.6668375879190586e-06 y: 215
prediction: 195, radius: 0.2620, PSR: 1.5885001908591535e-05 y: 195
prediction: 154, radius: 0.5120, PSR: 6.543014658449143e-05 y: 154
prediction: 194, radius: 0.0637, PSR: 1.4787692198113563e-06 y: 187
prediction: 113, radius: 0.1570, PSR: 8.886798786701927e-06 y: 141
prediction: 157, radius: 0.2310, PSR: 2.0029914067206563e-05 y: 157
prediction: 8, radius: 0.1783, PSR: 7.6184279467087185e-06 y: 8
prediction: 138, radius: 0.2608, PSR: 1.8081323601642676e-05 y: 138
[91mprediction: -1, radius: 0.0000, PSR: 0.0 y: 209[0m
prediction: 222, radius: 0.1790, PSR: 1.1827131058549498e-05 y: 222
prediction: 25, radius: 0.0235, PSR: 1.6457824548200695e-07 y: 25
prediction: 125, radius: 0.0387, PSR: 6.073323281972306e-07 y: 125
prediction: 115, radius: 0.5173, PSR: 8.287135784867609e-05 y: 115
prediction: 135, radius: 0.4307, PSR: 6.906013998280195e-05 y: 135
prediction: 194, radius: 0.0115, PSR: 4.296563377203323e-08 y: 237
prediction: 194, radius: 0.2859, PSR: 2.0803065033350304e-05 y: 187
prediction: 138, radius: 0.3896, PSR: 4.828824451933017e-05 y: 138
prediction: 206, radius: 0.0075, PSR: 1.9471329052312614e-08 y: 206
prediction: 164, radius: 0.3688, PSR: 3.6379585968924565e-05 y: 164
prediction: 214, radius: 0.0221, PSR: 1.3910660754523935e-07 y: 214
prediction: 121, radius: 0.1218, PSR: 5.394886339343852e-06 y: 121
prediction: 19, radius: 0.2240, PSR: 1.1468163976769565e-05 y: 16
prediction: 56, radius: 0.0008, PSR: 2.386324598248797e-10 y: 56
prediction: 132, radius: 0.0289, PSR: 3.352214716825997e-07 y: 132
[91mprediction: -1, radius: 0.0000, PSR: 0.0 y: 260[0m
prediction: 34, radius: 0.2337, PSR: 1.181286572000824e-05 y: 38
prediction: 122, radius: 0.6397, PSR: 0.00010796334594561206 y: 122
prediction: 184, radius: 0.6397, PSR: 0.00015393098076592102 y: 184
prediction: 157, radius: 0.4245, PSR: 5.548026384542251e-05 y: 157
prediction: 41, radius: 0.5251, PSR: 9.556886903241312e-05 y: 41
[91mprediction: -1, radius: 0.0000, PSR: 0.0 y: 89[0m
prediction: 226, radius: 0.6397, PSR: 0.0001282169044814339 y: 226
prediction: 179, radius: 0.3485, PSR: 4.162254185225477e-05 y: 179
prediction: 253, radius: 0.1435, PSR: 6.144352315548215e-06 y: 254
prediction: 2, radius: 0.6228, PSR: 0.00012804838261499748 y: 2
[91mprediction: -1, radius: 0.0000, PSR: 0.0 y: 215[0m
prediction: 201, radius: 0.4956, PSR: 6.657374672421591e-05 y: 201
prediction: 230, radius: 0.4570, PSR: 7.690217908135492e-05 y: 230
prediction: 264, radius: 0.4823, PSR: 0.00010843332476378032 y: 272
prediction: 67, radius: 0.2466, PSR: 2.8605861646223716e-05 y: 65
prediction: 76, radius: 0.6397, PSR: 0.0001585350952674423 y: 76
[91mprediction: -1, radius: 0.0000, PSR: 0.0 y: 222[0m
prediction: 187, radius: 0.0028, PSR: 2.095595160970114e-09 y: 187
prediction: 261, radius: 0.3470, PSR: 5.644347886584152e-05 y: 261
prediction: 134, radius: 0.2740, PSR: 2.4424598111877292e-05 y: 134
prediction: 117, radius: 0.5600, PSR: 9.137881816632881e-05 y: 117
prediction: 87, radius: 0.3406, PSR: 3.549106208827873e-05 y: 87
prediction: 209, radius: 0.1090, PSR: 3.268539168603199e-06 y: 204
prediction: 11, radius: 0.3985, PSR: 3.754648890428521e-05 y: 17
prediction: 154, radius: 0.4473, PSR: 7.948813665435254e-05 y: 154
[91mprediction: -1, radius: 0.0000, PSR: 0.0 y: 58[0m
prediction: 47, radius: 0.0045, PSR: 8.15098819164928e-09 y: 102
prediction: 228, radius: 0.4065, PSR: 5.5132772738466144e-05 y: 228
prediction: 117, radius: 0.5637, PSR: 8.692107729996954e-05 y: 117
prediction: 224, radius: 0.1165, PSR: 5.065828471835345e-06 y: 224
prediction: 110, radius: 0.3743, PSR: 4.533403832671303e-05 y: 94
prediction: 191, radius: 0.4386, PSR: 6.74692169955368e-05 y: 191
prediction: 199, radius: 0.1610, PSR: 7.940582627866996e-06 y: 199
prediction: 172, radius: 0.0542, PSR: 1.2062519996769744e-06 y: 172
prediction: 61, radius: 0.1676, PSR: 9.989901075113027e-06 y: 61
prediction: 129, radius: 0.3572, PSR: 4.593985303190531e-05 y: 129
prediction: 207, radius: 0.3569, PSR: 4.5287143507795716e-05 y: 207
prediction: 191, radius: 0.4956, PSR: 0.00011517318257429797 y: 242
prediction: 182, radius: 0.1896, PSR: 1.1930181703153887e-05 y: 243
prediction: 25, radius: 0.6397, PSR: 0.0001239150928928489 y: 32
prediction: 49, radius: 0.3248, PSR: 3.7427447912311265e-05 y: 49
prediction: 105, radius: 0.1326, PSR: 6.44421506424555e-06 y: 105
prediction: 63, radius: 0.4729, PSR: 7.365392638232627e-05 y: 63
prediction: 108, radius: 0.6397, PSR: 0.000157265141338514 y: 108
prediction: 147, radius: 0.6397, PSR: 0.0001583961916349523 y: 147
prediction: 46, radius: 0.5821, PSR: 9.806571063071609e-05 y: 46
prediction: 31, radius: 0.1070, PSR: 2.7497145135048792e-06 y: 8
prediction: 122, radius: 0.5769, PSR: 0.00011080794223967386 y: 122
prediction: 22, radius: 0.6397, PSR: 0.00011004436446018982 y: 22
prediction: 123, radius: 0.1760, PSR: 1.2748303077862006e-05 y: 123
prediction: 157, radius: 0.0856, PSR: 1.7805381301184243e-06 y: 204
prediction: 167, radius: 0.6397, PSR: 0.00011887448848399674 y: 167
prediction: 33, radius: 0.1464, PSR: 5.290640462538269e-06 y: 36
[91mprediction: -1, radius: 0.0000, PSR: 0.0 y: 240[0m
prediction: 192, radius: 0.1437, PSR: 7.100052418515955e-06 y: 215
prediction: 156, radius: 0.5769, PSR: 0.00010240845797886184 y: 156
[91mprediction: -1, radius: 0.0000, PSR: 0.0 y: 57[0m
prediction: 110, radius: 0.6397, PSR: 0.00010914769719599223 y: 110
prediction: 229, radius: 0.6397, PSR: 0.00010835200858553121 y: 229
prediction: 40, radius: 0.3605, PSR: 3.778490525138282e-05 y: 40
prediction: 9, radius: 0.3205, PSR: 2.3329634548525435e-05 y: 30
prediction: 72, radius: 0.0328, PSR: 5.093618313608993e-07 y: 68
prediction: 109, radius: 0.3427, PSR: 3.7023512404098645e-05 y: 109
prediction: 42, radius: 0.4438, PSR: 6.50906834706374e-05 y: 42
[91mprediction: -1, radius: 0.0000, PSR: 0.0 y: 93[0m
prediction: 251, radius: 0.4425, PSR: 5.2363434080092285e-05 y: 251
prediction: 271, radius: 0.1563, PSR: 9.818943117456822e-06 y: 271
prediction: 80, radius: 0.6397, PSR: 0.00014178675332518424 y: 80
prediction: 246, radius: 0.0802, PSR: 2.0151670907419086e-06 y: 246
[91mprediction: -1, radius: 0.0000, PSR: 0.0 y: 133[0m
prediction: 226, radius: 0.3762, PSR: 4.67218117410962e-05 y: 226
prediction: 266, radius: 0.5821, PSR: 0.00012651920973704564 y: 266
prediction: 115, radius: 0.6397, PSR: 0.00015131958451472936 y: 115
prediction: 219, radius: 0.2914, PSR: 2.3862658332078894e-05 y: 219
[91mprediction: -1, radius: 0.0000, PSR: 0.0 y: 33[0m
prediction: 147, radius: 0.1694, PSR: 1.048528466937649e-05 y: 147
prediction: 106, radius: 0.6397, PSR: 0.00023196555046224064 y: 106
prediction: 44, radius: 0.5293, PSR: 9.066496558010551e-05 y: 44
[91mprediction: -1, radius: 0.0000, PSR: 0.0 y: 105[0m
prediction: 145, radius: 0.3135, PSR: 3.3972032595719736e-05 y: 145
prediction: 80, radius: 0.6397, PSR: 0.0001174271806610725 y: 80
prediction: 65, radius: 0.0131, PSR: 7.684179520450727e-08 y: 111
prediction: 252, radius: 0.1631, PSR: 8.641873565902096e-06 y: 252
prediction: 56, radius: 0.0534, PSR: 1.2395623360497815e-06 y: 56
prediction: 269, radius: 0.0162, PSR: 9.359421214812455e-08 y: 269
prediction: 184, radius: 0.1031, PSR: 3.918048174776073e-06 y: 218
prediction: 9, radius: 0.0325, PSR: 2.459884044055571e-07 y: 8
[91mprediction: -1, radius: 0.0000, PSR: 0.0 y: 215[0m
prediction: 237, radius: 0.0065, PSR: 1.5719017170562017e-08 y: 237
prediction: 257, radius: 0.0280, PSR: 3.304695070065522e-07 y: 257
prediction: 214, radius: 0.0147, PSR: 7.291622588365243e-08 y: 214
prediction: 257, radius: 0.2592, PSR: 2.3614082645088823e-05 y: 257
prediction: 105, radius: 0.0622, PSR: 1.4078824026307482e-06 y: 105
prediction: 55, radius: 0.2370, PSR: 2.66255724189711e-05 y: 55
[91mprediction: -1, radius: 0.0000, PSR: 0.0 y: 231[0m
prediction: 141, radius: 0.2684, PSR: 1.811461558325561e-05 y: 141
prediction: 78, radius: 0.2474, PSR: 2.902026624067906e-05 y: 78
prediction: 131, radius: 0.0288, PSR: 4.1061747622553063e-07 y: 131
prediction: 67, radius: 0.1192, PSR: 5.791942245025386e-06 y: 89
[91mprediction: -1, radius: 0.0000, PSR: 0.0 y: 72[0m
prediction: 156, radius: 0.1419, PSR: 8.078912524021435e-06 y: 156
prediction: 232, radius: 0.3418, PSR: 4.257857064336426e-05 y: 232
prediction: 100, radius: 0.0225, PSR: 2.2777846241570482e-07 y: 100
prediction: 176, radius: 0.3434, PSR: 3.6184893036772804e-05 y: 176
prediction: 216, radius: 0.1001, PSR: 4.10064809892233e-06 y: 216
[91mprediction: -1, radius: 0.0000, PSR: 0.0 y: 21[0m
prediction: 64, radius: 0.2200, PSR: 1.5122710909489063e-05 y: 64
prediction: 47, radius: 0.1595, PSR: 1.1929605934386893e-05 y: 47
prediction: 157, radius: 0.0881, PSR: 2.681619709734551e-06 y: 204
prediction: 190, radius: 0.2904, PSR: 2.177621513560213e-05 y: 190
prediction: 72, radius: 0.0620, PSR: 1.8522102377369043e-06 y: 56
prediction: 67, radius: 0.0608, PSR: 1.4226520605524663e-06 y: 111
prediction: 165, radius: 0.2443, PSR: 2.0858360335593577e-05 y: 165
prediction: 5, radius: 0.6228, PSR: 8.82337203691012e-05 y: 29
prediction: 48, radius: 0.5637, PSR: 0.00011963812747445727 y: 48
prediction: 257, radius: 0.6397, PSR: 0.00010427211809693755 y: 257
[91mprediction: -1, radius: 0.0000, PSR: 0.0 y: 64[0m
prediction: 18, radius: 0.3193, PSR: 2.9481057083899305e-05 y: 15
prediction: 102, radius: 0.0383, PSR: 6.542799484013053e-07 y: 47
[91mprediction: -1, radius: 0.0000, PSR: 0.0 y: 209[0m
prediction: 251, radius: 0.0346, PSR: 6.011588688544164e-07 y: 214
prediction: 271, radius: 0.3583, PSR: 5.589831330786542e-05 y: 271
prediction: 16, radius: 0.3613, PSR: 3.478537486574692e-05 y: 15
prediction: 100, radius: 0.1131, PSR: 4.314243946423631e-06 y: 73
prediction: 67, radius: 0.4229, PSR: 6.285808694965058e-05 y: 103
prediction: 51, radius: 0.2234, PSR: 2.2107045526169017e-05 y: 51
prediction: 204, radius: 0.0495, PSR: 8.59757256422001e-07 y: 170
prediction: 60, radius: 0.0320, PSR: 4.4153037879833957e-07 y: 60
prediction: 235, radius: 0.0909, PSR: 2.267854831606721e-06 y: 235
prediction: 238, radius: 0.3278, PSR: 3.9821132231464165e-05 y: 238
prediction: 136, radius: 0.6228, PSR: 0.00013689785668301072 y: 136
prediction: 92, radius: 0.2856, PSR: 3.5827608135849134e-05 y: 92
prediction: 128, radius: 0.3957, PSR: 6.399162559877465e-05 y: 128
[91mprediction: -1, radius: 0.0000, PSR: 0.0 y: 238[0m
[91mprediction: -1, radius: 0.0000, PSR: 0.0 y: 224[0m
prediction: 194, radius: 0.0075, PSR: 1.9545405151392522e-08 y: 194
[91mprediction: -1, radius: 0.0000, PSR: 0.0 y: 73[0m
prediction: 169, radius: 0.3420, PSR: 3.368822900183484e-05 y: 169
prediction: 273, radius: 0.1261, PSR: 4.047697267672569e-06 y: 270
prediction: 171, radius: 0.0657, PSR: 1.3581951476975385e-06 y: 171
prediction: 260, radius: 0.5026, PSR: 9.265335192220208e-05 y: 263
prediction: 137, radius: 0.3981, PSR: 6.313827505008606e-05 y: 137
prediction: 193, radius: 0.0171, PSR: 1.0315014768183742e-07 y: 193
prediction: 178, radius: 0.0588, PSR: 1.1552600609045795e-06 y: 233
[91mprediction: -1, radius: 0.0000, PSR: 0.0 y: 201[0m
prediction: 151, radius: 0.5499, PSR: 0.00010942627023828995 y: 151
[91mprediction: -1, radius: 0.0000, PSR: 0.0 y: 99[0m
prediction: 177, radius: 0.2264, PSR: 1.32114159334813e-05 y: 189
prediction: 81, radius: 0.1472, PSR: 9.840603483354076e-06 y: 81
prediction: 182, radius: 0.2006, PSR: 1.0542753727397707e-05 y: 168
prediction: 11, radius: 0.1660, PSR: 6.1815429158222335e-06 y: 26
Average radius for psr_0.5_std_1: 0.3195931815095069
---------------------------------------------------------------------------------------------------------
